recording_name,age_months,exp_to_target_lang,fre_exp,eng_exp,mean_prop_looking,sd_prop_looking,mean_prop_looking_diff,sd_prop_looking_diff,mean_number_fixations,sd_number_fixations,prop_shift_distractor_initial,sd_prop_shift_distractor_initial,mean_prop_shift_target_initial,sd_prop_shift_target_initial,mean_RT,sd_RT,total_aoi_switches,mean_duration_of_look,sd_duration_of_look,mean_peak_pupil_size_difference,sd_peak_pupil_size_difference,mean_mean_pupil_size_difference,sd_mean_pupil_size_difference,mean_peak_pupil_latency,sd_peak_pupil_latencey,mean_first_look_dur,sd_first_look_dur,exp_to_target_lang_centred,age_months_centred
CompMix36_S01_88272000_F1,46,65,65,35,0.7630687932986401,0.3091586373028706,0.330188679245283,0.42540092007763153,1.1666666666666667,0.408248290463863,1,0,0.6666666666666666,0.5773502691896257,403,470.93311627024065,4,1636.1111111111113,804.5299985199548,-0.019999999999999723,0.12798437404620916,-0.0285187198067632,0.0891977782709901,235.66666666666666,124.35862119960429,1752.7777777777778,805.9788160068799,0.15000000000000002,21
CompMix36_S04_82812000_F1,39,70,70,30,0.7916164948706362,0.15271816988756298,0.5167714884696017,0.23584206838004718,1.7142857142857142,0.7559289460184544,1,0,0.2,0.44721359549995793,404,0,9,1326.1904761904764,645.4690472867703,0.06571428571428571,0.06438352347641504,0.041511904761904805,0.04952387725117473,468.57142857142856,156.3765297211159,1278.5714285714287,794.7579578967496,0.19999999999999996,14
CompMix36_S21_503484000_F1,37,50,50,50,0.7555604028998525,0.193708726044422,0.2908805031446541,0.21429073713444455,2.4,1.6733200530681511,1,NA,0.3333333333333333,0.5773502691896257,337,NA,6,677.1111111111111,326.1149914590266,0.0924999999999998,0.05500000000000007,0.07385416666666655,0.049443073092717955,266.75,135.05893775188176,713.3333333333334,229.85502677412416,0,12
CompMix36_S25_93468000_F1,37,90,90,10,0.827773962810647,0.16910488106016242,0.60062893081761,0.15784785326593873,2.5714285714285716,0.7867957924694432,1,0,0.75,0.5,270.3333333333333,117.00142449275279,5,707.1428571428572,275.43856323398535,0.13999999999999993,0.12144957801491128,0.09628061224489803,0.14276452964530828,330.85714285714283,250.53371600872975,873.8095238095239,475.88680793677605,0.4,12
CompMix36_S28_502428000_F1,38,40,40,60,0.6134071390230811,0.4257391990985589,0.4528301886792453,0.16899407349112458,1.3333333333333333,0.5773502691896257,1,NA,NA,NA,737,NA,2,1113.888888888889,321.9227535593892,0.2616666666666669,0.21501937897160162,0.18475766283524905,0.14710146149854442,605.3333333333334,79.21068951431576,1277.7777777777778,184.34066692263391,-0.09999999999999998,13
CompMix36_S13_536412000_F2,40.43333333333333,70,70,40,0.6689027348188306,0.09964317967812192,0.25943396226415094,0.24355002481090718,1.5,0.5477225575051661,1,0,0,NA,503.5,143.60478172168686,10,1151.388888888889,638.3228168556398,0.07699999999999996,0.07370549504616336,0.04851904761904757,0.036972746137068205,426.4,197.4659464312771,1019.4444444444446,593.9899612569847,0.19999999999999996,15.43333333333333
CompMix36_S15_97932000_F2,39.46666666666667,45,45,50,0.5037611940298508,0.5540339938084925,NA,NA,1,NA,0.5,0.7071067811865476,NA,NA,253,NA,2,1833.3333333333335,NA,-0.0024999999999999467,0.03181980515339522,0.06308333333333338,0.0315841028929991,266.5,352.8462838120872,283.33333333333337,NA,-0.04999999999999999,14.466666666666669
CompMix36_S17_94332000_F2,38,40,40,60,0.7715657638170531,0.23810996572985435,0.48427672955974843,0.3052930029675096,2.25,0.8864052604279183,1,NA,0.7142857142857143,0.4879500364742666,137,NA,10,858.6805555555557,286.7689213314835,0.1312500000000001,0.14834202756756812,0.08938839285714284,0.10499294809828161,441.125,146.54149826682445,960.4166666666667,431.4921967695544,-0.09999999999999998,13
CompMix36_S24_545388000_F2,41,40,40,60,0.6432027358479689,0.22515641366448572,0.21278825995807132,0.30354410558681,1.1428571428571428,0.3779644730092272,1,0,0.6666666666666666,0.5773502691896257,664.3333333333334,78.6468901694996,10,1428.5714285714287,649.6946779858788,0.04083333333333335,0.07095186161522944,-0.02736111111111117,0.032157972342565,213.5,238.7825370499275,1176.1904761904764,696.1439521509917,-0.09999999999999998,16
CompMix36_S30_109320000_F2,40.2,60,60,40,0.5600123547387575,0.2454567743803768,0.11556603773584904,0.27725869325714303,1,0,1,NA,0.3333333333333333,0.5163977794943222,403,NA,8,1366.6666666666667,637.8908699023383,0.07187500000000013,0.03514637758209033,0.04839583333333336,0.038725677210306154,379,122.92506428133942,1354.1666666666667,637.0037751252418,0.09999999999999998,15.200000000000003
CompMix36_S03_86508000_E1,43.2,30,70,30,0.7747605899492489,0.21363556963503133,0.5196540880503145,0.2461669400412153,1.875,1.246423454758225,1,0,0.25,0.5,332.75,62.76078924509049,8,1368.0555555555557,804.823148165877,0.08437499999999992,0.18276521824461012,0.07306645114942528,0.18948441901124313,303.875,56.74111006517736,1202.0833333333335,929.0478783773527,-0.2,18.200000000000003
CompMix36_S05_96120000_E1,46,40,60,40,0.7089751901462084,0.10997736006745137,0.36242138364779874,0.16132806668205263,1.375,0.7440238091428449,1,0,0,0,548,208.54495918146762,11,1388.5416666666667,578.9107433875483,0.17500000000000004,0.13082157969649236,0.08570833333333328,0.0889321571279398,451.875,189.53434479571996,1285.4166666666667,664.4867633972544,-0.09999999999999998,21
CompMix36_S06_93168000_E1,44.333333333333336,50,50,50,0.76544876160307,0.2581189292774967,0.5408805031446541,0.19439287431997707,1.1666666666666667,0.408248290463863,1,0,0.75,0.5,503,70.71067811865476,5,1765.2777777777778,789.0996392983213,0.1183333333333334,0.07593857166596361,0.08253359332238637,0.07731829846750161,344.1666666666667,216.09018179146102,1716.6666666666667,881.8541073594128,0,19.333333333333336
CompMix36_S26_83640000_E1,44,40,60,40,0.9193548387096774,0.1396815167394256,0.7012578616352201,0.15565243611024634,2.3333333333333335,1.5275252316519468,1,NA,1,0,504,NA,1,1262.5,1220.6200041144846,0.18333333333333326,0.07522189397597809,0.14374999999999982,0.06475471883277009,427.3333333333333,150.83876601634387,1344.4444444444446,1130.920634475064,-0.09999999999999998,19
CompMix36_S29_98280000_E1,40.43333333333333,20,80,20,0.8449645728843245,0.11489354730261321,0.8647798742138365,0.004447212460292751,1,0,1,0,1,NA,511.75,243.30690495750423,4,2233.3333333333335,302.76503540974915,-0.052999999999999846,0.22146105752479375,-0.0889214285714286,0.2532370873999447,216.6,156.27635777685632,2200,297.2092416687834,-0.3,15.43333333333333
CompMix36_S07_535140000_E2,41.266666666666666,50,50,50,0.6918460874048107,0.24122311750424003,0.4088050314465409,0.08894424920585506,1.8,1.0954451150103321,1,0,NA,NA,411.5,106.77312395916867,8,961.1111111111112,638.7560248320632,0.47300000000000003,0.5896460802888459,0.11490506792058523,0.1635114134939953,516.2,103.22645009879977,575,541.6880337666007,0,16.266666666666666
CompMix36_S14_94020000_E2,38,55,45,55,0.7584040938002349,0.23927402147685262,0.5,0.24504100300349882,1.375,0.5175491695067657,1,0,0.6666666666666666,0.5773502691896257,499,410.72780930116403,7,1611.4583333333335,726.9873896310305,0.08437499999999992,0.20574668023706102,0.024151123301985433,0.160674955809891,410.125,182.04900242987952,1322.9166666666667,776.8954036766908,0.050000000000000044,13
CompMix36_S20_85212000_E2,48,20,80,20,0.8535590598745346,0.07791693286507569,0.60062893081761,0.15645810998052287,1.25,0.4629100498862757,1,0,0.3333333333333333,0.5773502691896257,403.5,188.79751057680818,8,1653.125,554.2035881005212,0.05187499999999984,0.15480258165067634,0.011970905172413837,0.1521543893701621,437.125,186.3042346731358,1533.3333333333335,704.0698017343776,-0.3,23
Mix_20_S29,21.033333333333335,42,58,42,0.5,0.7071067811865476,NA,NA,2,NA,NA,NA,1,NA,NA,NA,0,1250,NA,0.16249999999999987,0.0601040764008562,0.09404166666666658,0.1326414470375766,625,35.35533905932738,216.66666666666669,NA,-0.08000000000000002,-3.966666666666665
Mix_20_S36,21.3,62,38,62,0.34273913969032865,0.1499118277820596,-0.35227389516957863,0.0515162960620077,1.3333333333333333,0.5163977794943222,0.6,0.5477225575051661,0,NA,629.6666666666666,588.6258007710275,8,627.7777777777778,331.2714004268113,0.06750000000000012,0.10930462021342016,0.034861111111111155,0.07297498937357973,524.5,174.6490767224379,508.33333333333337,399.54835613338327,0.12,-3.6999999999999993
Mix_20_S41,20.5,29,71,29,0.6994887218045113,0.4414107070406469,0.24274135119070722,0.26371957090143083,1.25,0.5,1,NA,1,0,836,NA,1,1643.7500000000002,673.0725223706361,0.019999999999999928,0.13883443376914825,-0.06768571428571431,0.10327532131458307,326.2,267.40175766064067,1650.0000000000002,680.8219433291781,-0.21000000000000002,-4.5
Mix_20_S45,20.366666666666667,91,9,91,0.6738095238095239,0.2256007349499938,NA,NA,1.5,0.7071067811865476,1,NA,0,NA,219,NA,2,320.83333333333337,41.24789556921526,0.019999999999999796,0.014142135623730963,0.025499999999999856,0.02628080203409979,416.5,235.46655813512032,250.00000000000003,NA,0.41000000000000003,-4.633333333333333
Mix_14_S30,14.466666666666667,24.1,75.9,24.1,0.6767344497607656,0.46071774123821374,0.02908977166093208,0.010395376514159381,1.3333333333333333,0.5773502691896257,0,NA,0.6666666666666666,0.5773502691896257,NA,NA,1,1686.1111111111113,662.2946921569427,0.050000000000000044,0.02483277404291879,-0.04960416666666656,0.03194616239341846,391.25,235.63584192562897,1461.1111111111113,880.235658681705,-0.259,-10.533333333333333
Mix_14_S32,14.133333333333333,69,28,69,0.48979878805677324,0.2712890022540074,0.11467293556459182,0.20085782372440203,1.1666666666666667,0.408248290463863,0.6666666666666666,0.5773502691896257,0,0,694,247.48737341529164,9,918.0555555555557,438.88800984440803,0.036666666666666625,0.045680046701669204,0.005944444444444456,0.049578015587855274,380,205.05413919255568,816.6666666666667,482.00968178381373,0.18999999999999995,-10.866666666666667
Mix_14_S34,14.8,57,43,57,0.5727113683964384,0.40142614264820575,-0.08383581931661904,0.5186458844894517,1,0,0,0,1,0,NA,NA,3,1586.6666666666667,744.367740658697,0.06399999999999997,0.0942337519151182,0.026800000000000157,0.07188456699613778,473,217.89446987016444,1540,806.3635794244568,0.06999999999999995,-10.2
Mix_20_S47,20.2,80,20,80,0.31533860502838607,0.34892826977061825,-0.3160762595069164,0.014500248790988613,1.3333333333333333,0.5773502691896257,0.25,0.5,0.5,0.7071067811865476,302,NA,5,1244.4444444444446,515.4106597152878,0.03583333333333346,0.06880528080508559,-0.0011111111111109888,0.0844483021779641,374.3333333333333,290.9739965472287,1305.5555555555557,409.7198681664954,0.30000000000000004,-4.800000000000001
Mix_14_S41,14.866666666666667,85,6,85,0.2792561469032057,0.4208891433362715,-0.6473808501502791,0.4080662835035553,2,1.4142135623730951,0.25,0.5,1,NA,934,NA,1,1005.5555555555557,463.5477787778479,0.06499999999999988,0.08809086218218123,0.04912500000000001,0.0763332378092562,372,230.24074357072425,1000.0000000000001,400.693842672377,0.35,-10.133333333333333
Mix_14_S43,14,48,52,48,0.6181077694235589,0.44283482950965514,0.13762787723785166,0.13138452745606358,1.2,0.44721359549995793,0.5,0.7071067811865476,1,0,1052,NA,3,1450,770.9121581318818,0.1908333333333334,0.22035010021932533,0.06875824175824181,0.09202096853064369,421.8333333333333,275.51944879929374,1026.6666666666667,765.4519362224298,-0.020000000000000018,-11
Mix_20_S51,21.7,40,60,40,0.4179305695989215,0.4235520581784334,-0.17602877393420074,0.6502138138918225,1,0,0,NA,0.5,0.7071067811865476,NA,NA,2,1211.1111111111113,838.20796500188,0.020000000000000018,0.22960110336552533,-0.14664839743589742,0.3067137002607671,316.25,116.54005034035868,500,248.88640871780132,-0.09999999999999998,-3.3000000000000007
Mix_14_S46,14,29,71,29,0.5137614678899083,0.6876451266584774,NA,NA,1,NA,0,NA,1,NA,NA,NA,0,2300,NA,0.08750000000000013,0.0106066017177983,-0.020750000000000268,0.018738329701443488,117,24.041630560342615,2300,NA,-0.21000000000000002,-11
Mix_20_S53,21.133333333333333,25,73,25,0.5351420831490491,0.359270887975304,0.5003702528297895,0.06657410718883185,1,0,0.5,0.7071067811865476,NA,NA,1018,NA,4,1250,716.6666666666666,-0.042500000000000204,0.07262919523166983,-0.11365562957157782,0.045807840916478534,261.75,199.16052989150904,1183.3333333333335,695.4215348341688,-0.25,-3.866666666666667
Mix_20_S54,20.3,47,53,47,0.44864465198027914,0.45334200840928174,-0.08629155070104501,0.09824854613772005,1.6666666666666667,1.1547005383792515,0,0,0.5,0.7071067811865476,NA,NA,3,1401.851851851852,828.212662298621,-0.003333333333333336,0.08801515021101002,-0.03726388888888891,0.06764840510287692,344.3333333333333,181.6333302746681,1372.2222222222222,809.7210310644945,-0.030000000000000027,-4.699999999999999
Mix_14_S48,15.1,60,40,60,0.5798100626967765,0.216522908733615,0.09495422125159465,0.1109631213179374,1.5,0.8366600265340756,1,0,0.3333333333333333,0.5773502691896257,773.6666666666666,99.48534230394613,9,846.7592592592594,382.2788098722793,0.06916666666666667,0.12523644304541173,0.031157828282828353,0.08184821943242084,474.5,84.10410215916939,880.5555555555557,350.1454724137553,0.09999999999999998,-9.9
Mix_20_S56,20.2,91.5,8.5,91.5,0.5967741935483871,0.5273478298152199,NA,NA,1.5,0.7071067811865476,0.5,0.7071067811865476,1,NA,268,NA,1,1600,1107.8006238589244,0.030000000000000027,0.12020815280171335,-0.025712962962962882,0.12109858356320706,416.5,352.8462838120872,1658.3333333333335,1025.304832720494,0.41500000000000004,-4.800000000000001
Mix_20_S58,20.133333333333333,82,18,82,0.3716119646776581,0.22129953367433797,-0.5182481751824817,0,1.3333333333333333,0.5773502691896257,1,0,0,0,1326.5,82.73149339882606,5,888.8888888888889,193.17042945237455,0.061249999999999805,0.02868652413009771,0.028604166666666653,0.022520296915186273,616,60.980871317706395,900,174.00510848184254,0.31999999999999995,-4.866666666666667
Mix_20_S65,20.9,67,33,67,0.5227331374283788,0.4075653624675608,0.08373003279382206,0.3061289035210326,1.4,0.8944271909999159,0.6666666666666666,0.5773502691896257,0.3333333333333333,0.5773502691896257,535.5,47.37615433949868,5,1184.4444444444446,855.4599513683045,0.12916666666666665,0.05508327029749285,0.08575000000000006,0.07256288460516318,572,119.2359006339953,983.3333333333335,767.390962214756,0.17000000000000004,-4.100000000000001
Mix_20_S01,22,39,61,39,0.5729021897810219,0.43720737494935635,-0.012681159420289856,0.014938788498614715,1,0,0.3333333333333333,0.5773502691896257,1,0,252,NA,3,1558.3333333333335,832.2771084111262,-0.06700000000000017,0.2886303864807031,-0.05418333333333321,0.1940248444859003,436.4,198.13581200782457,1454.1666666666667,878.5905168486037,-0.10999999999999999,-3
Mix_20_S02,20.533333333333335,64,36,64,0.44006022268799133,0.39276454264527577,-0.1483906864278398,0.19105234575832844,1,0,0.5,0.5773502691896257,1,NA,235.5,212.83914113715082,5,1433.3333333333335,532.1166677977192,0.03583333333333324,0.19535651170786872,-0.04166512345679011,0.1641678066448133,438.5,216.51120063405494,1404.1666666666667,561.3104706349638,0.14,-4.466666666666665
Mix_20_S04,21.366666666666667,55,45,55,0.5700387257654326,0.22418100753352924,0.045620437956204365,0.5020610475208447,1.8333333333333333,0.752772652709081,0.6666666666666666,0.5773502691896257,0.3333333333333333,0.5773502691896257,144,59.39696961966999,11,751.8518518518518,527.2502236641626,0.19749999999999987,0.10313825672368128,0.08523412698412695,0.10436782065323719,488.3333333333333,161.35385544407256,736.1111111111112,551.3031699393586,0.050000000000000044,-3.633333333333333
Mix_14_S01,14,60,40,60,0.21452552243919149,0.2887686623243914,NA,NA,2,1.4142135623730951,0,0,0,NA,NA,NA,2,266.6666666666667,47.14045207910316,-0.01833333333333324,0.002886751345947939,-0.10205555555555534,0.0447726768531055,444.3333333333333,330.5833228300141,241.66666666666669,11.785113019775805,0.09999999999999998,-11
Mix_14_S02,14,55,45,55,0.5764532494282154,0.2709626706824491,0.046188898094449066,0.24898126098117865,1.6,0.5477225575051661,NA,NA,0.4,0.5477225575051661,NA,NA,6,886.6666666666667,756.8804764000428,0.008000000000000096,0.082583291288250385,-0.005916666666666614,0.09154032960637866,289.4,167.26266768170356,610,145.58311867948305,0.050000000000000044,-11
Mix_20_S19,19.633333333333333,50,50,50,0.5216802486067196,0.18763381532226267,-0.12165050568241062,0.03586773527757854,1.2,0.44721359549995793,0.75,0.5,0,NA,618,308.608165802527,8,928.3333333333334,188.89297381203872,-0.013000000000000077,0.09189668111526134,-0.07284761904761909,0.12338288711932564,286.6,249.6854020562676,780,375.1666296460814,0,-5.366666666666667
Mix_20_S25,21.2,36,64,36,0.6914504721428313,0.22899749124530025,0.3597122302158273,0.04879374088579327,1.6666666666666667,0.5163977794943222,1,NA,0.3333333333333333,0.5773502691896257,252,NA,10,919.4444444444445,538.3531128117252,-0.007000000000000029,0.09941076400470936,-0.09337975330516554,0.1635747799552905,276.4,226.30134776443555,866.6666666666667,500.3332222962347,-0.14,-3.8000000000000007
Mix_20_S32,21.633333333333333,38,62,38,0.5498267774892809,0.3665676288705054,0.23566112627139668,0.525860233958061,1.2,0.44721359549995793,1,0,0.25,0.5,543.5,200.11121907579295,5,1460,837.3735393744207,-0.07166666666666677,0.11298967504452188,-0.07741666666666662,0.06406411718826005,338.6666666666667,233.98860371109245,1413.3333333333335,881.7911065300872,-0.12,-3.366666666666667
Mix_20_S37,20.533333333333335,56,43,56,0.3633993937097385,0.18878589246220961,0.011639260020554973,0.2219065319992932,1.75,1.5,1,NA,0,NA,1251,NA,6,353.125,164.68878478309728,0.11833333333333333,0.1305118130030125,0.05822802963320228,0.09655047248301409,300,163.82612734237478,327.77777777777777,221.31760318935656,0.06000000000000005,-4.466666666666665
Mix_20_S39,21.466666666666665,18,74,18,0.5940799086757991,0.2023889987806212,NA,NA,1.6666666666666667,1.1547005383792515,1,NA,0,NA,435,NA,3,450.00000000000006,166.66666666666669,-0.025000000000000133,0.10606601717798207,-0.07300143678160942,0.15556145994500264,450,329.51176003293114,508.33333333333337,153.20646925708536,-0.32,-3.533333333333335
Mix_20_S42,20.866666666666667,77.5,22.5,77.5,0.3002945142012327,0.26559441610408313,-0.32608695652173914,0.11272716801524671,1,0,0.3333333333333333,0.5773502691896257,0.3333333333333333,0.5773502691896257,969,NA,5,800,536.5786677335083,0.08250000000000002,0.06698880503487135,0.026458333333333472,0.07106344485348613,377.8333333333333,240.04950878238986,800,536.5786677335083,0.275,-4.133333333333333
Mix_20_S43,21,63,37,63,0.4773096111077718,0.35893156710691504,-0.07979233877258711,0.511773521353521,1.25,0.5,0.5,0.7071067811865476,0.3333333333333333,0.5773502691896257,1002,NA,6,1114.5833333333335,648.9441210321751,0.0330000000000001,0.0714667754974295,0.012016666666666875,0.0518693069165186,269.8,139.98642791356596,400,186.09038027160253,0.13,-4
Mix_14_S28,14.3,50,50,50,0.45268657634168213,0.2864517775279876,0.24619168517930817,0.08785538077896966,2.25,0.9574271077563381,0,NA,0,0,NA,NA,7,670.1388888888889,465.7915902585142,0.020000000000000195,0.04847679857416327,-0.04743888888888899,0.081512759832017,283.4,196.70231315365868,700,446.1771778946947,0,-10.7
Mix_14_S29,14.3,50,50,50,0.5318913225091715,0.40941446069721177,0.24449871189351655,0.015446138897752548,1,0,1,NA,0.5,0.7071067811865476,585,NA,3,1155.5555555555557,950.7794073713847,0.018333333333333535,0.030550504633038912,-0.0028055555555557277,0.06279145008441615,327.3333333333333,267.94837811289943,977.7777777777778,644.2767981175425,0,-10.7
Mix_14_S33,14.433333333333334,78,22,78,0.5385446952649927,0.3731551897751627,-0.12558292781832928,0.20530516421848127,1.4,0.5477225575051661,0.6666666666666666,0.5773502691896257,0,0,444,435.57777721091327,5,1011.6666666666667,551.5004784927913,0.04916666666666666,0.14193014713818433,-0.004464544513457606,0.09537533284816427,405.5,211.05425842659514,663.3333333333334,514.8354645472236,0.28,-10.566666666666666
Mix_14_S37,15,66,34,66,0.39233870967741935,0.4370211318113467,-0.3862049046893872,0.01437012678250247,1.3333333333333333,0.5773502691896257,0.5,0.7071067811865476,0.5,0.7071067811865476,751,NA,3,669.4444444444445,329.3863542564725,0.018749999999999933,0.04497684589504565,-0.04210416666666661,0.11419278644840873,191.5,96.22716179263871,766.6666666666667,480.4511768466526,0.16000000000000003,-10
Mix_20_S63,20.366666666666667,30.73,69.28,30.73,0.5419530210213908,0.254334928204183,0.2821855495609859,0.2561981091255607,1.25,0.5,1,0,0.5,0.7071067811865476,1190,97.53460924205315,5,1254.1666666666667,626.3319141371184,0.1929999999999999,0.09763452258294696,0.13140000000000002,0.0663204133146214,426.2,225.85216403656617,1162.5,749.2434455774309,-0.19269999999999998,-4.633333333333333
Mix_20_S05,19.166666666666668,26,74,26,0.4060860130203196,0.3947559603103034,0.33333333333333337,0.32793357968071774,1,0,0.6666666666666666,0.5773502691896257,1,NA,868,93.33809511662427,4,1095.8333333333335,926.5002848233657,0.176,0.2545928121530534,0.12029761904761918,0.1647882748388865,399.8,184.54186516885537,1095.8333333333335,926.5002848233657,-0.24,-5.833333333333332
Mix_20_S08,21.833333333333332,50,50,50,0.5202442340747582,0.2664108377689439,NA,NA,1,0,1,0,NA,NA,702,94.75230867899737,4,755.5555555555557,805.5938688206866,-0.08750000000000013,0.053033008588990876,-0.08861050724637698,0.026242372317730897,500,70.71067811865476,755.5555555555557,805.5938688206866,0,-3.166666666666668
Mix_14_S04,14,56,44,56,0.39015701204297204,0.026060105638952773,-0.26072572598855226,0.010322726732650316,1.5,1,1,0,0,0,985.5,188.79751057680818,9,695.8333333333334,287.18783374622933,0.04999999999999993,0.12569805089976543,-0.033485119047619305,0.16734645560402914,237.25,224.1656753385763,704.1666666666667,271.2710138642958,0.06000000000000005,-11
Mix_20_S18,19.366666666666667,68.5,31.5,68.5,0.47874309554589256,0.39493545070013863,-0.33660195131565984,0.0029268241657469953,1.6666666666666667,1.1547005383792515,0.5,0.7071067811865476,0,NA,2,NA,3,1118.5185185185187,1043.8581884985497,0.07750000000000001,0.19960377417941425,0.04645833333333327,0.11764983551325624,478.75,184.92768857042475,1211.1111111111113,965.5645057761884,0.18500000000000005,-5.633333333333333
Mix_20_S21,20.8,52,48,52,0.5358361784652546,0.37961006505781547,-0.118705035971223,0.13757131423753924,1.2,0.44721359549995793,0.75,0.5,0.5,0.7071067811865476,384.6666666666667,234.78145866599718,7,1236.6666666666667,656.9500234670317,0.09250000000000003,0.11877499736897489,0.03901388888888883,0.08092389114104315,441.3333333333333,226.9190751494168,1053.3333333333335,798.2098025512397,0.020000000000000018,-4.199999999999999
Mix_20_S34,21.6,68,68,32,0.6580905247958412,0.29555651193142807,0.3161810495916824,0.07857926358547271,1.3333333333333333,0.5163977794943222,1,NA,0.2,0.44721359549995793,934,NA,9,1168.0555555555557,599.4538409313994,0.0025000000000001688,0.03174114049620762,-0.09533333333333327,0.09620989785071199,230.33333333333334,252.12986071996048,1000.0000000000001,707.9704953048696,0.18000000000000005,-3.3999999999999986
Mix_20_S38,20.9,74,74,26,0.4014785252090298,0.3918515826708349,-0.10325950163604329,0.11926703920941159,1,0,0.5,0.5773502691896257,1,NA,752,777.8174593052023,5,1162.5,853.573642378303,0.07100000000000009,0.11232764575116845,0.05176666666666678,0.09990325876121915,379.8,211.42658300223272,1141.6666666666667,874.8015648007141,0.24,-4.100000000000001
Mix_14_S26,15.1,33,33,61,0.5627420449554837,0.44975727389283704,NA,NA,1,0,1,NA,0.5,0.7071067811865476,835,NA,2,1222.2222222222224,1042.2109689039469,0.11666666666666685,0.1632737986736798,0.1000277777777776,0.12623237867491013,288.6666666666667,151.6091466018239,1222.2222222222224,1042.2109689039469,-0.16999999999999998,-9.9
Mix_14_S31,15.033333333333333,82,82,18,0.2870809408583237,0.09484335779608705,-0.3492806516449804,0.19931090854454206,1.25,0.5,0,NA,0,NA,NA,NA,4,408.33333333333337,125.83057392117918,-0.030000000000000138,0.11979148550710937,-0.04298893491565914,0.06161733769504737,387.5,238.1323161605749,245.83333333333334,45.89642122738418,0.31999999999999995,-9.966666666666667
Mix_14_S35,15,42,42,58,0.4505447838784425,0.39432112278645337,-0.08041098064106633,0.29064283989037,1,0,0.5,0.7071067811865476,0.5,0.7071067811865476,1234,NA,3,1605.5555555555557,647.5023237481543,0.0750000000000001,0.028939592256975483,0.03436379310344835,0.026213271935758328,509.8,113.98113879059115,1561.1111111111113,706.5828042482066,-0.08000000000000002,-10
Mix_14_S40,15.233333333333333,40,40,60,0.7411761781666335,0.2988786942223043,0.46888359437713517,0.1363234486341227,1,0,1,NA,1,0,918,NA,2,1362.5,875.6346904452286,0.03166666666666673,0.08460693430998036,-0.04527777777777775,0.1155651672017584,466.6666666666667,346.1218475238645,1362.5,875.6346904452286,-0.09999999999999998,-9.766666666666667
Mix_14_S45,14,41,41,59,0.6386861313868613,0.4747145075099348,0.00724637681159418,0.010247924365022395,1,0,0.5,0.7071067811865476,1,0,1018,NA,1,1950.0000000000002,620.7074816512024,0.04250000000000009,0.053774219349672664,-0.016092261904761873,0.04629339435821886,408,217.58829625388094,1950.0000000000002,620.7074816512024,-0.09000000000000002,-11
Mix_14_S47,14.333333333333334,26,26,74,0.41896271693555803,0.40179533243930776,-0.2025206276631205,0.1870390251223905,1.25,0.5,0,NA,0.3333333333333333,0.5773502691896257,NA,NA,3,931.25,570.3465077379618,0.05874999999999997,0.17427827365069523,-0.0560208333333333,0.246139031915719,416.5,211.9756275298334,929.1666666666667,572.09410647783,-0.24,-10.666666666666666
Mix_20_S60,20.633333333333333,86.33,86.33,13.86,0.6893111809742939,0.29065397689992684,0.3729768327515075,0.0836611730708868,1.25,0.5,1,0,1,NA,557,551.5605134525132,5,1368.75,794.0862148826579,0.06500000000000006,0.06055300708195013,0.027601293103448388,0.044453009977820625,553.75,83.22409506867588,1283.3333333333335,900.1028747788695,0.36329999999999996,-4.366666666666667
Mix_20_S62,21.5,90.24,90.24,9.76,0.5358998424871655,0.20186508322070856,0.07228453987048378,0.26435954087139346,1,0,1,0,0,0,868,244.6316959567314,8,1219.4444444444446,470.3918776068721,0.06666666666666672,0.11809600614189575,0.008069444444444537,0.11168348650273857,405,220.00363633358427,1219.4444444444446,470.3918776068721,0.4024,-3.5
Mix_20_S67,20.666666666666668,37,37,63,0.7110807528840316,0.13622646124498577,0.40363913248962874,0.07615795873620802,1,0,1,0,NA,NA,618.5,259.50818869546293,2,1416.6666666666667,494.9747468305833,0.0800000000000003,0.028284271247461613,0.018561781609195416,0.009222866895993503,250,70.71067811865476,1416.6666666666667,494.9747468305833,-0.13,-4.333333333333332
Mix_20_S06,20.666666666666668,34,34,67,NA,NA,-0.05745708705930725,0.5349429837620857,1,0,0.5,0.7071067811865476,0,NA,219,NA,3,1616.6666666666667,726.6105992641197,-0.04416666666666683,0.05911147660705711,-0.04632070707070716,0.0692133847113527,233.16666666666666,216.04575132750625,1562.5000000000002,713.5429338999292,-0.15999999999999998,-4.333333333333332
Mix_20_S07,21.066666666666666,45.5,45.5,54.5,0.6486174862042312,0.353123781761151,0.30710287349323945,0.05605055701197831,1,0,1,0,0.6666666666666666,0.5773502691896257,690.3333333333334,423.1977473159957,6,1450,887.9439421745296,0.04083333333333328,0.12080631881928465,-0.04239224137931038,0.14721722240249305,252.5,211.7326143984436,1422.2222222222224,920.4869886621409,-0.044999999999999984,-3.9333333333333336
Mix_20_S16,21.333333333333332,36.5,36.5,63.5,NA,NA,0.33604243408427753,0.22682285601724841,1,0,1,NA,0.25,0.5,119,NA,5,1602.7777777777778,506.11995357563944,0.03500000000000002,0.08386497083606095,-0.019869047619047477,0.09114556247125283,304.85714285714283,229.87201407988502,1602.7777777777778,506.11995357563944,-0.135,-3.666666666666668
Mix_14_S05,14,51.5,51.5,48.5,0.5,0.7071067811865476,-0.05839416058394159,0.08258181386120261,2,NA,0,NA,1,NA,NA,NA,0,1008.3333333333334,NA,0.022499999999999964,0.08838834764831845,-0.040166666666666906,0.11219427594826574,316.5,306.1772362537751,1150,NA,0.015000000000000013,-11
Mix_14_S10,15.7,50,50,50,NA,NA,0.5614862124898621,0.2575749421005561,1.1666666666666667,0.408248290463863,1,NA,0.6,0.5477225575051661,486,NA,6,1643.0555555555557,523.6203211686314,0.06571428571428564,0.07753647375206557,0.010101731601731587,0.09031551533679812,397,201.71762441591463,1550.0000000000002,710.711693382845,0,-9.3
Mix_20_S22,19.966666666666665,56.5,56.5,43.5,NA,NA,0.016422783811930963,0.62180565311066,1,0,0.3333333333333333,0.5773502691896257,1,NA,1235,NA,2,1441.6666666666667,488.09910954717043,0.009999999999999851,0.03523729085311001,-0.05006362889983577,0.06691696311733313,340.14285714285717,220.54661530798774,1404.1666666666667,530.4391960825865,0.06499999999999995,-5.033333333333335
Mix_20_S17,20.7,27,27,73,NA,NA,-0.02020182932453986,0.5775025830776768,1.4,0.5477225575051661,0.8,0.44721359549995793,0,NA,764,389.526207933005,7,975,769.6048769769242,-0.02562500000000012,0.1324073125947787,-0.041604166666666664,0.13080443076265758,412.375,224.51658386090642,856.6666666666667,841.5098863880856,-0.22999999999999998,-4.300000000000001
Mix_20_S20,19.933333333333334,40,40,60,NA,NA,0.10737825705821899,0.28586030477764096,1.6666666666666667,0.5773502691896257,0.5,0.7071067811865476,0.5,0.7071067811865476,302,NA,2,1177.7777777777778,525.484784993114,0.05750000000000003,0.09169242062460771,0.02457007575757575,0.08746447572686779,502.3333333333333,192.78762062608342,1005.5555555555557,625.4627916220945,-0.09999999999999998,-5.066666666666666
Mix_20_S23,20.4,38,38,62,NA,NA,0.1713296208228597,0.48005424896428844,1,0,0.6666666666666666,0.5773502691896257,0.6666666666666666,0.5773502691896257,960.5,200.11121907579295,6,1280,676.8390584999593,0.03749999999999992,0.15083103128998357,-0.022152462121212135,0.13846806792517957,407.875,195.87272653434934,1216.6666666666667,726.7698703471716,-0.12,-4.600000000000001
Mix_14_S13,14.833333333333334,59,59,41,NA,NA,-0.16157896738234884,0.5072134951921353,1.6666666666666667,0.5773502691896257,0.3333333333333333,0.5773502691896257,0,NA,685,NA,5,700,80.36375634160795,0.09666666666666683,0.08244189873278422,0.05999999999999983,0.05953325401263838,371.6666666666667,197.06005852700508,677.7777777777778,48.112522432468836,0.08999999999999997,-10.166666666666666
Mix_20_S27,21.9,52,52,48,NA,NA,0.23066561989367154,0.5703124391040381,1.2,0.44721359549995793,1,0,0.3333333333333333,0.5773502691896257,493,318.1980515339464,7,1353.3333333333335,725.8519898099827,0.07642857142857144,0.1954207914073772,-0.014129251700680292,0.21150139974285403,375.57142857142856,212.47812212308443,1343.3333333333335,742.1440411252912,0.020000000000000018,-3.1000000000000014
Mix_14_S15,14.066666666666666,10.7,10.7,86.5,NA,NA,NA,NA,1,NA,0,NA,1,NA,NA,NA,0,2250,NA,0.0300000000000001,0.10259142264341575,-0.03830555555555574,0.15020953728905667,322.3333333333333,150.74592310684005,2250,NA,-0.393,-10.933333333333334
Mix_14_S27,15.333333333333334,63,63,37,NA,NA,-0.03763577167737857,0.2335611407253584,1.5,0.5773502691896257,1,0,NA,NA,940.3333333333334,342.0311876617881,5,620.8333333333334,321.7789096051304,0.02799999999999958,0.11935241933031791,-0.013877310924370079,0.12884988379556106,436.2,141.5139569088505,587.5,381.8509986698807,0.13,-9.666666666666666
Mix_20_S44,20.333333333333332,31,31,69,NA,NA,0.46526281204000847,0.3614149974900316,1,0,1,0,0.75,0.5,777,459.6194077712559,5,1611.1111111111113,686.5102302925255,0.03937499999999999,0.11223182321809236,-0.03335416666666674,0.13117630773244637,314.5,213.85976713725282,1611.1111111111113,686.5102302925255,-0.19,-4.666666666666668
Mix_14_S36,14,51,51,49,0.5807291666666666,0.5191835851142478,-0.24962702472293266,0.014844419852275139,1,0,0,NA,0.5,0.7071067811865476,NA,NA,1,1925,530.3300858899106,0.04166666666666682,0.278851812497845,0.011476053639846828,0.22287245677401174,449.3333333333333,185.80186579615753,1650,919.2388155425117,0.010000000000000009,-11
Mix_14_S38,15.033333333333333,32,32,68,NA,NA,0.06619591664022002,0.567841625610414,1.75,0.9574271077563381,1,0,0.5,0.7071067811865476,560,11.313708498984761,5,670.8333333333334,457.119605063416,0.01416666666666666,0.062242804135632,0.003874999999999925,0.07532117803852453,291.5,164.37122619242092,675,343.86151389875073,-0.18,-9.966666666666667
Mix_14_S42,14.266666666666667,24,24,76,0.23684210526315788,0.03721614637823934,NA,NA,1,0,0,NA,0,NA,NA,NA,2,341.6666666666667,176.7766952966369,-0.11999999999999966,0.0212132034355966,-0.1673922413793103,0.15010779729929902,325,223.44574285494903,325,153.2064692570853,-0.26,-10.733333333333333
Mix_14_S49,14.433333333333334,47,47,51,NA,NA,0.17154294253034177,0.4233381254342476,1.2,0.44721359549995793,1,0,0.5,0.7071067811865476,640.6666666666666,133.94526245199316,8,1198.3333333333333,739.9418145292836,-0.177857142857143,0.5411165704884144,-0.24808333333333352,0.5862255700508822,252.28571428571428,166.17632631807524,1100,517.7408189003022,-0.030000000000000027,-10.566666666666666
Mix_20_S57,20.333333333333332,12,12,85,NA,NA,0.05821784971261328,0.3863446755076644,1.75,0.5,1,0,0,NA,901.5,400.92954493277244,7,420.83333333333337,77.72815877574013,0.04642857142857145,0.16303665962277425,0.04245003518648849,0.09326868561425156,273.85714285714283,217.7134420681067,275,73.91185942027818,-0.38,-4.666666666666668
Mix_20_S66,21.366666666666667,80.15,80.15,19.85,NA,NA,-0.028826827462181317,0.46796059275310953,1.6666666666666667,0.816496580927726,1,0,0,0,526.5,144.29945714843606,13,768.9814814814815,433.0712051433111,0.011875000000000246,0.17687641973180834,-0.056343750000000026,0.223145227452263,308.125,220.93078263176844,777.7777777777778,444.8054089732406,0.3015000000000001,-3.633333333333333
CogMisp24_S03_557712000,25,61,38,61,0.5220187022399726,0.42750467260744307,-0.0044025157232704445,0.39155735157300764,1.4444444444444444,0.5270462766947299,0.3333333333333333,0.5773502691896257,0.5,0.5477225575051661,755,NA,9,1099.0740740740741,926.0921147155242,0.3504545454545455,0.16709958924926388,0.2519199677020994,0.11174020712557663,446.45454545454544,134.90319761693095,851.8518518518518,846.8669564785893,0.10999999999999999,0
CogMisp24_S05_529728000,31,75,25,75,0.6903520432756075,0.22402118188719602,0.2930817610062893,0.171938433628368,2.272727272727273,1.1037127426019047,1,0,0.6,0.5477225575051661,138.33333333333334,92.58689612106744,13,741.0353535353536,450.39907014843226,0.15500000000000008,0.15139352694220448,0.0968248820145372,0.09685051918724953,470.8181818181818,143.28769534179702,730.3030303030304,468.79385316754826,0.25,6
CogMisp24_S06_548532000,28,100,0,100,0.6161030261260101,0.15375041575878098,0.20178197064989517,0.19445067303549893,1.8333333333333333,0.937436866561092,1,0,0.14285714285714285,0.3779644730092272,658.75,254.92923854800702,20,898.3796296296297,569.5687944214909,0.10750000000000011,0.14400915374946258,0.05131576541274822,0.12377938632141848,423.5,159.96732620927767,719.4444444444446,565.2760715234965,0.5,3
CogMisp24_S18_554724000,29,95,5,95,0.7711238955405453,0.24114972212629054,0.45440251572327045,0.35532314220424605,1.9166666666666667,1.164500152881315,1,0,0.2,0.44721359549995793,168.83333333333334,146.66481059431626,9,1015.462962962963,598.8356094688893,0.041666666666666775,0.04965029219603351,0.01931990578865576,0.05292459009291929,463.5,181.2073147229187,1084.7222222222224,651.0077011341932,0.44999999999999996,4
CogMisp24_S23_529692000,31,99,1,99,0.5651996230870797,0.28089579451893615,0.20440251572327045,0.31469244075721403,1.3636363636363635,0.674199862463242,1,0,0.5,0.7071067811865476,338.1666666666667,228.07929907527046,16,1148.4848484848485,753.7113559452373,0.14636363636363628,0.14948396083009896,0.07781060606060596,0.08704344453991777,392.3636363636364,163.5183614933031,1046.969696969697,839.8352411772397,0.49,6
CogMisp24_S24_536832000,27,74,26,74,0.6270918510744042,0.32278967939392955,0.21226415094339623,0.37931135895363643,1.7777777777777777,0.8333333333333334,0.75,0.5,0.3333333333333333,0.5163977794943222,688,393.64450967846614,12,976.851851851852,633.5830404420581,0.19449999999999998,0.12925964395570483,0.11906785714285721,0.1156259037471577,479.7,156.435325649647,850.0000000000001,543.7140792732887,0.24,2
CogMisp24_S32_554952000,30,76,16,76,0.5505406966011018,0.2777013222600907,0.12578616352201255,0.251310135907606,1.4285714285714286,0.5345224838248488,1,0,0.3333333333333333,0.5773502691896257,615,270.53835217950154,11,916.6666666666667,246.45636680909817,0.1999999999999999,0.12928374110570018,0.12994954284221527,0.09727959670196906,408,231.9421110043255,850.0000000000001,459.46829173634075,0.26,5
CogMisp24_S35_563376000,28,100,0,100,0.6237392222215482,0.33101803964057563,0.21949685534591193,0.31579662326062075,1.8888888888888888,1.2692955176439846,1,0,NA,NA,305,70.71067811865476,12,1266.6666666666667,787.2574582406671,0.3581818181818182,0.4288838579806468,0.0956785390283244,0.2290336252526562,381.54545454545456,117.74324917918958,548.1481481481482,375.50377683820057,0.5,3
CogMisp24_S38_562800000,28,35,65,35,0.3950641738377544,0.2265003379836567,-0.04402515723270441,0.15120522364995354,1,0,NA,NA,NA,NA,NA,NA,4,761.1111111111111,567.2382737961705,0.3250000000000002,0.0494974746830579,0.2654242424242421,0.18421203023820473,499.5,0.7071067811865476,638.8888888888889,659.1942331642754,-0.15000000000000002,3
CogMisp24_S52_522864000,31,36,64,36,0.7394546187998015,0.2331612638004355,0.45702306079664573,0.23393480189092067,1.3333333333333333,0.6513389472789296,1,0,0.6666666666666666,0.5163977794943222,301.2,282.162541808795,12,1549.3055555555557,825.0685488305564,0.22749999999999995,0.13269068611556037,0.1953998015873016,0.13259433457655714,344.25,203.9719789133257,1545.8333333333335,827.3153918402327,-0.14,6
CogMisp24_S56_542736000,29,92,8,92,0.7828770996659472,0.15326411127817152,0.5133647798742139,0.1878369188299172,1.5,0.7071067811865476,1,0,0.3333333333333333,0.5163977794943222,392.25,251.51060282487762,15,1661.9444444444446,734.7256353627927,0.34199999999999997,0.19131416861045902,0.18146666666666667,0.17220753611217818,444.5,187.29789107194986,1378.3333333333335,871.7815588894694,0.42000000000000004,4
CogMisp24_S68_585456000,25,35,65,35,0.6640390411257877,0.2671958925738203,0.3018867924528302,0.22634520235020017,1.6666666666666667,0.7071067811865476,1,0,0.6666666666666666,0.5773502691896257,393.8333333333333,360.9916434859215,9,888.8888888888889,422.7678309532182,0.1677777777777777,0.14855788247159568,0.11233404558404564,0.12096829224604555,397.8888888888889,207.87462834870232,1027.7777777777778,565.3170202048876,-0.15000000000000002,0
CogMisp24_S72_592776000,25,99,1,99,0.617259908800041,0.2905187490446087,0.12327044025157234,0.3420366108400364,1.4545454545454546,0.5222329678670935,1,0,0,0,471.6666666666667,152.75252316519467,14,1073.4848484848485,688.6865334926634,0.03727272727272721,0.2164066038313486,0.008648756798756702,0.1730860332819663,345.27272727272725,179.33883623414695,1051.5151515151515,702.3553447529465,0.49,0
CogMisp24_S75_549624000,24,100,0,100,0.7199765104291649,0.2986959700041971,0.32075471698113206,0.35825877975180676,1.25,0.4629100498862757,1,0,1,0,517.6,326.0449355533682,6,1786.4583333333335,771.9016085317922,0.188888888888889,0.17506744731991455,0.11535866602533268,0.16805756600629498,392.22222222222223,130.087257040974,1679.1666666666667,945.8241556089237,0.5,-1
CogMisp24_S76_602136000,25,98,2,98,0.7273765521580888,0.18312218821243537,0.5025157232704403,0.24954546886628232,1.2727272727272727,0.46709936649691375,1,0,0,0,424.1666666666667,262.576020738122,14,1646.969696969697,662.8146289297124,0.1840000000000001,0.1015928693910705,0.11960512820512821,0.09432947188357353,502.9,134.34652540683325,1507.5757575757577,851.6116628149384,0.48,0
CogMisp24_S01_540060000,25,48,52,48,0.6456593266438255,0.16857832583267987,0.23480083857442346,0.19982935953668302,1.25,0.621581560508061,1,0,0.375,0.5175491695067657,563,530.7648569124875,17,1373.3796296296298,405.4577478802498,0.12791666666666665,0.12725168927854133,0.09321338383838378,0.09603388774223529,400,215.85222217568625,1340.2777777777778,473.46020137870335,-0.020000000000000018,0
CogMisp24_S02_587580000,25,38,62,38,0.670781765630561,0.29873980089970226,0.6352201257861636,0.044472124602927585,1.8333333333333333,0.752772652709081,1,0,0.6666666666666666,0.5773502691896257,493.3333333333333,214.44191132643203,6,800.462962962963,629.4922916664585,0.1799999999999998,0.07687652437513015,0.10266427203065136,0.05319934440511127,516.1666666666666,142.15121057052826,486.11111111111114,297.84721412657694,-0.12,0
CogMisp24_S07_563760000,27,100,0,100,0.6076415792922061,0.28873745947647417,0.18427672955974844,0.4006776911066288,1.4,0.5163977794943222,1,0,0.5,0.5773502691896257,646.5,330.9808655093725,13,1138.3333333333335,753.98324964202,0.2355000000000001,0.0952904915391761,0.20204458128078812,0.09274358936764276,389.8,147.84661721602635,1211.6666666666667,723.5905840551917,0.5,2
CogMisp24_S09_547320000,28,59,40,59,0.6830453914824253,0.3382198792484274,0.3359538784067086,0.2719116213873659,1.5,0.5222329678670935,1,NA,0.6666666666666666,0.5,388,NA,10,1209.0277777777778,862.1125856112764,0.16999999999999996,0.0854932214218819,0.12930555555555545,0.0727100608315517,471.8333333333333,155.75320415985223,1068.0555555555557,797.0735088128187,0.08999999999999997,3
CogMisp24_S12_536196000,30,71,24,71,0.7812598338837241,0.22533938025567565,0.5167714884696017,0.2209120429433467,1.8888888888888888,0.7817359599705717,1,0,0.6666666666666666,0.5773502691896257,550.75,525.8031158776702,8,1182.0987654320988,701.739614058978,0.32666666666666677,0.19418097229131384,0.24664020749365584,0.09112584682089177,397.77777777777777,139.59385532481164,824.0740740740741,671.5503989065936,0.20999999999999996,5
CogMisp24_S15_533280000,26,96,4,96,0.6501486954091288,0.23129153244437792,0.2819706498951782,0.2268833964334525,1.4444444444444444,0.7264831572567789,1,0,0.2,0.44721359549995793,372,165.46298679765212,10,1180.5555555555557,699.8263673543921,0.4544444444444442,0.3989552327990919,0.17205555555555557,0.10743048380521972,479.3333333333333,164.4277957037678,1166.6666666666667,743.770424556156,0.45999999999999996,1
CogMisp24_S33_544764000,25,65,35,65,0.5203514373832114,0.22721706561778077,0.028930817610062894,0.2051338847989354,1.3636363636363635,0.504524979109513,1,0,0,0,615,406.728410613274,18,841.6666666666667,530.0943312279429,0.1322727272727272,0.11230235163084604,0.09362202797202795,0.08743992648401512,343.6363636363636,131.9774774173781,568.3333333333334,256.5740573666407,0.15000000000000002,0
CogMisp24_S37_582792000,24,100,0,100,0.5866304255390731,0.2253389713729226,0.22720125786163523,0.23075205142356864,1.2,0.4216370213557839,0.8,0.44721359549995793,0.5,0.7071067811865476,409,180.03518174697598,13,1108.3333333333335,578.1649343898545,0.2234999999999999,0.13329270214248204,0.17618928571428571,0.07197848708458413,391.5,149.88532653702666,950,678.4604940417007,0.5,-1
CogMisp24_S51_574128000,24,71,20,71,0.6755231145481285,0.23007967324648895,0.4308176100628931,0.40597472097587195,1.5,1.0690449676496976,1,0,0.2,0.44721359549995793,299,339.7822832344265,9,1233.3333333333335,857.4718284048383,0.3406250000000002,0.1875297595430809,0.18298363095238107,0.09188455638130323,426.875,193.96497290564014,1214.5833333333335,888.8389742929943,0.20999999999999996,-1
CogMisp24_S54_607272000,30,45,55,45,0.6192112087890239,0.21821643457793663,-0.02515723270440251,0.04447212460292751,1.5,0.8366600265340756,1,0,0,NA,366.75,267.1783112455051,8,862.0370370370371,175.27462285122124,0.2249999999999998,0.14615915982243466,0.13236428571428577,0.09055408598546005,506.4,82.89330491662159,916.6666666666667,107.496769977314,-0.04999999999999999,5
CogMisp24_S55_562620000,31,26,74,26,0.6161263233355591,0.20429100833060304,0.10377358490566037,0.2603728009809871,1.3333333333333333,0.5,1,0,0,0,371.6666666666667,125.83057392117917,11,981.4814814814815,518.1560819952247,0.15722222222222224,0.15720430797037485,0.13283771624288862,0.0921782243047335,394.1111111111111,210.2649783276119,701.8518518518518,294.7980057556884,-0.24,6
CogMisp24_S66_576948000,26,87,13,87,0.5266279634173545,0.1603620188366093,0.04245283018867926,0.21686094731688482,1.5,0.7977240352174656,1,0,0.2,0.44721359549995793,410.5,404.9141884399706,24,965.0462962962964,421.79413827178064,0.2808333333333333,0.1084358489307542,0.18693685189331744,0.07818350852786894,473.25,85.67923796452568,995.8333333333335,503.9302601260487,0.37,1
CogMisp24_S69_591408000,25,39,61,39,0.5911221878131578,0.31060020101176977,0.17348008385744237,0.30836225382420207,1.0909090909090908,0.30151134457776363,0.8333333333333334,0.408248290463863,1,NA,478,244.81932113295306,13,1387.878787878788,725.1471463354068,0.11375000000000013,0.18632968094214095,0.057320279866332514,0.1496254367356666,440.0833333333333,151.99010633670346,1077.2727272727273,750.8614581218891,-0.10999999999999999,0
CogMisp24_S04_563532000,27,62,38,62,0.7666342987692545,0.17804754567878006,0.47851153039832284,0.18401825018455711,1.4166666666666667,0.5149286505444373,1,0,0.5,0.5773502691896257,438,364.26043796529245,15,1427.7777777777778,689.947053060549,0.11083333333333334,0.09680893397290195,0.057988247863247966,0.07353302440626006,389.6666666666667,214.99189554844887,1438.888888888889,729.7202083617957,0.12,2
CogMisp24_S10_560100000,26,96,0,96,0.4743231710714356,0.3283014649306026,-0.2531446540880503,0.24549123023319736,2,1,0.8,0.44721359549995793,0,NA,583.5,230.25565501560794,7,826.6666666666667,389.15467108168104,0.21928571428571425,0.11667006797762972,0.13967857142857149,0.1362618193019265,506.85714285714283,114.3786526869249,906.6666666666667,401.49027938973126,0.45999999999999996,1
CogMisp24_S14_554568000,29,42,58,42,0.6722543833625036,0.2745516045305749,0.3182389937106918,0.46996841025991337,1.7272727272727273,0.7862453931068965,1,0,0.25,0.4629100498862757,282.6666666666667,159.31206273642098,16,1145.7070707070707,814.6558423126551,0.22818181818181812,0.1675152638906784,0.16618181818181818,0.16628805670591704,461.72727272727275,120.77176069685406,1118.1818181818182,845.8544183071323,-0.08000000000000002,4
CogMisp24_S19_531828000,30,87,13,87,0.6058947419804297,0.3072031879348669,0.20073375262054508,0.473204823142666,1.4545454545454546,0.5222329678670935,1,0,0.2857142857142857,0.4879500364742666,496.75,341.3808967512193,15,1256.818181818182,680.6942756992283,0.11374999999999987,0.1089437928475046,0.05692420465337126,0.060874663092881226,417.8333333333333,203.51137262541076,1230.3030303030305,794.1738608214963,0.37,5
CogMisp24_S21_561504000,28,30,65,30,0.6041078595079392,0.3595685630811354,0.19392033542976944,0.3749094661451466,1.4545454545454546,0.5222329678670935,0.8333333333333334,0.408248290463863,0.5,0.5477225575051661,624.6,317.9116229394578,13,1198.4848484848485,679.7243945344705,0.19875000000000012,0.10711346999582003,0.1606875,0.07937126770832292,475.9166666666667,87.83606458866564,1090.909090909091,797.230053106227,-0.2,3
CogMisp24_S22_531552000,31,82,18,82,0.7033472018595329,0.2799395189139847,0.11792452830188682,0.4077999255043182,1.6666666666666667,0.5163977794943222,1,0,0,0,304.5,0.7071067811865476,6,781.9444444444445,276.4063366910443,0.010833333333333398,0.12134317725635282,-0.02643749999999982,0.12688284116437684,416.3333333333333,185.89315927883595,577.7777777777778,150.06171569897006,0.31999999999999995,6
CogMisp24_S25_580872000,28,86,14,86,0.7855160002138929,0.22214289356586697,0.4952830188679246,0.1472960808632751,1.1,0.31622776601683794,1,0,0.8,0.44721359549995793,616,62.864934582006846,7,1798.3333333333335,542.8235508960599,0.32625000000000004,0.13450305360314835,0.25639583333333327,0.09516220227623721,474.75,33.21682017979961,1631.6666666666667,742.5535687538885,0.36,3
CogMisp24_S29_533844000,27,73,27,73,0.5403730620155038,0.1712929086362248,NA,NA,1.6666666666666667,0.5773502691896257,1,NA,0,NA,71,NA,5,583.3333333333334,241.09126902482387,0.4200000000000004,NA,0.2640714285714285,NA,515,NA,527.7777777777778,353.6843120532668,0.22999999999999998,2
CogMisp24_S39_546540000,24,76,24,76,0.6087822244583164,0.2671859285324606,0.19129979035639413,0.15258913980607,1.4545454545454546,1.0357254813546264,1,0,0.25,0.5,490.57142857142856,376.9296385016073,14,1214.1414141414143,609.5503485233692,0.2520833333333334,0.12401353176410261,0.1992451236263737,0.08801971716307978,407.9166666666667,154.45826640424934,962.1212121212122,736.8510670070955,0.26,-1
CogMisp24_S42_528996000,24,66,34,66,0.526722246226845,0.29684305143233736,0.051886792452830184,0.4490753816184,1.5,0.5270462766947299,1,0,0.5,0.7071067811865476,342.25,223.97525905033945,14,1034.1666666666667,641.8464154201178,0.24416666666666667,0.08874973324757178,0.1567291666666667,0.06673672573530026,444.0833333333333,127.51146710168557,661.6666666666667,624.7493324486724,0.16000000000000003,-1
CogMisp24_S43_538080000,24,100,0,100,0.656276590759876,0.25617373910183133,0.38427672955974845,0.4250800048947152,1.6363636363636365,0.504524979109513,0.8,0.44721359549995793,0,0,496.5,265.6369703185157,14,1021.969696969697,475.92414088674667,0.17090909090909098,0.20239587670970705,0.13907892107892114,0.18785779473496536,334.45454545454544,192.93074593561474,875.7575757575759,566.6354715121156,0.5,-1
CogMisp24_S49_568812000,24,98,2,98,0.5915063604083997,0.3184070497780967,0.22641509433962265,0.4093456424552548,1.8181818181818181,0.873862897505303,1,0,0.2,0.44721359549995793,179.5,155.2063143045411,19,1017.0454545454546,645.2025267348622,0.10374999999999994,0.12986225219614236,0.028525559588626754,0.13013355460799922,483.1666666666667,176.69019283034427,881.8181818181819,743.1335510845105,0.48,-1
CogMisp24_S58_574284000,26,17,83,17,0.5111552849799219,0.3015972680256643,0.0660377358490566,0.4284045413664297,1.3636363636363635,0.504524979109513,0.6,0.5477225575051661,0,0,538,371.58175412686774,13,948.4848484848485,515.3318534613587,0.1063636363636364,0.09955126591588141,0.06067965367965369,0.07567367854894358,354.3636363636364,234.83154503910785,928.7878787878789,541.3507237093215,-0.32999999999999996,1
CogMisp24_S59_552972000,26,39,58,39,0.5764243504755492,0.2770737191464042,0.061635220125786164,0.23060415472359597,2,1,1,0,0.5,0.7071067811865476,463.5,214.74403367730616,16,546.2121212121212,602.8459673760734,0.09900000000000006,0.11471704319760004,0.044275279892521224,0.1091035379905524,436.3,168.27494036711335,327.77777777777777,174.0051084818425,-0.10999999999999999,1
CogMisp24_S70_571500000,24,100,0,100,0.6636906172982162,0.2306120222747791,0.3149895178197065,0.12473714471237678,1.4166666666666667,0.5149286505444373,1,0,0.6,0.5477225575051661,455.14285714285717,287.40240579567677,19,1293.75,611.7548549257722,0.2941666666666667,0.13083357459927578,0.21300747863247863,0.1442862550572024,516.25,38.28630184662537,1162.5,722.7236992478837,0.5,-1
CogMisp24_S71_581112000,25,93,7,93,0.6025932771293204,0.19665822332409663,0.294811320754717,0.1685064336111802,1.2,0.4216370213557839,1,0,0.5,0.5773502691896257,521.5,217.3382156915806,16,1380.0000000000002,513.6140406142042,0.173,0.10601886624558866,0.12009999999999992,0.07806010069803697,487.9,90.1954051552024,1280,642.5162725517754,0.43000000000000005,0
CogMisp24_S74_535680000,25,96,4,96,0.6212267516155009,0.27204221935127204,0.120125786163522,0.27123459309721926,1.2727272727272727,0.46709936649691375,1,0,0.5,0.5773502691896257,381.8,257.96162505302993,16,1177.2727272727273,553.6506483370541,0.16863636363636358,0.1806528564552871,0.0680551948051948,0.12571691310754676,499.54545454545456,170.82175718354125,1156.0606060606062,564.81426284678,0.45999999999999996,0
CogMisp24_S08_549144000,27,63,37,63,0.5497795500500018,0.21276066251708795,0.058490566037735864,0.34733902944099415,2.1,0.8755950357709131,1,0,0,0,455,220.86647550047064,18,643.6111111111112,367.34890233861154,0.1154999999999999,0.15754099995450926,0.09715114942528738,0.1423433099324233,384.8,173.8746675050739,703.3333333333334,566.1653555954684,0.13,2
CogMisp24_S11_544008000,24,98,2,98,0.6514298722462932,0.2734163420689771,0.1981132075471698,0.22012578616352202,1.75,0.7071067811865476,1,0,0.3333333333333333,0.5773502691896257,238,46.66904755831214,9,785.0694444444445,455.05425742935927,0.29437500000000005,0.10591227839247781,0.1658572612732095,0.12115269050602723,439.25,117.00641008081566,462.50000000000006,231.75486501973907,0.48,-1
CogMisp24_S16_528516000,30,81,19,81,0.5366626260712007,0.28546956675642493,-0.1729559748427673,0.42725654903846016,1.5,0.5345224838248488,1,NA,0.2,0.44721359549995793,321,NA,15,866.6666666666667,547.1245179072477,0.2456250000000001,0.15272378194449146,0.17779448496905392,0.0836021090319633,428.875,118.13241662280026,823.8095238095239,578.1401488791726,0.31000000000000005,5
CogMisp24_S17_542916000,24,59,41,59,0.40185067977694533,0.3148658585311296,-0.1218553459119497,0.2875043869917693,1.5,0.5345224838248488,1,NA,0,NA,705,NA,10,770.8333333333334,471.97238956101717,0.2784999999999999,0.13404083125840602,0.17583333333333337,0.09781304603839228,453,137.39238212749157,516.6666666666667,421.9662967057388,0.08999999999999997,-1
CogMisp24_S26_549528000,28,89,11,89,0.6289655580857411,0.36251903309525985,0.24633123689727462,0.6085599385055552,1.1818181818181819,0.40451991747794525,0.8,0.44721359549995793,0.6666666666666666,0.5163977794943222,284,280.37237143960294,9,1573.4848484848485,828.1070967189954,0.17,0.11493080922490234,0.09013713896256999,0.10235714706389579,399.5833333333333,196.1012995800122,1545.4545454545455,915.2744248187387,0.39,3
CogMisp24_S30_561996000,28,72,24,72,0.5346569775059798,0.3437674981524759,-0.06761006289308179,0.18389281779729721,1.6666666666666667,1.2110601416389966,0.5,0.7071067811865476,0.3333333333333333,0.5773502691896257,622,NA,9,895.1388888888889,636.5293081902712,0.16857142857142854,0.21373102811934533,0.0832475369458129,0.15334533559452249,385.7142857142857,165.70024571065497,588.8888888888889,674.6741325893452,0.21999999999999997,3
CogMisp24_S31_533496000,27,67,33,67,0.7426528817094855,0.22619068492427546,0.42845911949685533,0.16025619509229133,1.4,0.5163977794943222,1,0,0.5,0.5345224838248488,288.5,400.92954493277244,12,1524.1666666666667,818.4829575818007,0.20900000000000002,0.11187294380481633,0.14630000000000004,0.07151459101746337,478.1,133.84854625035467,1253.3333333333335,826.7443213228055,0.17000000000000004,2
CogMisp24_S34_543228000,25,100,0,100,0.6268374001284271,0.2606335373495539,0.2440251572327044,0.34667725518055403,1.5454545454545454,0.8201995322647244,1,0,0.6666666666666666,0.5773502691896257,481.4,357.8076298795206,15,1160.858585858586,794.0834985652344,0.2709090909090908,0.17390828303761408,0.17191996047430838,0.12237592848662712,488.90909090909093,150.86978129861166,943.939393939394,737.7997593171774,0.5,0
CogMisp24_S46_567816000,24,29,71,29,0.5739398143356449,0.3043131238539526,0.37106918238993714,0.1245219488881971,2,1.1547005383792515,1,NA,0,NA,388,NA,4,531.9444444444445,178.78044792334197,0.20999999999999996,0.1343502884254438,0.1778352674624225,0.11265921696454256,512,171.48955264582932,538.8888888888889,226.2823539379589,-0.21000000000000002,-1
CogMisp24_S47_581820000,26,100,0,100,0.6532381966762932,0.20958498944509746,0.28721174004192873,0.1919355622347438,1.3333333333333333,0.49236596391733095,1,0,0.4,0.5477225575051661,629.5,312.04406740074387,17,1261.1111111111113,447.6980027691678,0.34166666666666673,0.11172883841396254,0.22471801372262656,0.06969939416898861,438.5,111.3712056796794,1293.0555555555557,554.2971859664907,0.5,1
CogMisp24_S50_570504000,25,62,38,62,0.6028930988482003,0.2792416807669448,0.15932914046121593,0.3682562737259109,1.4166666666666667,0.6685579234215214,1,0,0.2857142857142857,0.4879500364742666,442.5,155.70377858827533,19,1033.3333333333335,590.2725787055649,0.20791666666666656,0.1376830737159756,0.17417129629629635,0.0824023772251333,403.9166666666667,170.3106564398414,1116.6666666666667,690.1178350561781,0.12,0
CogMisp24_S53_562644000,31,27,73,27,0.6657400428918786,0.26731170151226774,0.32704402515723274,0.43776147871578397,1.3333333333333333,0.49236596391733095,0.8,0.44721359549995793,0.6666666666666666,0.5163977794943222,713.25,232.0881657186912,13,1369.4444444444446,724.0313394262575,0.23041666666666671,0.10393307141296923,0.15800894723092995,0.06977162150013998,432.8333333333333,161.18303166577334,1338.888888888889,788.821308814016,-0.22999999999999998,6
CogMisp24_S57_576672000,25,90,10,90,0.7079429383324439,0.3008818200322001,0.2636268343815514,0.2729016702538352,1.4166666666666667,0.5149286505444373,1,0,0.6666666666666666,0.5,477,325.90335990903804,13,1061.111111111111,432.4339929389898,0.29458333333333336,0.09487930930046502,0.1768593975468976,0.07775667941030094,529.9166666666666,42.41453081483307,1066.6666666666667,421.99621808827635,0.4,0
CogMisp24_S62_588780000,27,38,62,38,0.5286325578065115,0.2906425198250188,0.12683438155136267,0.22677876686404838,1.375,0.5175491695067657,0,NA,0.16666666666666666,0.408248290463863,NA,NA,14,1082.2916666666667,567.8984773316051,0.2105555555555555,0.10987050458506936,0.19577784252784258,0.07185457495585384,288.6666666666667,151.86424859064098,1022.9166666666667,609.5104397715237,-0.12,2
