recording_name,age_months,exp_to_target_lang,initial_look,samples_target,samples_distractor,mean_prop_looking,mean_prop_looking_diff,sd_prop_looking_diff,mean_number_fixations,total_aoi_switches,mean_duration_of_look,mean_peak_pupil_size_difference,mean_mean_pupil_size_difference,mean_peak_pupil_latency,mean_first_look_dur,exp_to_target_lang_centred,age_months_centred
CompMix36_S01_88272000_F1,46,65,target,690,323,0.6811451135241856,0.7704402515723271,0.013341637380878252,1.7142857142857142,7,1023.8095238095239,0.04357142857142841,0.016174466338259412,466.42857142857144,1059.5238095238096,0.15000000000000002,21
CompMix36_S01_88272000_F1,46,65,distractor,352,514,0.4064665127020785,-0.28301886792452835,5.551115123125783e-17,1.2,7,946.6666666666667,0.02416666666666667,-0.032374999999999966,319.1666666666667,973.3333333333334,0.15000000000000002,21
CompMix36_S01_88272000_F1,46,65,neither,92,65,0.5859872611464968,NA,NA,1,1,1533.3333333333335,0.16999999999999993,0.13811538461538486,683,1533.3333333333335,0.15000000000000002,21
CompMix36_S04_82812000_F1,39,70,distractor,1064,447,0.7041694242223693,0.4224318658280923,0.26967616695767876,1.2,15,1549.1666666666667,0.023500000000000076,0.0167333333333334,396.4,1488.3333333333335,0.19999999999999996,14
CompMix36_S04_82812000_F1,39,70,target,629,67,0.9037356321839081,NA,NA,1.4,2,1801.111111111111,0.08999999999999986,0.05169285714285712,519.8,1696.6666666666667,0.19999999999999996,14
CompMix36_S21_503484000_F1,37,50,distractor,660,87,0.8835341365461847,0.6729559748427674,0.06226097444409859,1.8333333333333333,4,1197.2222222222222,0.06916666666666667,0.007666666666666784,433,1072.2222222222222,0,12
CompMix36_S21_503484000_F1,37,50,target,225,87,0.7211538461538461,0.3584905660377359,0.017788849841171003,2,3,613.8888888888889,0.125,0.15002777777777773,233.33333333333334,616.6666666666667,0,12
CompMix36_S21_503484000_F1,37,50,neither,434,66,0.868,NA,NA,2.75,5,664.5833333333334,0.15000000000000013,0.06356896551724134,358.25,616.6666666666667,0,12
CompMix36_S25_93468000_F1,37,90,target,1087,102,0.9142136248948697,0.6425576519916142,0.07969490760764152,2.3,3,801.1111111111112,0.1600000000000001,0.10833333333333331,413.1,888.3333333333334,0.4,12
CompMix36_S25_93468000_F1,37,90,distractor,277,60,0.8219584569732937,NA,NA,3,2,557.4074074074074,0.07166666666666677,0.021777777777777896,383,683.3333333333334,0.4,12
CompMix36_S25_93468000_F1,37,90,neither,116,0,1,NA,NA,2,0,966.6666666666667,0.034999999999999254,0.022368421052631593,67,883.3333333333334,0.4,12
CompMix36_S28_502428000_F1,38,40,distractor,286,122,0.7009803921568627,NA,NA,1,2,1588.8888888888891,0.04833333333333364,0.05624999999999991,382.3333333333333,1555.5555555555557,-0.09999999999999998,13
CompMix36_S28_502428000_F1,38,40,target,391,65,0.8574561403508771,NA,NA,1,1,2172.222222222222,-0.029999999999999805,-0.01779166666666665,599.5,2172.222222222222,-0.09999999999999998,13
CompMix36_S28_502428000_F1,38,40,neither,491,68,0.8783542039355993,NA,NA,1.2,2,1463.3333333333335,0.04500000000000015,-0.0283433908045978,249.5,1360,-0.09999999999999998,13
CompMix36_S13_536412000_F2,40.43333333333333,70,target,455,114,0.7996485061511424,0.3616352201257862,0.00444721246029279,1.5,2,1206.25,0.11124999999999985,0.07916666666666661,354,1212.5,0.19999999999999996,15.43333333333333
CompMix36_S13_536412000_F2,40.43333333333333,70,neither,244,114,0.6815642458100558,NA,NA,1.6666666666666667,3,958.3333333333334,0.12750000000000017,0.07726436781609203,441.5,1016.6666666666667,0.19999999999999996,15.43333333333333
CompMix36_S13_536412000_F2,40.43333333333333,70,distractor,612,251,0.709154113557358,0.15408805031446543,0.022236062301463775,2,7,746.4285714285716,0.0835714285714285,0.024465986394557833,409.2857142857143,476.1904761904762,0.19999999999999996,15.43333333333333
CompMix36_S15_97932000_F2,39.46666666666667,45,neither,198,134,0.5963855421686747,NA,NA,2,1,478.70370370370375,0.04166666666666652,-0.018055555555555564,216.66666666666666,288.8888888888889,-0.04999999999999999,14.466666666666669
CompMix36_S15_97932000_F2,39.46666666666667,45,target,280,115,0.7088607594936709,NA,NA,1.3333333333333333,3,1322.2222222222222,0.11000000000000017,0.097472222222222335,599.6666666666666,1183.3333333333335,-0.04999999999999999,14.466666666666669
CompMix36_S15_97932000_F2,39.46666666666667,45,distractor,353,437,0.4468354430379747,0.08176100628930819,0.19567734825288105,1.3333333333333333,8,750.0000000000001,0.049166666666666435,0.06434722222222226,394.1666666666667,647.2222222222223,-0.04999999999999999,14.466666666666669
CompMix36_S17_94332000_F2,38,40,target,959,216,0.8161702127659575,0.5801886792452831,0.4287006704717647,1.75,6,1398.263888888889,0.11187499999999989,0.0635937499999999,408.375,1487.5,-0.09999999999999998,13
CompMix36_S17_94332000_F2,38,40,distractor,411,475,0.463882618510158,NA,NA,1.6666666666666667,12,746.7592592592594,0.11916666666666671,0.06623611111111131,383.1666666666667,830.5555555555557,-0.09999999999999998,13
CompMix36_S17_94332000_F2,38,40,neither,144,144,0.5,NA,NA,2,4,600,0.0924999999999998,-0.024970306513410145,258,375,-0.09999999999999998,13
CompMix36_S24_545388000_F2,41,40,target,508,274,0.649616368286445,NA,NA,1.6,9,1205,0.16500000000000004,0.10633333333333325,370,1000.0000000000001,-0.09999999999999998,16
CompMix36_S24_545388000_F2,41,40,distractor,973,556,0.6363636363636364,-0.06918238993710692,0.13654221792816587,1.2,14,1494.1666666666667,0.02400000000000002,-0.0237000000000001,318.3,1378.3333333333335,-0.09999999999999998,16
CompMix36_S30_109320000_F2,40.2,60,target,543,651,0.4547738693467337,-0.0020964360587002093,0.05346528512971095,1.125,9,975.0000000000001,0.06062500000000015,0.03114583333333326,395.5,1043.75,0.09999999999999998,15.200000000000003
CompMix36_S30_109320000_F2,40.2,60,distractor,517,361,0.5888382687927107,0.24213836477987424,0.06670818690439122,1.1666666666666667,9,1250,0.04333333333333337,0.02175000000000001,463.3333333333333,1388.888888888889,0.09999999999999998,15.200000000000003
CompMix36_S30_109320000_F2,40.2,60,neither,163,136,0.5451505016722408,NA,NA,1.5,2,1029.1666666666667,0.1399999999999999,0.06554166666666683,358,1133.3333333333335,0.09999999999999998,15.200000000000003
CompMix36_S03_86508000_E1,43.2,30,distractor,827,109,0.8835470085470085,NA,NA,1.3333333333333333,5,1920.8333333333335,0.08250000000000002,0.04298106060606055,505.1666666666667,1766.6666666666667,-0.2,18.200000000000003
CompMix36_S03_86508000_E1,43.2,30,target,1007,236,0.8101367658889783,0.26415094339622647,0.07115539936468405,1.25,6,1934.375,0.13375000000000004,0.05876041666666665,283.125,2002.0833333333333,-0.2,18.200000000000003
CompMix36_S03_86508000_E1,43.2,30,neither,300,0,1,NA,NA,2,0,1613.888888888889,0.0475000000000001,-0.009143518518518468,307.5,1625,-0.2,18.200000000000003
CompMix36_S05_96120000_E1,46,40,target,509,238,0.6813922356091031,NA,NA,1.8,7,1064.4444444444446,0.09999999999999991,0.07353333333333331,512.8,820,-0.09999999999999998,21
CompMix36_S05_96120000_E1,46,40,distractor,831,178,0.8235877106045589,0.550314465408805,0.05781376198380568,1.8571428571428572,7,1381.547619047619,0.06928571428571427,0.06479894179894183,307.14285714285717,1066.6666666666667,-0.09999999999999998,21
CompMix36_S05_96120000_E1,46,40,neither,486,98,0.8321917808219178,NA,NA,2.25,4,926.3888888888889,0.16749999999999998,0.06843702107279703,507.5,620.8333333333334,-0.09999999999999998,21
CompMix36_S06_93168000_E1,44.333333333333336,50,target,643,385,0.6254863813229572,NA,NA,1.1428571428571428,6,1395.2380952380954,0.0964285714285714,0.049190476190476354,380.7142857142857,1395.2380952380954,0,19.333333333333336
CompMix36_S06_93168000_E1,44.333333333333336,50,distractor,583,458,0.5600384245917387,-0.11635220125786168,0.04891933706322032,1.4285714285714286,9,1052.3809523809525,0.06357142857142842,-0.030321428571428704,387.57142857142856,1188.095238095238,0,19.333333333333336
CompMix36_S26_83640000_E1,44,40,target,482,258,0.6513513513513514,0.5157232704402516,0.008894424920585502,1.8571428571428572,3,571.4285714285714,0.17357142857142843,0.1251309523809521,411.85714285714283,623.8095238095239,-0.09999999999999998,19
CompMix36_S26_83640000_E1,44,40,distractor,546,157,0.7766714082503556,NA,NA,1.4,5,1486.6666666666667,0.12700000000000014,0.0843166666666666,240,1146.6666666666667,-0.09999999999999998,19
CompMix36_S29_98280000_E1,40.43333333333333,20,distractor,719,349,0.6732209737827716,0.35639412997903563,0.3486493554185453,1.2857142857142858,11,1414.2857142857144,0.05857142857142853,0.02914203612479468,344.85714285714283,1173.8095238095239,-0.3,15.43333333333333
CompMix36_S29_98280000_E1,40.43333333333333,20,target,927,307,0.7512155591572123,0.48742138364779874,0.22543964780645592,1.375,4,1786.4583333333335,0.1950000000000001,0.1251855500821017,525.7142857142857,1789.5833333333335,-0.3,15.43333333333333
CompMix36_S07_535140000_E2,41.266666666666666,50,distractor,35,72,0.32710280373831774,NA,NA,2,3,216.66666666666669,0.10499999999999998,-0.0359166666666666,366,NA,0,16.266666666666666
CompMix36_S07_535140000_E2,41.266666666666666,50,neither,790,306,0.7208029197080292,0.5366876310272537,0.13160543293990315,1.7,9,894.4444444444445,0.3440000000000001,0.2216279951707901,441.4,588.3333333333334,0,16.266666666666666
CompMix36_S07_535140000_E2,41.266666666666666,50,target,227,127,0.6412429378531074,-0.1289308176100629,0.23570226039551584,1.5,1,991.6666666666667,0.20666666666666686,0.09180555555555554,538.3333333333334,833.3333333333334,0,16.266666666666666
CompMix36_S14_94020000_E2,38,55,target,557,466,0.544477028347996,0.08018867924528301,0.14921927628799106,1.4285714285714286,9,957.1428571428572,0.06571428571428571,-0.01553571428571443,390.2857142857143,942.8571428571429,0.050000000000000044,13
CompMix36_S14_94020000_E2,38,55,distractor,775,539,0.5898021308980214,0.35534591194968557,0.08838659951292578,1.5,14,1239.9305555555557,0.11111111111111116,0.06176851851851856,425.55555555555554,800.0000000000001,0.050000000000000044,13
CompMix36_S20_85212000_E2,48,20,target,543,239,0.6943734015345269,NA,NA,1.4,7,1406.6666666666667,0.10699999999999985,0.06981666666666655,409.6,1290,-0.3,23
CompMix36_S20_85212000_E2,48,20,distractor,368,358,0.5068870523415978,-0.39308176100628933,0.013341637380878213,1.4,9,1013.3333333333335,-0.0040000000000000036,-0.038888035527690865,446.4,843.3333333333334,-0.3,23
CompMix36_S20_85212000_E2,48,20,neither,271,186,0.5929978118161926,0.2987421383647799,0.1734412859514173,1.5,4,818.7500000000001,0.09749999999999981,0.05447440921147817,370.5,938.8888888888889,-0.3,23
Mix_20_S29,21.033333333333335,42,neither,81,32,0.7168141592920354,NA,NA,2,1,675,0.20500000000000007,0.06708333333333316,216,500.00000000000006,-0.08000000000000002,-3.966666666666665
Mix_20_S29,21.033333333333335,42,distractor,45,228,0.16483516483516483,NA,NA,1,1,700,0.03500000000000014,0.020208333333333384,316,700,-0.08000000000000002,-3.966666666666665
Mix_20_S36,21.3,62,neither,192,43,0.8170212765957446,NA,NA,1.5,1,1175,-0.07499999999999973,-0.08020467836257339,466,1091.6666666666667,0.12,-3.6999999999999993
Mix_20_S36,21.3,62,distractor,206,317,0.3938814531548757,NA,NA,1.3333333333333333,3,883.3333333333335,0.0837500000000001,0.034520833333333445,549.75,683.3333333333334,0.12,-3.6999999999999993
Mix_20_S36,21.3,62,target,537,178,0.7510489510489511,0.34790854306983343,0.28093016515443575,1.2,4,1561.6666666666667,0.14400000000000004,0.06117460317460335,383,1480.0000000000002,0.12,-3.6999999999999993
Mix_14_S23,14.3,77,target,247,162,0.6039119804400978,NA,NA,1.3333333333333333,4,1030.5555555555557,0.04499999999999993,0.0011944444444442759,572,977.7777777777778,0.27,-10.7
Mix_14_S23,14.3,77,neither,115,96,0.5450236966824644,NA,NA,1,0,1783.3333333333335,0.18000000000000016,0.06880952380952365,449,1783.3333333333335,0.27,-10.7
Mix_14_S23,14.3,77,distractor,83,192,0.3018181818181818,NA,NA,1,1,1383.3333333333335,0.23499999999999988,0.12474999999999992,591,1383.3333333333335,0.27,-10.7
Mix_14_S24,14,27,neither,300,138,0.684931506849315,-0.29324024119327197,0.06014110357283234,1,1,1522.2222222222224,-0.09250000000000003,-0.0748203347578349,399.75,1138.8888888888891,-0.22999999999999998,-11
Mix_14_S24,14,27,target,98,18,0.8448275862068966,NA,NA,1,1,1600,-0.10000000000000009,-0.24634615384615355,149,1600,-0.22999999999999998,-11
Mix_20_S41,20.5,29,distractor,0,276,0,NA,NA,NA,0,NA,-0.0924999999999998,-0.14854166666666657,166.5,NA,-0.21000000000000002,-4.5
Mix_20_S41,20.5,29,neither,0,118,0,NA,NA,NA,0,NA,-0.020000000000000018,-0.015625,50,NA,-0.21000000000000002,-4.5
Mix_20_S41,20.5,29,target,100,38,0.7246376811594203,NA,NA,1,1,1666.6666666666667,0.09499999999999975,0.10175000000000001,533,1666.6666666666667,-0.21000000000000002,-4.5
Mix_20_S45,20.366666666666667,91,neither,375,146,0.7197696737044146,0.41726618705035967,0.08139358632363138,1.2,5,1013.3333333333334,0.05999999999999987,0.04114999999999984,399.8,693.3333333333334,0.41000000000000003,-4.633333333333333
Mix_20_S45,20.366666666666667,91,target,74,47,0.6115702479338843,NA,NA,2,2,608.3333333333334,0.2200000000000002,0.05874999999999986,566,250.00000000000003,0.41000000000000003,-4.633333333333333
Mix_14_S30,14.466666666666667,24.1,distractor,258,416,0.3827893175074184,NA,NA,1,3,1433.3333333333335,0.07400000000000002,0.03784999999999998,276.4,1405.5555555555557,-0.259,-10.533333333333333
Mix_14_S30,14.466666666666667,24.1,target,238,444,0.3489736070381232,-0.47916666666666663,5.551115123125783e-17,1.25,5,866.6666666666667,0.014000000000000058,-0.04645000000000001,236,866.6666666666667,-0.259,-10.533333333333333
Mix_14_S30,14.466666666666667,24.1,neither,59,35,0.6276595744680851,NA,NA,1,1,416.6666666666667,0.10000000000000009,0.0026388888888888573,283,216.66666666666669,-0.259,-10.533333333333333
Mix_14_S32,14.133333333333333,69,distractor,186,645,0.22382671480144403,-0.05797101449275363,3.925231146709438e-17,1.25,9,581.25,0.008333333333333378,-0.007916666666666647,410.8333333333333,675,0.18999999999999995,-10.866666666666667
Mix_14_S32,14.133333333333333,69,target,573,242,0.7030674846625767,0.2279052670272541,2.7755575615628914e-17,1.8333333333333333,9,1026.851851851852,0.01250000000000003,-0.015569444444444525,291.3333333333333,1072.2222222222222,0.18999999999999995,-10.866666666666667
Mix_14_S34,14.8,57,neither,63,74,0.45985401459854014,NA,NA,1,1,1050,0.04499999999999993,-0.011206896551724466,233,1033.3333333333335,0.06999999999999995,-10.2
Mix_14_S34,14.8,57,target,433,327,0.5697368421052632,NA,NA,1.25,5,1510.416666666667,-0.040000000000000036,-0.10366666666666664,310.8333333333333,1266.6666666666667,0.06999999999999995,-10.2
Mix_14_S34,14.8,57,distractor,99,426,0.18857142857142858,NA,NA,1,2,741.6666666666667,-0.006249999999999978,-0.02297916666666666,312.25,666.6666666666667,0.06999999999999995,-10.2
Mix_20_S47,20.2,80,distractor,526,420,0.5560253699788583,0.5144927536231884,0,1,5,1433.3333333333335,0.07428571428571441,0.014630952380952498,449.57142857142856,1433.3333333333335,0.30000000000000004,-4.800000000000001
Mix_20_S47,20.2,80,target,516,178,0.7435158501440923,NA,NA,1.4,5,1436.6666666666667,0.020000000000000018,-0.014450000000000074,526.4,1386.6666666666667,0.30000000000000004,-4.800000000000001
Mix_14_S41,14.866666666666667,85,distractor,184,502,0.26822157434402333,NA,NA,1.5,4,1237.5,0.10799999999999992,0.04690632183908043,470,1225,0.35,-10.133333333333333
Mix_14_S41,14.866666666666667,85,target,526,137,0.7933634992458521,0.3722627737226277,0.061936360395902015,1.4,4,1490.0000000000002,0.09700000000000006,-0.012784798534798636,409.6,1406.6666666666667,0.35,-10.133333333333333
Mix_14_S41,14.866666666666667,85,neither,168,72,0.7,NA,NA,1.5,3,1008.3333333333335,0.0625,0.028196428571428456,433,1300,0.35,-10.133333333333333
Mix_14_S43,14,48,distractor,352,552,0.3893805309734513,-0.4147088381528429,0.1111486859046307,1,6,1170,0.05642857142857131,-4.761904761916926e-5,337.7142857142857,1170,-0.020000000000000018,-11
Mix_14_S43,14,48,target,271,118,0.6966580976863753,0.5625,0.04679383110793328,1.3333333333333333,3,1297.2222222222224,0.023333333333333428,-0.04124999999999993,366.3333333333333,1283.3333333333335,-0.020000000000000018,-11
Mix_20_S51,21.7,40,target,411,0,1,NA,NA,1,0,2283.3333333333335,0.10500000000000027,0.04416081871345042,116.66666666666667,1922.2222222222224,-0.09999999999999998,-3.3000000000000007
Mix_20_S51,21.7,40,distractor,321,198,0.6184971098265896,0.12265558397271953,0.01070003867524404,1,4,1283.3333333333335,0.07250000000000012,0.05689583333333326,454,1254.1666666666667,-0.09999999999999998,-3.3000000000000007
Mix_20_S51,21.7,40,neither,180,168,0.5172413793103449,0.13138686131386862,0.18580908118770592,1.5,3,1262.5000000000002,0.14000000000000012,0.19911931818181805,366.5,1283.3333333333335,-0.09999999999999998,-3.3000000000000007
Mix_14_S46,14,29,target,54,64,0.4576271186440678,NA,NA,1,1,766.6666666666667,0.09499999999999975,-0.004583333333333606,649,516.6666666666667,-0.21000000000000002,-11
Mix_14_S46,14,29,distractor,130,225,0.36619718309859156,NA,NA,1,3,908.3333333333334,0.058333333333333424,-0.0508611111111111,272,841.6666666666667,-0.21000000000000002,-11
Mix_14_S46,14,29,neither,80,11,0.8791208791208791,NA,NA,1,0,1200,0.1299999999999999,0.030666666666666842,649,1166.6666666666667,-0.21000000000000002,-11
Mix_20_S53,21.133333333333333,25,target,229,159,0.5902061855670103,NA,NA,1.3333333333333333,4,961.1111111111112,0.1333333333333333,0.05630611672278333,311,944.4444444444445,-0.25,-3.866666666666667
Mix_20_S53,21.133333333333333,25,distractor,168,315,0.34782608695652173,-0.2663043478260869,0.47526418069098697,1,4,1225,-0.018749999999999933,-0.056062500000000015,153.75,1183.3333333333335,-0.25,-3.866666666666667
Mix_20_S54,20.3,47,target,286,121,0.7027027027027027,NA,NA,1,2,1533.3333333333335,-0.006666666666666672,-0.055000000000000014,116.33333333333333,1533.3333333333335,-0.030000000000000027,-4.699999999999999
Mix_20_S54,20.3,47,neither,134,0,1,NA,NA,1,0,2233.3333333333335,0.17999999999999972,0.09141666666666692,183,816.6666666666667,-0.030000000000000027,-4.699999999999999
Mix_20_S54,20.3,47,distractor,111,692,0.1382316313823163,-0.40151236674893664,0.04136517115169957,1,2,750,0.002500000000000021,-0.050268939393939505,413.5,750,-0.030000000000000027,-4.699999999999999
Mix_14_S48,15.1,60,target,478,285,0.6264744429882044,-0.04744525547445254,0.04645227029692648,1.5,6,872.2222222222223,0.03249999999999997,-0.0246547619047619,452.1666666666667,886.1111111111112,0.09999999999999998,-9.9
Mix_14_S48,15.1,60,neither,211,50,0.8084291187739464,NA,NA,1,2,1758.3333333333335,0.11750000000000016,0.05296491228070188,458,1758.3333333333335,0.09999999999999998,-9.9
Mix_14_S48,15.1,60,distractor,0,364,0,NA,NA,NA,0,NA,0.04166666666666652,-0.013317632850241493,228,NA,0.09999999999999998,-9.9
Mix_20_S56,20.2,91.5,target,307,50,0.8599439775910365,NA,NA,1.3333333333333333,1,1458.3333333333335,-0.04999999999999997,-0.057464646464646364,266,1366.6666666666667,0.41500000000000004,-4.800000000000001
Mix_20_S56,20.2,91.5,distractor,29,98,0.2283464566929134,NA,NA,1,2,466.6666666666667,0.029999999999999805,0.03316666666666679,450,466.6666666666667,0.41500000000000004,-4.800000000000001
Mix_20_S58,20.133333333333333,82,distractor,311,238,0.5664845173041895,0.0689199196022427,0,1,6,1295.8333333333335,0.05499999999999994,0.04125000000000001,416.25,1295.8333333333335,0.31999999999999995,-4.866666666666667
Mix_20_S58,20.133333333333333,82,target,306,107,0.7409200968523002,NA,NA,1,3,1700.0000000000002,0.041666666666666664,-0.007305555555555602,294.3333333333333,1700.0000000000002,0.31999999999999995,-4.866666666666667
Mix_20_S65,20.9,67,distractor,319,366,0.4656934306569343,-0.04897916005500895,5.887846720064156e-17,1,7,1043.3333333333335,0.07799999999999993,0.04046666666666665,313,1043.3333333333335,0.17000000000000004,-4.100000000000001
Mix_20_S65,20.9,67,target,454,230,0.6637426900584795,NA,NA,1.8,8,1017.2222222222223,0.11499999999999995,0.05658333333333347,326.2,860,0.17000000000000004,-4.100000000000001
Mix_20_S65,20.9,67,neither,115,15,0.8846153846153846,NA,NA,1,1,1916.6666666666667,0.0050000000000003375,0.016157407407407565,300,1916.6666666666667,0.17000000000000004,-4.100000000000001
Mix_20_S01,22,39,target,225,45,0.8333333333333334,NA,NA,1.5,1,1308.3333333333335,-0.004999999999999893,-0.021458333333333357,366.5,1533.3333333333335,-0.10999999999999999,-3
Mix_20_S01,22,39,distractor,278,337,0.45203252032520325,0.0480135806222763,0.20549596585106167,1.25,5,931.2500000000001,0.09000000000000012,0.020775925925926052,513.2,854.1666666666667,-0.10999999999999999,-3
Mix_20_S01,22,39,neither,0,257,0,NA,NA,NA,0,NA,0.0625,0.036203703703703516,457.5,NA,-0.10999999999999999,-3
Mix_20_S02,20.533333333333335,64,neither,375,148,0.7170172084130019,-0.08229813664596272,0.06514751917764257,1,2,1558.3333333333335,0.04166666666666696,-0.059130952380952305,472,1558.3333333333335,0.14,-4.466666666666665
Mix_20_S02,20.533333333333335,64,target,368,48,0.8846153846153846,0.6490557553956835,0.004557192984265751,1.3333333333333333,1,1663.888888888889,0.08333333333333319,0.010754489337822637,310.6666666666667,1466.6666666666667,0.14,-4.466666666666665
Mix_20_S02,20.533333333333335,64,distractor,270,390,0.4090909090909091,0.24352780549283196,0.005012834924128739,1.25,5,1018.7500000000001,0.10200000000000013,0.018126190476190553,472.8,1041.6666666666667,0.14,-4.466666666666665
Mix_20_S04,21.366666666666667,55,target,552,232,0.7040816326530612,0.581219806763285,0.27126725893542847,1.3333333333333333,5,1346.2962962962963,0.12750000000000009,0.023708333333333442,371.8333333333333,1330.5555555555557,0.050000000000000044,-3.633333333333333
Mix_20_S04,21.366666666666667,55,distractor,386,366,0.5132978723404256,0.15642520892838252,0.1660237544964164,1.5,9,746.7592592592594,0.07583333333333349,0.03891194581280777,358.1666666666667,697.2222222222223,0.050000000000000044,-3.633333333333333
Mix_14_S01,14,60,target,336,159,0.6787878787878788,NA,NA,1.75,4,864.5833333333335,0.028750000000000053,0.01777380952380958,321,812.5000000000001,0.09999999999999998,-11
Mix_14_S01,14,60,distractor,42,91,0.3157894736842105,NA,NA,1,2,700,0.18999999999999995,0.1311666666666662,400,700,0.09999999999999998,-11
Mix_14_S01,14,60,neither,137,258,0.3468354430379747,NA,NA,1,3,588.8888888888889,-0.05750000000000011,-0.11348527568922306,237.25,588.8888888888889,0.09999999999999998,-11
Mix_14_S02,14,55,distractor,176,496,0.2619047619047619,NA,NA,1,5,733.3333333333334,-0.019999999999999928,-0.04583333333333321,189.6,658.3333333333334,0.050000000000000044,-11
Mix_14_S02,14,55,target,239,296,0.44672897196261685,NA,NA,1.25,5,808.3333333333334,-0.007499999999999729,-0.030443965517241156,212.25,1150,0.050000000000000044,-11
Mix_14_S02,14,55,neither,0,131,0,NA,NA,NA,0,NA,0.04999999999999982,0.06083333333333307,517,NA,0.050000000000000044,-11
Mix_20_S19,19.633333333333333,50,distractor,560,457,0.5506391347099312,0.06616752052903131,0.21461902592704113,1.25,11,1029.1666666666667,0.16000000000000003,-0.0318480392156863,283.25,1022.9166666666667,0,-5.366666666666667
Mix_20_S19,19.633333333333333,50,target,311,101,0.7548543689320388,NA,NA,1.3333333333333333,5,1486.1111111111113,0.0783333333333333,-0.043083333333333286,260.6666666666667,1094.4444444444443,0,-5.366666666666667
Mix_20_S25,21.2,36,target,287,93,0.7552631578947369,NA,NA,1.6666666666666667,3,980.5555555555555,0.11999999999999995,0.06406565656565677,327.6666666666667,761.1111111111112,-0.14,-3.8000000000000007
Mix_20_S25,21.2,36,distractor,658,482,0.5771929824561404,0.23185491016054152,0.3608267441181608,1.125,6,1259.3750000000002,0.06111111111111109,-0.011501601261658716,416.3333333333333,1160.4166666666667,-0.14,-3.8000000000000007
Mix_20_S32,21.633333333333333,38,target,364,200,0.6453900709219859,0.10283757338551859,1.962615573354719e-17,1.25,5,1235.4166666666667,0.12625000000000008,0.08262499999999984,345.75,1166.6666666666667,-0.12,-3.366666666666667
Mix_20_S32,21.633333333333333,38,distractor,645,450,0.589041095890411,0.2562523790491416,0.2796496177507676,1.3333333333333333,7,1544.4444444444446,0.012500000000000178,-0.056218749999999984,351.5,1575.0000000000002,-0.12,-3.366666666666667
Mix_20_S37,20.533333333333335,56,neither,160,130,0.5517241379310345,NA,NA,1,4,1100,0.14333333333333323,0.09616666666666651,427.6666666666667,1016.6666666666667,0.06000000000000005,-4.466666666666665
Mix_20_S37,20.533333333333335,56,distractor,248,120,0.6739130434782609,NA,NA,2,3,760.1851851851852,0.05333333333333323,0.043555555555555646,455.3333333333333,433.33333333333337,0.06000000000000005,-4.466666666666665
Mix_20_S37,20.533333333333335,56,target,98,41,0.7050359712230215,NA,NA,2,3,816.6666666666667,0.14000000000000012,0.07591666666666708,666,550,0.06000000000000005,-4.466666666666665
Mix_20_S39,21.466666666666665,18,neither,91,96,0.48663101604278075,NA,NA,3,0,438.8888888888889,-0.18999999999999995,-0.17772727272727273,283,833.3333333333334,-0.32,-3.533333333333335
Mix_20_S39,21.466666666666665,18,target,281,0,1,NA,NA,1,0,2341.666666666667,0.04499999999999993,-0.008458333333333234,308,1816.6666666666667,-0.32,-3.533333333333335
Mix_20_S39,21.466666666666665,18,distractor,95,310,0.2345679012345679,-0.27491382806163833,0.03688224238853193,1.5,3,529.1666666666667,-0.05833333333333357,-0.057416666666666526,272.3333333333333,350,-0.32,-3.533333333333335
Mix_20_S42,20.866666666666667,77.5,target,447,103,0.8127272727272727,NA,NA,1.5,4,1493.75,0.0787500000000001,0.06045370370370373,383,1270.8333333333335,0.275,-4.133333333333333
Mix_20_S42,20.866666666666667,77.5,distractor,132,660,0.16666666666666666,-0.32988499711179964,0.10322726732650328,1,4,733.3333333333334,0.1224999999999999,0.05705555555555549,469,716.6666666666667,0.275,-4.133333333333333
Mix_20_S42,20.866666666666667,77.5,neither,95,0,1,NA,NA,1,0,1266.6666666666667,NA,NA,NA,1266.6666666666667,0.275,-4.133333333333333
Mix_20_S43,21,63,neither,293,340,0.4628751974723539,-0.10431763285024155,0.08817484922404711,1.3333333333333333,3,1261.111111111111,0.06699999999999999,0.0015738095238094552,379.6,550,0.13,-4
Mix_20_S43,21,63,distractor,148,320,0.3162393162393162,-0.4989726953230603,0.027259645038443272,2,4,616.6666666666667,-0.00749999999999984,-0.05255871212121216,341.5,391.6666666666667,0.13,-4
Mix_20_S43,21,63,target,385,7,0.9821428571428571,NA,NA,1,0,2127.777777777778,0.04500000000000023,0.020722222222222236,444,1005.5555555555557,0.13,-4
Mix_14_S28,14.3,50,distractor,174,351,0.3314285714285714,0.24439793782859476,0.010539287433335293,1,1,1375,0.14874999999999994,0.06285714285714294,474.75,566.6666666666667,0,-10.7
Mix_14_S28,14.3,50,target,413,94,0.814595660749507,0.21803287297169566,0.07069953848549003,1.5,2,1256.25,0.0050000000000000044,-0.03875000000000006,474.5,1087.5,0,-10.7
Mix_14_S28,14.3,50,neither,67,36,0.6504854368932039,NA,NA,2,2,558.3333333333334,-0.08999999999999986,-0.12250000000000005,183,650,0,-10.7
Mix_14_S29,14.3,50,distractor,31,243,0.11313868613138686,NA,NA,1,1,516.6666666666667,0.02249999999999952,-0.029291666666666716,17,516.6666666666667,0,-10.7
Mix_14_S29,14.3,50,target,700,83,0.8939974457215837,0.8695652173913043,0.18446263857040374,1.8333333333333333,1,1480.0925925925926,-0.01583333333333344,-0.011833333333333362,377.3333333333333,1536.1111111111113,0,-10.7
Mix_14_S29,14.3,50,neither,27,42,0.391304347826087,NA,NA,1,1,450.00000000000006,NA,NA,NA,450.00000000000006,0,-10.7
Mix_14_S33,14.433333333333334,78,distractor,128,556,0.1871345029239766,NA,NA,1,3,1058.3333333333335,0.04600000000000008,0.04006321839080451,479.6,1058.3333333333335,0.28,-10.566666666666666
Mix_14_S33,14.433333333333334,78,target,728,57,0.9273885350318471,0.5928571428571429,0,1.1666666666666667,1,1876.388888888889,-0.03250000000000005,-0.054986111111111104,263.8333333333333,1869.4444444444446,0.28,-10.566666666666666
Mix_14_S33,14.433333333333334,78,neither,116,10,0.9206349206349206,NA,NA,1,0,1883.3333333333335,0.06999999999999984,0.019230769230769162,233,1883.3333333333335,0.28,-10.566666666666666
Mix_14_S37,15,66,neither,118,342,0.2565217391304348,-2.100509373522963e-4,0.07025395315890078,1,2,866.6666666666667,0.03749999999999987,0.011606884057971278,324.5,866.6666666666667,0.16000000000000003,-10
Mix_14_S37,15,66,target,180,121,0.5980066445182725,NA,NA,1.6666666666666667,6,538.8888888888889,-0.010000000000000083,-0.019907088122605405,271.6666666666667,527.7777777777778,0.16000000000000003,-10
Mix_14_S37,15,66,distractor,149,217,0.40710382513661203,NA,NA,1.5,3,987.5000000000001,0.046666666666666266,-0.05526423097974812,255,458.33333333333337,0.16000000000000003,-10
Mix_20_S63,20.366666666666667,30.73,distractor,545,267,0.6711822660098522,0.4492753623188406,0.08198339492017948,1.1666666666666667,6,1330.5555555555557,0.11083333333333334,0.07163888888888888,541,1383.3333333333335,-0.19269999999999998,-4.633333333333333
Mix_20_S63,20.366666666666667,30.73,target,322,319,0.5023400936037441,0.6909182270178779,0.22033037384798224,1,3,1279.1666666666667,0.15999999999999998,0.07128333333333323,433.2,1279.1666666666667,-0.19269999999999998,-4.633333333333333
Mix_20_S63,20.366666666666667,30.73,neither,89,47,0.6544117647058824,NA,NA,1,2,1483.3333333333335,-0.009999999999999787,-0.053583333333333094,633,1483.3333333333335,-0.19269999999999998,-4.633333333333333
Mix_20_S05,19.166666666666668,26,distractor,49,226,0.1781818181818182,NA,NA,1,1,816.6666666666667,0.45750000000000024,0.16645833333333337,283.5,816.6666666666667,-0.24,-5.833333333333332
Mix_20_S05,19.166666666666668,26,target,337,205,0.6217712177121771,NA,NA,1.3333333333333333,3,1588.8888888888891,0.05125000000000013,0.022312499999999957,462.75,1427.7777777777778,-0.24,-5.833333333333332
Mix_20_S05,19.166666666666668,26,neither,140,168,0.45454545454545453,NA,NA,1.5,2,841.6666666666667,0.14250000000000007,0.11269871794871822,349.5,1025,-0.24,-5.833333333333332
Mix_20_S08,21.833333333333332,50,neither,137,12,0.9194630872483222,NA,NA,1,0,1091.6666666666667,-0.08000000000000007,-0.09201388888888884,399,1050,0,-3.166666666666668
Mix_20_S08,21.833333333333332,50,target,369,39,0.9044117647058824,NA,NA,1,1,2050,0.05499999999999986,0.008738095238095026,205,2050,0,-3.166666666666668
Mix_20_S08,21.833333333333332,50,distractor,311,301,0.5081699346405228,NA,NA,1.3333333333333333,3,1425,0.018000000000000148,0.019383333333333398,506.6,1450,0,-3.166666666666668
Mix_14_S04,14,56,target,297,118,0.7156626506024096,NA,NA,1.3333333333333333,4,1472.2222222222222,0.10166666666666672,0.061166666666666814,549.3333333333334,1388.888888888889,0.06000000000000005,-11
Mix_14_S04,14,56,distractor,161,249,0.3926829268292683,NA,NA,1.3333333333333333,7,708.3333333333334,-0.14166666666666647,-0.22833333333333336,133.33333333333334,722.2222222222223,0.06000000000000005,-11
Mix_20_S18,19.366666666666667,68.5,neither,103,194,0.3468013468013468,NA,NA,2,2,420.83333333333337,0.3000000000000001,0.17272030651341005,344,533.3333333333334,0.18500000000000005,-5.633333333333333
Mix_20_S18,19.366666666666667,68.5,target,620,72,0.8959537572254336,0.6906474820143884,0.010174198290453936,1,2,2056.666666666667,-0.06800000000000014,-0.19109827586206887,209.6,2033.3333333333335,0.18500000000000005,-5.633333333333333
Mix_20_S18,19.366666666666667,68.5,distractor,92,157,0.36947791164658633,-0.21735604217356044,0.1571348402636772,1,1,1533.3333333333335,0.05999999999999983,0.030874999999999986,441.5,1533.3333333333335,0.18500000000000005,-5.633333333333333
Mix_20_S21,20.8,52,target,391,21,0.9490291262135923,NA,NA,1.6666666666666667,2,1472.2222222222224,-0.06000000000000005,-0.13038888888888897,266.3333333333333,1072.2222222222224,0.020000000000000018,-4.199999999999999
Mix_20_S21,20.8,52,neither,182,80,0.6946564885496184,NA,NA,1,2,1508.3333333333335,0.0924999999999998,0.06440277777777781,441.5,850,0.020000000000000018,-4.199999999999999
Mix_20_S21,20.8,52,distractor,704,247,0.7402733964248159,0.6588509316770186,0.025253813613805257,1,6,1659.5238095238096,0.11285714285714292,0.04258333333333329,544.8571428571429,1435.7142857142858,0.020000000000000018,-4.199999999999999
Mix_20_S34,21.6,68,target,547,139,0.7973760932944607,0.7266187050359711,1.1102230246251565e-16,1.6,6,1373.3333333333335,0.0959999999999999,0.00984999999999996,516.2,1113.3333333333335,0.18000000000000005,-3.3999999999999986
Mix_20_S34,21.6,68,distractor,228,128,0.6404494382022472,NA,NA,1,4,1266.6666666666667,0.031666666666666586,-0.005972222222222416,555,1266.6666666666667,0.18000000000000005,-3.3999999999999986
Mix_20_S38,20.9,74,target,447,111,0.8010752688172043,0.20156731757451185,0.005050762722761035,1,2,1841.6666666666667,0.08499999999999996,0.02372916666666669,333.25,1841.6666666666667,0.24,-4.100000000000001
Mix_20_S38,20.9,74,distractor,585,538,0.5209260908281389,0.2098663926002055,0.35863361017287754,1,7,1619.4444444444446,0.06124999999999997,0.02391666666666664,426.875,1619.4444444444446,0.24,-4.100000000000001
Mix_14_S26,15.1,33,target,347,131,0.7259414225941423,-0.07460706266585021,0.18503998642195424,1.25,2,1156.25,-0.1262500000000002,-0.15495833333333342,191.75,1104.1666666666667,-0.16999999999999998,-9.9
Mix_14_S26,15.1,33,distractor,0,383,0,NA,NA,NA,0,NA,0.14333333333333353,0.13427777777777772,388.6666666666667,NA,-0.16999999999999998,-9.9
Mix_14_S26,15.1,33,neither,241,4,0.9836734693877551,0.8405797101449275,0.05123962182511213,1,0,2000.0000000000002,0.06500000000000017,0.005208333333333259,166.5,2000.0000000000002,-0.16999999999999998,-9.9
Mix_14_S31,15.033333333333333,82,target,386,140,0.7338403041825095,NA,NA,1.25,3,1389.5833333333335,0.03874999999999995,-0.008000000000000007,204,1316.6666666666667,0.31999999999999995,-9.966666666666667
Mix_14_S31,15.033333333333333,82,distractor,176,361,0.32774674115456237,NA,NA,1,3,900,0.061249999999999805,0.01344444444444437,508.25,822.2222222222223,0.31999999999999995,-9.966666666666667
Mix_14_S31,15.033333333333333,82,neither,132,82,0.616822429906542,NA,NA,1,1,1091.6666666666667,0.07999999999999963,-0.02058333333333362,449,1866.6666666666667,0.31999999999999995,-9.966666666666667
Mix_14_S35,15,42,neither,19,92,0.17117117117117117,NA,NA,1,1,216.66666666666669,NA,NA,NA,216.66666666666669,-0.08000000000000002,-10
Mix_14_S35,15,42,distractor,1,129,0.007692307692307693,NA,NA,NA,0,NA,0.1599999999999997,0.07966666666666633,616,NA,-0.08000000000000002,-10
Mix_14_S35,15,42,target,232,40,0.8529411764705882,NA,NA,1.5,2,1537.5,0.047499999999999876,0.030505952380952328,482.5,1516.6666666666667,-0.08000000000000002,-10
Mix_14_S40,15.233333333333333,40,target,563,238,0.7028714107365793,0.5507246376811594,0.09223131928520187,1.5,5,1105.5555555555557,0.03916666666666657,-0.011367063492063512,402.3333333333333,1083.3333333333335,-0.09999999999999998,-9.766666666666667
Mix_14_S40,15.233333333333333,40,distractor,244,425,0.36472346786248133,NA,NA,1.75,5,662.5000000000001,0.06099999999999985,0.009783333333333389,416.2,595.8333333333334,-0.09999999999999998,-9.766666666666667
Mix_14_S45,14,41,neither,58,139,0.29441624365482233,NA,NA,1,2,816.6666666666667,NA,NA,NA,816.6666666666667,-0.09000000000000002,-11
Mix_14_S45,14,41,distractor,180,295,0.37894736842105264,NA,NA,1,6,725,-0.011249999999999871,-0.0842261904761904,291.5,708.3333333333334,-0.09000000000000002,-11
Mix_14_S45,14,41,target,401,85,0.8251028806584362,NA,NA,2,4,963.1944444444446,0.10749999999999993,0.04674999999999996,341.25,695.8333333333334,-0.09000000000000002,-11
Mix_14_S47,14.333333333333334,26,target,100,135,0.425531914893617,NA,NA,2,3,404.1666666666667,0.06499999999999995,0.051000000000000156,183,608.3333333333334,-0.24,-10.666666666666666
Mix_14_S47,14.333333333333334,26,neither,139,232,0.3746630727762803,NA,NA,1,3,705.5555555555557,0.07833333333333344,0.029833333333333528,411.3333333333333,705.5555555555557,-0.24,-10.666666666666666
Mix_14_S47,14.333333333333334,26,distractor,164,98,0.6259541984732825,NA,NA,1,2,1283.3333333333335,0.09999999999999964,0.08454166666666696,399.5,1283.3333333333335,-0.24,-10.666666666666666
Mix_20_S60,20.633333333333333,86.33,distractor,340,538,0.38724373576309795,0.02751596229857098,0.09223131928520191,1.4,11,823.3333333333334,0.03571428571428565,0.02534632034632032,470.85714285714283,896.6666666666667,0.36329999999999996,-4.366666666666667
Mix_20_S60,20.633333333333333,86.33,target,231,34,0.8716981132075472,NA,NA,1,1,1833.3333333333335,0.0025000000000001688,-0.014041666666666508,333,1833.3333333333335,0.36329999999999996,-4.366666666666667
Mix_20_S60,20.633333333333333,86.33,neither,0,73,0,NA,NA,NA,0,NA,NA,NA,NA,NA,0.36329999999999996,-4.366666666666667
Mix_20_S62,21.5,90.24,distractor,484,332,0.5931372549019608,0.19996297471702104,0.08531911510439287,1.1666666666666667,9,1209.7222222222224,0.04500000000000015,0.024999236874236885,474.5,1255.5555555555557,0.4024,-3.5
Mix_20_S62,21.5,90.24,target,603,213,0.7389705882352942,0.42335766423357657,5.551115123125783e-17,1.6666666666666667,9,1175.925925925926,0.04833333333333326,4.4444444444461756e-4,374.5,911.1111111111112,0.4024,-3.5
Mix_20_S67,20.666666666666668,37,neither,352,89,0.7981859410430839,0.6258992805755397,0.010174198290453936,1,3,1325,0.17666666666666644,0.08733730158730173,494,1233.3333333333335,-0.13,-4.333333333333332
Mix_20_S67,20.666666666666668,37,target,59,53,0.5267857142857143,NA,NA,1,2,866.6666666666667,0.029999999999999805,0.01849999999999996,550,866.6666666666667,-0.13,-4.333333333333332
Mix_20_S06,20.666666666666668,34,target,518,22,0.9592592592592593,NA,NA,1.5,1,1658.3333333333335,-0.013749999999999929,-0.03697916666666656,387.25,1437.5000000000002,-0.15999999999999998,-4.333333333333332
Mix_20_S06,20.666666666666668,34,distractor,133,377,0.2607843137254902,NA,NA,1,3,722.2222222222223,0.05875000000000008,0.01172916666666679,299.75,233.33333333333337,-0.15999999999999998,-4.333333333333332
Mix_20_S07,21.066666666666666,45.5,target,579,50,0.9205087440381559,NA,NA,1.4,3,1556.6666666666667,0.06599999999999992,0.02496666666666645,476.2,1636.6666666666667,-0.044999999999999984,-3.9333333333333336
Mix_20_S07,21.066666666666666,45.5,distractor,110,303,0.26634382566585957,NA,NA,1,1,1833.3333333333335,0.11999999999999982,0.08102777777777777,433.3333333333333,1683.3333333333335,-0.044999999999999984,-3.9333333333333336
Mix_20_S07,21.066666666666666,45.5,neither,50,72,0.4098360655737705,NA,NA,2,2,416.6666666666667,0.11000000000000032,0.07266666666666666,582,350,-0.044999999999999984,-3.9333333333333336
Mix_20_S16,21.333333333333332,36.5,target,442,86,0.8371212121212122,NA,NA,1.5,2,1268.75,0.09250000000000003,0.06620833333333342,520.5,1108.3333333333335,-0.135,-3.666666666666668
Mix_20_S16,21.333333333333332,36.5,neither,40,76,0.3448275862068966,NA,NA,1,1,666.6666666666667,NA,NA,NA,650,-0.135,-3.666666666666668
Mix_20_S16,21.333333333333332,36.5,distractor,344,337,0.5051395007342144,NA,NA,1.75,11,756.2500000000001,0.1219999999999998,0.08040303030303013,376.2,925.0000000000001,-0.135,-3.666666666666668
Mix_14_S05,14,51.5,target,265,0,1,NA,NA,1.5,0,1666.6666666666667,0.004999999999999893,-0.026249999999999885,258,1575,0.015000000000000013,-11
Mix_14_S05,14,51.5,neither,239,291,0.4509433962264151,0.5896673965175685,0.22353745809171222,1.3333333333333333,4,969.4444444444445,-0.15833333333333335,-0.12059876543209895,288.6666666666667,1283.3333333333335,0.015000000000000013,-11
Mix_14_S10,15.7,50,target,104,34,0.7536231884057971,NA,NA,2,2,866.6666666666667,0.03999999999999959,-0.030666666666666398,516,966.6666666666667,0,-9.3
Mix_14_S10,15.7,50,distractor,661,669,0.49699248120300754,0.055230421349205146,0.14687755918970113,1.25,16,1204.1666666666667,0.08449999999999998,0.05335000000000023,446.2,1141.6666666666667,0,-9.3
Mix_20_S22,19.966666666666665,56.5,target,410,106,0.7945736434108527,0.6283401849948612,0.009774497643328876,1.5,2,1320.8333333333335,0.053750000000000187,0.016708333333333436,607.75,1437.5000000000002,0.06499999999999995,-5.033333333333335
Mix_20_S22,19.966666666666665,56.5,distractor,228,718,0.24101479915433405,-0.26618705035971224,0,1,4,1211.111111111111,0.03214285714285709,-0.01020730706075547,299.85714285714283,1172.2222222222222,0.06499999999999995,-5.033333333333335
Mix_14_S08,15,91,distractor,176,83,0.6795366795366795,NA,NA,1,2,1466.6666666666667,-0.014999999999999902,-0.10970833333333352,99.5,1466.6666666666667,0.41000000000000003,-10
Mix_14_S08,15,91,target,78,61,0.5611510791366906,NA,NA,2,3,641.6666666666667,0.03500000000000014,-0.012583333333333169,616,616.6666666666667,0.41000000000000003,-10
Mix_20_S17,20.7,27,neither,135,0,1,NA,NA,1,0,2250,0.06000000000000005,-0.07638888888888884,599,2250,-0.22999999999999998,-4.300000000000001
Mix_20_S17,20.7,27,target,411,136,0.7513711151736746,0.3125847148368262,0.025656673949840256,1,2,1712.5000000000002,0.04875000000000007,0.003458333333333452,545.25,1712.5000000000002,-0.22999999999999998,-4.300000000000001
Mix_20_S17,20.7,27,distractor,141,413,0.2545126353790614,NA,NA,1,3,1175,0.026249999999999996,-0.005958333333333288,608.25,1100,-0.22999999999999998,-4.300000000000001
Mix_20_S20,19.933333333333334,40,neither,280,337,0.4538087520259319,0.39928057553956836,0.07630648717840441,1.25,4,966.6666666666667,0.15000000000000022,0.0400444444444444,533,575,-0.09999999999999998,-5.066666666666666
Mix_20_S20,19.933333333333334,40,distractor,18,173,0.09424083769633508,NA,NA,NA,1,NA,-0.15249999999999986,-0.11026388888888894,425,NA,-0.09999999999999998,-5.066666666666666
Mix_20_S20,19.933333333333334,40,target,95,48,0.6643356643356644,NA,NA,1,1,1433.3333333333335,0.20000000000000018,0.06433333333333335,633,1433.3333333333335,-0.09999999999999998,-5.066666666666666
Mix_20_S23,20.4,38,distractor,436,640,0.4052044609665427,0.03961042988269483,0.09295458418480973,1.1666666666666667,8,1147.2222222222224,0.003749999999999809,-0.01683333333333331,451.625,1133.3333333333335,-0.12,-4.600000000000001
Mix_20_S23,20.4,38,target,243,33,0.8804347826086957,NA,NA,1,1,2025.0000000000002,0.1475000000000002,0.09783333333333344,441,2025.0000000000002,-0.12,-4.600000000000001
Mix_14_S13,14.833333333333334,59,neither,38,43,0.4691358024691358,NA,NA,2,1,316.6666666666667,NA,NA,NA,433.33333333333337,0.08999999999999997,-10.166666666666666
Mix_14_S13,14.833333333333334,59,target,733,113,0.8664302600472813,NA,NA,1.1666666666666667,3,1913.888888888889,0.13083333333333327,0.09734722222222225,374.8333333333333,1955.5555555555557,0.08999999999999997,-10.166666666666666
Mix_14_S13,14.833333333333334,59,distractor,18,544,0.03202846975088968,NA,NA,1,1,200,0.0050000000000000044,-0.04241666666666688,366.75,200,0.08999999999999997,-10.166666666666666
Mix_20_S27,21.9,52,target,522,169,0.7554269175108539,0.3725888854134084,7.850462293418876e-17,1,5,1683.3333333333335,-0.07125000000000004,-0.1471458333333333,337.25,1516.6666666666667,0.020000000000000018,-3.1000000000000014
Mix_20_S27,21.9,52,neither,247,24,0.9114391143911439,NA,NA,1.5,1,1558.3333333333335,0.08749999999999991,0.02726190476190493,590.5,1958.3333333333335,0.020000000000000018,-3.1000000000000014
Mix_20_S27,21.9,52,distractor,224,50,0.8175182481751825,0.6291575435303931,0.0050502361079426995,1.5,1,1479.1666666666667,0.3999999999999999,0.1702916666666665,633,1350.0000000000002,0.020000000000000018,-3.1000000000000014
Mix_14_S15,14.066666666666666,10.7,distractor,171,364,0.31962616822429907,NA,NA,1,5,933.3333333333334,0.008749999999999925,-0.022812500000000235,470.75,872.2222222222223,-0.393,-10.933333333333334
Mix_14_S15,14.066666666666666,10.7,target,296,86,0.774869109947644,NA,NA,1.6666666666666667,4,1088.888888888889,0.05166666666666675,0.037555555555555564,183,1144.4444444444446,-0.393,-10.933333333333334
Mix_14_S27,15.333333333333334,63,neither,138,218,0.38764044943820225,NA,NA,1.5,2,858.3333333333334,0.008333333333333156,-0.013743578951912324,344.3333333333333,925,0.13,-9.666666666666666
Mix_14_S27,15.333333333333334,63,target,262,0,1,0.9492753623188406,0.06148754619013452,1,0,2183.3333333333335,0.010000000000000009,-0.011958333333333515,208.5,1400,0.13,-9.666666666666666
Mix_14_S27,15.333333333333334,63,distractor,171,231,0.4253731343283582,0.2816257942551068,0.050796727231171415,1,2,1425,0.005000000000000189,-0.013625275745965393,194.33333333333334,1325,0.13,-9.666666666666666
Mix_20_S44,20.333333333333332,31,distractor,217,601,0.265281173594132,-0.0904474769914313,0,1,6,875.0000000000001,-0.004166666666666726,-0.05570568783068771,283.1666666666667,875.0000000000001,-0.19,-4.666666666666668
Mix_20_S44,20.333333333333332,31,target,422,115,0.7858472998137802,NA,NA,1.25,3,1568.7500000000002,0.047499999999999876,-0.01571590909090914,462.25,1645.8333333333335,-0.19,-4.666666666666668
Mix_14_S36,14,51,distractor,120,5,0.96,NA,NA,1,0,1816.6666666666667,0.034999999999999254,0.0365097402597403,116,1816.6666666666667,0.010000000000000009,-11
Mix_14_S36,14,51,neither,223,46,0.828996282527881,NA,NA,1.3333333333333333,2,1136.1111111111113,-0.14249999999999985,-0.105104166666667,241.5,1100,0.010000000000000009,-11
Mix_14_S36,14,51,target,518,242,0.6815789473684211,0.7773722627737226,0.2735522584152338,1.2,2,1563.3333333333335,0.06750000000000012,0.008736111111111056,313.6666666666667,1563.3333333333335,0.010000000000000009,-11
Mix_14_S38,15.033333333333333,32,target,233,97,0.706060606060606,NA,NA,1,2,1250,0.03166666666666673,-0.0014194033935412225,532.6666666666666,1250,-0.18,-9.966666666666667
Mix_14_S38,15.033333333333333,32,distractor,163,298,0.35357917570498915,NA,NA,2.5,3,594.4444444444445,0.06499999999999995,0.018267857142856947,366.25,858.3333333333334,-0.18,-9.966666666666667
Mix_14_S38,15.033333333333333,32,neither,0,130,0,NA,NA,NA,0,NA,-0.06499999999999995,-0.12441666666666684,317,NA,-0.18,-9.966666666666667
Mix_14_S42,14.266666666666667,24,neither,90,165,0.35294117647058826,NA,NA,1,3,716.6666666666667,0.10749999999999993,-0.02356730769230775,308,483.33333333333337,-0.26,-10.733333333333333
Mix_14_S42,14.266666666666667,24,distractor,112,138,0.448,NA,NA,2,0,900,0.1475000000000002,0.03540705128205146,508,683.3333333333334,-0.26,-10.733333333333333
Mix_14_S44,14.3,26,distractor,0,212,0,NA,NA,NA,0,NA,0.07250000000000023,0.03654166666666647,474.5,NA,-0.24,-10.7
Mix_14_S44,14.3,26,target,54,79,0.40601503759398494,NA,NA,1,1,850.0000000000001,0.14500000000000002,-0.02117647058823513,683,850.0000000000001,-0.24,-10.7
Mix_14_S44,14.3,26,neither,254,71,0.7815384615384615,NA,NA,1.6666666666666667,0,827.7777777777778,0.07500000000000018,-0.09976190476190472,300,588.8888888888889,-0.24,-10.7
Mix_14_S49,14.433333333333334,47,neither,21,117,0.15217391304347827,NA,NA,1,2,350,NA,NA,NA,350,-0.030000000000000027,-10.566666666666666
Mix_14_S49,14.433333333333334,47,distractor,236,181,0.565947242206235,NA,NA,1,4,1311.1111111111113,0.025000000000000206,6.388888888887815e-4,238.33333333333334,1311.1111111111113,-0.030000000000000027,-10.566666666666666
Mix_14_S49,14.433333333333334,47,target,574,186,0.7552631578947369,0.4088512983739989,0.34317184134001066,1.3333333333333333,7,1337.5000000000002,0.050000000000000086,0.006516666666666548,326.6,977.7777777777778,-0.030000000000000027,-10.566666666666666
Mix_20_S57,20.333333333333332,12,target,78,5,0.9397590361445783,NA,NA,2,0,450.00000000000006,0.07999999999999963,-0.07550000000000034,117,333.33333333333337,-0.38,-4.666666666666668
Mix_20_S57,20.333333333333332,12,distractor,236,196,0.5462962962962963,-0.10698793906051626,0.062429179951351416,2.25,7,402.08333333333337,0.04874999999999985,0.037785201149425074,453.5,304.1666666666667,-0.38,-4.666666666666668
Mix_20_S57,20.333333333333332,12,neither,380,117,0.7645875251509054,NA,NA,1.5,4,1240.2777777777778,0.13624999999999998,0.08366882183908042,458,1154.1666666666667,-0.38,-4.666666666666668
Mix_20_S66,21.366666666666667,80.15,distractor,521,160,0.7650513950073421,0.6026887966328294,0.2705957595723977,1,3,1736.6666666666667,0.088,0.043233333333333415,326.6,1736.6666666666667,0.3015000000000001,-3.633333333333333
Mix_20_S66,21.366666666666667,80.15,target,439,240,0.646539027982327,0.4014598540145985,5.551115123125783e-17,1.6,7,1131.6666666666667,0.05800000000000001,0.009866666666666645,419.6,1006.6666666666667,0.3015000000000001,-3.633333333333333
LearnMix36_S03_86508000_F1,43.2,70,distractor,378,83,0.8199566160520607,0.6289308176100629,NA,1.3333333333333333,4,1744.4444444444446,0.03166666666666673,-0.02216666666666652,194.33333333333334,1927.7777777777778,0.19999999999999996,18.200000000000003
LearnMix36_S03_86508000_F1,43.2,70,target,466,0,1,0.9433962264150944,NA,1.3333333333333333,0,2138.888888888889,0.1116666666666668,0.06244841269841291,444,1950,0.19999999999999996,18.200000000000003
LearnMix36_S05_96120000_F1,46,60,target,382,216,0.6387959866220736,0.27882599580712786,0.6757812126369633,1.5,4,1166.6666666666667,0.02375000000000016,-0.014726028433151739,404.25,933.3333333333334,0.09999999999999998,21
LearnMix36_S05_96120000_F1,46,60,distractor,150,6,0.9615384615384616,NA,NA,2,0,1250,0.04499999999999993,0.05424999999999969,200,1033.3333333333335,0.09999999999999998,21
LearnMix36_S06_93168000_F1,44.333333333333336,50,distractor,186,62,0.75,0.5597484276729561,NA,1,2,1500,0.07000000000000006,0.051000000000000156,483,1500,0,19.333333333333336
LearnMix36_S06_93168000_F1,44.333333333333336,50,target,496,77,0.86561954624781845,0.6069182389937107,0.11255050420234769,1,2,2050,0.061249999999999805,0.003130028735632173,341.5,2050,0,19.333333333333336
LearnMix36_S26_83640000_F1,44,60,target,263,0,1,1,NA,1,0,2191.666666666667,0.10250000000000026,0.1067499999999999,174.5,2191.666666666667,0.09999999999999998,19
LearnMix36_S26_83640000_F1,44,60,distractor,320,53,0.8579088471849866,0.37106918238993714,NA,1,3,1772.2222222222222,0.11500000000000006,0.06927777777777762,394,1772.2222222222222,0.09999999999999998,19
LearnMix36_S29_98280000_F1,40.43333333333333,80,target,111,47,0.7025316455696202,NA,NA,1,1,1850.0000000000002,-0.1200000000000001,-0.05483333333333329,533,1850.0000000000002,0.30000000000000004,15.43333333333333
LearnMix36_S29_98280000_F1,40.43333333333333,80,distractor,143,15,0.9050632911392406,NA,NA,1,1,2383.3333333333335,-0.03000000000000025,-0.025402298850574656,100,2216.666666666667,0.30000000000000004,15.43333333333333
LearnMix36_S01_88272000_E1,46,35,neither,156,0,1,NA,NA,1,0,2600,0.05999999999999961,0.013916666666666355,583,2600,-0.15000000000000002,21
LearnMix36_S01_88272000_E1,46,35,target,170,137,0.5537459283387622,NA,NA,1,0,2650,0.040000000000000036,0.028166666666666673,333.5,2650,-0.15000000000000002,21
LearnMix36_S01_88272000_E1,46,35,distractor,179,258,0.4096109839816934,0.14465408805031443,0.1156275239676115,1,3,1466.6666666666667,0.02833333333333332,-0.03632070707070693,127.66666666666667,1458.3333333333335,-0.15000000000000002,21
LearnMix36_S04_82812000_E1,39,30,distractor,264,200,0.5689655172413793,0.20125786163522008,NA,1.3333333333333333,4,1241.6666666666667,0.10166666666666702,0.0500833333333334,422,1338.8888888888891,-0.2,14
LearnMix36_S04_82812000_E1,39,30,target,473,0,1,1,NA,1,0,2627.777777777778,0.09500000000000004,0.05330555555555557,505.3333333333333,1922.2222222222222,-0.2,14
LearnMix36_S21_503484000_E1,37,50,target,393,0,1,0.9937106918238994,NA,1.6666666666666667,0,1625.925925925926,0.02833333333333332,-0.00696428571428583,272.3333333333333,727.7777777777778,0,12
LearnMix36_S21_503484000_E1,37,50,neither,83,13,0.8645833333333334,NA,NA,2,0,675,0.26000000000000023,-0.05408333333333326,399,766.6666666666667,0,12
LearnMix36_S21_503484000_E1,37,50,distractor,154,1,0.9935483870967742,NA,NA,1,0,2566.666666666667,0.11000000000000032,0.07050000000000001,466,1416.6666666666667,0,12
LearnMix36_S25_93468000_E1,37,10,target,185,100,0.6491228070175439,NA,NA,2,4,770.8333333333335,-0.17500000000000004,-0.22587499999999983,266.5,625,-0.4,12
LearnMix36_S25_93468000_E1,37,10,distractor,185,123,0.6006493506493507,0.22641509433962265,NA,1,3,1516.6666666666667,0.08500000000000019,-0.016666666666666385,583,1116.6666666666667,-0.4,12
LearnMix36_S25_93468000_E1,37,10,neither,243,58,0.8073089700996677,0.6163522012578617,NA,1.5,2,1600,0.1299999999999999,0.041945402298850576,141.5,691.6666666666667,-0.4,12
LearnMix36_S27_93396000_E1,43,70,distractor,182,41,0.8161434977578476,0.38993710691823896,NA,1,1,1483.3333333333335,0.10750000000000015,0.027416666666666645,582.5,1433.3333333333335,0.19999999999999996,18
LearnMix36_S27_93396000_E1,43,70,target,220,92,0.7051282051282052,0.4088050314465409,NA,1,2,1825,-0.07499999999999996,-0.02495238095238106,116,1816.6666666666667,0.19999999999999996,18
LearnMix36_S28_502428000_E1,38,60,distractor,136,11,0.9251700680272109,NA,NA,2,0,1125,-0.0050000000000003375,-0.049969696969697,50,1533.3333333333335,0.09999999999999998,13
LearnMix36_S28_502428000_E1,38,60,neither,325,75,0.8125,0.5345911949685535,NA,1,2,1772.2222222222224,0.1875,0.13633333333333342,458.5,1772.2222222222224,0.09999999999999998,13
LearnMix36_S28_502428000_E1,38,60,target,121,0,1,NA,NA,2,0,991.6666666666667,-0.015000000000000124,-0.11791666666666645,183,1083.3333333333335,0.09999999999999998,13
LearnMix36_S07_535140000_F2,41.266666666666666,50,neither,444,20,0.9568965517241379,0.6509433962264151,0.07205307696471445,2,0,815.9722222222223,0.34625000000000006,0.1464112103174604,203.75,816.6666666666667,0,16.266666666666666
LearnMix36_S07_535140000_F2,41.266666666666666,50,distractor,68,17,0.8,NA,NA,1,1,366.6666666666667,-0.025000000000000355,-0.06541666666666668,50,250.00000000000003,0,16.266666666666666
LearnMix36_S14_94020000_F2,38,45,distractor,204,244,0.45535714285714285,-0.37106918238993714,0.11562752396761156,1,3,1683.3333333333335,0.22499999999999995,0.1283055555555556,516,1233.3333333333333,-0.04999999999999999,13
LearnMix36_S14_94020000_F2,38,45,neither,287,158,0.6449438202247191,0.21540880503144655,0.1534288298800999,1,4,1511.1111111111113,0.12500000000000022,0.006999999999999895,375,1061.111111111111,-0.04999999999999999,13
LearnMix36_S20_85212000_F2,48,80,target,233,76,0.7540453074433657,0.5157232704402515,NA,1,2,1866.666666666667,0.04499999999999993,0.015750000000000153,316.5,1366.6666666666667,0.30000000000000004,23
LearnMix36_S20_85212000_F2,48,80,distractor,131,22,0.8562091503267973,NA,NA,1,1,2133.3333333333335,0.05500000000000016,0.05583333333333318,184,2116.666666666667,0.30000000000000004,23
LearnMix36_S13_536412000_E2,40.43333333333333,40,distractor,145,172,0.45741324921135645,-0.08176100628930827,NA,1,2,1208.3333333333335,0.1050000000000002,0.03127155172413798,408,1166.6666666666667,-0.09999999999999998,15.43333333333333
LearnMix36_S13_536412000_E2,40.43333333333333,40,target,91,22,0.8053097345132744,NA,NA,1,1,1516.6666666666667,0.07500000000000018,0.06008333333333349,183,1516.6666666666667,-0.09999999999999998,15.43333333333333
LearnMix36_S15_97932000_E2,39.46666666666667,50,neither,215,1,0.9953703703703703,0.5471698113207547,NA,1,0,1716.6666666666667,0.06000000000000005,-0.03825000000000012,383,1658.3333333333335,0,14.466666666666669
LearnMix36_S17_94332000_E2,38,60,target,243,73,0.7689873417721519,NA,NA,1.5,1,1370.8333333333335,0.08250000000000002,0.08656702898550739,533.5,1666.666666666667,0.09999999999999998,13
LearnMix36_S17_94332000_E2,38,60,distractor,402,73,0.8463157894736842,0.6509433962264151,0.07560261182497684,1.3333333333333333,2,1844.4444444444446,0.16,0.04924999999999994,594,2027.7777777777778,0.09999999999999998,13
LearnMix36_S17_94332000_E2,38,60,neither,80,70,0.5333333333333333,NA,NA,1,1,1333.3333333333335,-0.04000000000000048,-0.019828431372549193,333,1333.3333333333335,0.09999999999999998,13
LearnMix36_S24_545388000_E2,41,60,neither,155,50,0.7560975609756098,0.23270440251572327,NA,2,2,461.11111111111114,-0.030000000000000027,-0.09412500000000001,158.5,483.33333333333337,0.09999999999999998,16
LearnMix36_S30_109320000_E2,40.2,40,target,563,180,0.7577388963660835,0.5356394129979035,0.25913043676403363,1,4,1873.3333333333335,0.040000000000000036,0.00816666666666661,343.2,1873.3333333333335,-0.09999999999999998,15.200000000000003
LearnMix36_S30_109320000_E2,40.2,40,neither,72,87,0.4528301886792453,NA,NA,1,1,1200,-0.025000000000000355,-0.027571839080459792,383,1200,-0.09999999999999998,15.200000000000003
CogMisp24_S03_557712000,25,61,neither,363,171,0.6797752808988764,NA,NA,1.75,7,841.6666666666667,0.3016666666666666,0.27744356261022923,300,466.66666666666674,0.10999999999999999,0
CogMisp24_S03_557712000,25,61,distractor,58,233,0.19931271477663232,NA,NA,2,2,400,0.4224999999999999,0.3675416666666669,483.5,433.33333333333337,0.10999999999999999,0
CogMisp24_S03_557712000,25,61,target,363,175,0.6747211895910781,NA,NA,2,5,691.6666666666667,0.30874999999999997,0.1852986453201969,408.25,433.33333333333337,0.10999999999999999,0
CogMisp24_S05_529728000,31,75,distractor,382,204,0.6518771331058021,NA,NA,1.75,4,837.5,0.18625000000000014,0.126787067099567,383,854.1666666666667,0.25,6
CogMisp24_S05_529728000,31,75,target,612,240,0.7183098591549296,0.9088050314465409,0.048919337063220256,1.5,6,1204.1666666666667,0.13699999999999993,0.09537167487684739,363.2,1269.4444444444446,0.25,6
CogMisp24_S05_529728000,31,75,neither,188,70,0.7286821705426356,NA,NA,2.5,2,597.2222222222223,0.3400000000000003,0.168333333333333,383,375,0.25,6
CogMisp24_S06_548532000,28,100,target,163,315,0.3410041841004184,-0.389937106918239,0.2579383226969796,1,4,455.5555555555556,0.14874999999999983,0.1204166666666665,550,491.66666666666674,0.5,3
CogMisp24_S06_548532000,28,100,distractor,518,301,0.6324786324786325,0.3238993710691824,0.004447212460292751,1.6666666666666667,10,1025.462962962963,0.15416666666666687,0.09240277777777768,402.3333333333333,741.6666666666667,0.5,3
CogMisp24_S06_548532000,28,100,neither,123,33,0.7884615384615384,NA,NA,2,2,1016.6666666666667,-4.440892098500626e-16,-0.12333333333333352,250,366.6666666666667,0.5,3
CogMisp24_S18_554724000,29,95,neither,311,22,0.933933933933934,NA,NA,2,1,1017.5925925925926,0.07166666666666692,0.026720760233918117,305.3333333333333,1216.6666666666667,0.44999999999999996,4
CogMisp24_S18_554724000,29,95,distractor,398,180,0.6885813148788927,0.30503144654088055,0.07560261182497681,1.6,5,701.6666666666667,0.12399999999999993,0.0877529914529915,486,846.6666666666667,0.44999999999999996,4
CogMisp24_S18_554724000,29,95,target,243,126,0.6585365853658537,NA,NA,1,2,1305.5555555555557,0.029999999999999805,-0.009089084118495924,372,1305.5555555555557,0.44999999999999996,4
CogMisp24_S23_529692000,31,99,neither,70,64,0.5223880597014925,NA,NA,2,2,550,0.35499999999999954,0.19633333333333347,450,483.33333333333337,0.49,6
CogMisp24_S23_529692000,31,99,distractor,424,362,0.539440203562341,0.0031446540880503276,0.12478638313990044,1.5,8,923.6111111111112,0.16749999999999984,0.0975176767676768,386,902.7777777777778,0.49,6
CogMisp24_S23_529692000,31,99,target,327,287,0.5325732899022801,NA,NA,1.25,8,1160.4166666666667,0.3037500000000001,0.1367812500000002,516.25,1150,0.49,6
CogMisp24_S24_536832000,27,74,distractor,647,337,0.657520325203252,0.4764150943396227,0.08475022654380364,2,15,813.8888888888889,0.155,0.07640646258503413,459.2857142857143,876.1904761904763,0.24,2
CogMisp24_S24_536832000,27,74,target,473,91,0.8386524822695035,NA,NA,1.25,3,1533.3333333333335,0.1662499999999999,0.03643452380952383,416.25,1512.5,0.24,2
CogMisp24_S32_554952000,30,76,target,241,242,0.4989648033126294,NA,NA,2,6,409.7222222222223,0.22749999999999992,0.16344940476190484,499.25,595.8333333333334,0.26,5
CogMisp24_S32_554952000,30,76,neither,446,109,0.8036036036036036,0.320754716981132,0.008894424920585462,1.75,2,1255.5555555555557,0.14374999999999993,0.08344801587301587,358.25,1154.1666666666667,0.26,5
CogMisp24_S32_554952000,30,76,distractor,145,283,0.338785046728972,-0.018867924528301883,0.06226097444409851,3,5,402.08333333333337,0.34833333333333316,0.21442629592629592,610.6666666666666,308.33333333333337,0.26,5
CogMisp24_S35_563376000,28,100,distractor,334,79,0.8087167070217918,NA,NA,1.6666666666666667,5,1266.6666666666667,0.21666666666666665,0.12697222222222213,338.6666666666667,833.3333333333334,0.5,3
CogMisp24_S35_563376000,28,100,target,202,44,0.8211382113821138,NA,NA,3,1,597.9166666666667,-0.010000000000000009,-0.08948706896551717,267,250,0.5,3
CogMisp24_S35_563376000,28,100,neither,192,34,0.8495575221238938,NA,NA,2.5,1,497.2222222222223,0.3700000000000001,0.13392261904761904,241.5,266.6666666666667,0.5,3
CogMisp24_S38_562800000,28,35,distractor,290,99,0.7455012853470437,NA,NA,3,3,566.1111111111112,0.34833333333333344,0.17422222222222214,588.6666666666666,538.8888888888889,-0.15000000000000002,3
CogMisp24_S38_562800000,28,35,neither,314,162,0.6596638655462185,NA,NA,2.25,6,536.8055555555557,0.30625,0.17824385011441646,374.5,391.6666666666667,-0.15000000000000002,3
CogMisp24_S38_562800000,28,35,target,45,62,0.4205607476635514,NA,NA,1,1,616.6666666666667,0.3550000000000004,0.25306034482758655,500,233.33333333333334,-0.15000000000000002,3
CogMisp24_S52_522864000,31,36,target,518,241,0.6824769433465085,0.3349056603773585,0.24202943450847625,1.4,6,1295,0.1959999999999998,0.19787777777777774,402.8,1570,-0.14,6
CogMisp24_S52_522864000,31,36,distractor,581,336,0.6335877862595419,0.2688679245283019,0.07305259993302278,1.6666666666666667,6,1085.1851851851852,0.2816666666666668,0.166298076923077,502.3333333333333,1155.5555555555557,-0.14,6
CogMisp24_S56_542736000,29,92,target,589,165,0.7811671087533156,0.8238993710691824,0.06226097444409851,1.8,5,1222.7777777777778,0.23800000000000007,0.17880000000000001,423.2,1116.6666666666667,0.42000000000000004,4
CogMisp24_S56_542736000,29,92,distractor,672,428,0.610909090909091,0.31918238993710696,0.14317676022430453,1.4285714285714286,10,1226.1904761904761,0.2685714285714287,0.2091071428571428,511.57142857142856,1207.142857142857,0.42000000000000004,4
CogMisp24_S68_585456000,25,35,neither,159,126,0.5578947368421052,NA,NA,1,0,2650,0.11250000000000004,0.051955128205128265,499.5,2650,-0.15000000000000002,0
CogMisp24_S68_585456000,25,35,distractor,534,232,0.6971279373368147,0.44339622641509435,0.10826625856331533,1.5,7,1055.5555555555557,0.16166666666666676,0.08186363636363632,382.6666666666667,1150,-0.15000000000000002,0
CogMisp24_S68_585456000,25,35,target,192,47,0.803347280334728,NA,NA,2.5,1,650,0.05499999999999994,-0.0022175925925926876,391,933.3333333333334,-0.15000000000000002,0
CogMisp24_S72_592776000,25,99,target,26,91,0.2222222222222222,NA,NA,1,2,250.00000000000003,-0.4099999999999997,-0.3791666666666669,199,233.33333333333334,0.49,0
CogMisp24_S72_592776000,25,99,distractor,177,339,0.3430232558139535,-0.08176100628930816,0.06226097444409851,1,3,888.8888888888889,0.13749999999999996,0.06154166666666672,466.5,838.8888888888889,0.49,0
CogMisp24_S72_592776000,25,99,neither,431,119,0.7836363636363637,0.1761006289308176,0.15120522364995356,1.4,4,1143.3333333333335,0.06499999999999995,0.08109126984126973,172,1240.0000000000002,0.49,0
CogMisp24_S75_549624000,24,100,target,693,167,0.8058139534883721,0.5345911949685535,0.15120522364995356,1.8333333333333333,6,1275,0.25166666666666654,0.1519166666666667,541.1666666666666,1233.3333333333335,0.5,-1
CogMisp24_S75_549624000,24,100,distractor,333,110,0.7516930022573364,NA,NA,1.3333333333333333,3,1627.7777777777778,0.3,0.20325000000000015,516.3333333333334,1016.6666666666667,0.5,-1
CogMisp24_S76_602136000,25,98,distractor,1034,154,0.8703703703703703,0.7023060796645703,0.17482315924016256,1.25,4,1852.0833333333335,0.2950000000000002,0.20173958333333325,441.375,1802.0833333333335,0.48,0
CogMisp24_S76_602136000,25,98,target,399,78,0.8364779874213837,0.5786163522012578,0,1,2,2172.222222222222,0.2450000000000001,0.11936111111111103,383,2172.222222222222,0.48,0
CogMisp24_S76_602136000,25,98,neither,69,63,0.5227272727272727,NA,NA,2,3,575,NA,NA,NA,683.3333333333334,0.48,0
CogMisp24_S01_540060000,25,48,neither,102,57,0.6415094339622641,NA,NA,1,2,1583.3333333333335,-0.020000000000000462,-0.1166666666666667,266,1583.3333333333335,-0.020000000000000018,0
CogMisp24_S01_540060000,25,48,distractor,637,273,0.7,0.13522012578616352,0.0578137619838058,1.1666666666666667,8,1663.888888888889,0.09333333333333342,0.07887500000000003,313.8333333333333,1644.4444444444446,-0.020000000000000018,0
CogMisp24_S01_540060000,25,48,target,544,240,0.6938775510204082,0.3364779874213837,0.0489193370632203,1,4,1780,0.14300000000000007,0.13867500000000002,353,1780,-0.020000000000000018,0
CogMisp24_S02_587580000,25,38,distractor,84,67,0.5562913907284768,NA,NA,2,1,700,0.12000000000000055,0.0754999999999999,600,200,-0.12,0
CogMisp24_S02_587580000,25,38,neither,449,127,0.7795138888888888,0.2075471698113208,0.05336654952351297,1.8,3,801.6666666666667,0.1875000000000001,0.04242294271820124,437.5,556.6666666666667,-0.12,0
CogMisp24_S02_587580000,25,38,target,162,117,0.5806451612903226,NA,NA,2,4,675,0.08499999999999974,0.007382575757575616,441.5,983.3333333333335,-0.12,0
CogMisp24_S07_563760000,27,100,distractor,1143,231,0.8318777292576419,0.5733752620545074,0.2898386350102984,1.2222222222222223,7,1872.2222222222224,0.2738888888888888,0.19027207977207983,394.22222222222223,1801.851851851852,0.5,2
CogMisp24_S07_563760000,27,100,target,133,86,0.6073059360730594,NA,NA,1.5,2,708.3333333333334,0.2975000000000003,0.14586904761904762,341.5,725,0.5,2
CogMisp24_S09_547320000,28,59,distractor,489,194,0.7159590043923866,0.16666666666666669,0.17344128595141736,1.2,6,1341.6666666666667,0.15200000000000014,0.0975500000000002,473.2,1490,0.08999999999999997,3
CogMisp24_S09_547320000,28,59,target,605,131,0.8220108695652174,0.8270440251572327,0.031130487222049256,1.6,3,1381.6666666666667,0.21000000000000005,0.12223333333333342,486.2,1100,0.08999999999999997,3
CogMisp24_S09_547320000,28,59,neither,84,66,0.56,NA,NA,1,1,1400,0.33999999999999986,0.11119999999999974,333,583.3333333333334,0.08999999999999997,3
CogMisp24_S12_536196000,30,71,neither,387,84,0.821656050955414,0.4371069182389937,0.19123013579258832,1.75,4,925.0000000000001,0.26375000000000004,0.2224094827586207,499.75,716.6666666666667,0.20999999999999996,5
CogMisp24_S12_536196000,30,71,distractor,784,194,0.8016359918200409,0.4633123689727463,0.14190255201890395,1.2857142857142858,7,1458.3333333333335,0.3050000000000001,0.2583084415584417,378.42857142857144,771.4285714285714,0.20999999999999996,5
CogMisp24_S15_533280000,26,96,distractor,362,269,0.5736925515055468,NA,NA,1.8,6,571.6666666666667,0.05500000000000007,0.04545419580419576,539.6,450,0.45999999999999996,1
CogMisp24_S15_533280000,26,96,target,181,72,0.7154150197628458,NA,NA,2,2,750,0.1100000000000001,0.09504166666666669,499.5,566.6666666666667,0.45999999999999996,1
CogMisp24_S33_544764000,25,65,neither,196,95,0.6735395189003437,NA,NA,2,4,783.3333333333334,0.10749999999999993,0.05421133751306173,316,575,0.15000000000000002,0
CogMisp24_S33_544764000,25,65,target,480,212,0.6936416184971098,NA,NA,2,9,798.3333333333334,0.08099999999999988,0.026741954022988512,366.4,553.3333333333334,0.15000000000000002,0
CogMisp24_S33_544764000,25,65,distractor,39,74,0.34513274336283184,NA,NA,1,2,650,0.10499999999999998,0.09791666666666687,466,616.6666666666667,0.15000000000000002,0
CogMisp24_S37_582792000,24,100,distractor,148,170,0.46540880503144655,NA,NA,1,3,1233.3333333333335,0.25250000000000017,0.24787499999999985,333,1233.3333333333335,0.5,-1
CogMisp24_S37_582792000,24,100,target,498,254,0.6622340425531915,NA,NA,1,4,1626.6666666666667,0.18000000000000008,0.1059333333333333,549.6,1536.6666666666667,0.5,-1
CogMisp24_S37_582792000,24,100,neither,185,20,0.9024390243902439,NA,NA,3,1,361.11111111111114,0.24499999999999988,0.18568468169761254,433,391.66666666666674,0.5,-1
CogMisp24_S51_574128000,24,71,distractor,540,135,0.8,0.39622641509433965,0.026683274761756543,1.2,5,1645.0000000000002,0.10999999999999996,0.11677333333333335,353.4,1523.3333333333335,0.20999999999999996,-1
CogMisp24_S51_574128000,24,71,target,497,232,0.6817558299039781,0.0628930817610063,0.08894424920585506,1.4,4,1336.6666666666667,0.24299999999999988,0.1729363636363635,496,1353.3333333333335,0.20999999999999996,-1
CogMisp24_S54_607272000,30,45,neither,109,102,0.5165876777251185,NA,NA,1,2,816.6666666666667,NA,NA,NA,816.6666666666667,-0.04999999999999999,5
CogMisp24_S54_607272000,30,45,distractor,201,151,0.5710227272727273,NA,NA,1.6666666666666667,7,794.4444444444445,0.2416666666666667,0.1957539682539681,499.3333333333333,716.6666666666667,-0.04999999999999999,5
CogMisp24_S54_607272000,30,45,target,69,83,0.45394736842105265,NA,NA,2,2,575,0.15000000000000036,0.08499999999999996,550,283.33333333333337,-0.04999999999999999,5
CogMisp24_S55_562620000,31,26,target,138,118,0.5390625,NA,NA,3,3,577.7777777777778,0.27749999999999986,0.14516666666666667,500,383.33333333333337,-0.24,6
CogMisp24_S55_562620000,31,26,distractor,35,105,0.25,NA,NA,1,2,583.3333333333334,0.28500000000000014,0.17673076923076936,500,583.3333333333334,-0.24,6
CogMisp24_S55_562620000,31,26,neither,560,207,0.7301173402868318,0.5345911949685535,0.17788849841171003,1.8333333333333333,7,972.2222222222223,0.2558333333333332,0.11716742979242982,368.6666666666667,750,-0.24,6
CogMisp24_S60_581484000,24,95,distractor,90,19,0.8256880733944955,NA,NA,3,1,461.11111111111114,0.4249999999999998,0.2801666666666667,567,283.33333333333337,0.44999999999999996,-1
CogMisp24_S60_581484000,24,95,target,238,10,0.9596774193548387,0.7169811320754718,0.1245219488881971,2,0,1366.6666666666667,0.3125000000000002,0.26640476190476203,449.5,1216.6666666666667,0.44999999999999996,-1
CogMisp24_S60_581484000,24,95,neither,127,0,1,NA,NA,2,0,1058.3333333333335,0.31000000000000005,0.24416666666666664,500,233.33333333333334,0.44999999999999996,-1
CogMisp24_S66_576948000,26,87,distractor,655,272,0.7065803667745415,0.40146750524109015,0.17276337666000408,1.8333333333333333,6,1117.1296296296298,0.3116666666666666,0.17637499999999995,563.3333333333334,983.3333333333334,0.37,1
CogMisp24_S66_576948000,26,87,target,554,79,0.8751974723538705,0.7468553459119497,0.2924077420665861,1,2,2300,0.15499999999999992,0.0718333333333333,574.5,2300,0.37,1
CogMisp24_S66_576948000,26,87,neither,197,57,0.7755905511811023,0.4402515723270441,0.15120522364995362,1.5,2,958.3333333333335,0.3300000000000003,0.19066666666666676,333,958.3333333333335,0.37,1
CogMisp24_S69_591408000,25,39,target,870,209,0.8063021316033364,0.7232704402515724,0.29311145151524637,1.5714285714285714,6,1529.3650793650795,0.08416666666666679,0.05146527777777784,464,1400,-0.10999999999999999,0
CogMisp24_S69_591408000,25,39,distractor,517,106,0.8298555377207063,0.5974842767295598,0.053366549523513086,1,4,2141.666666666667,0.14,0.09529166666666644,316.5,1700.0000000000002,-0.10999999999999999,0
CogMisp24_S04_563532000,27,62,distractor,613,300,0.6714129244249726,-0.12264150943396226,0.022236062301463792,1.6666666666666667,11,1150.462962962963,0.09416666666666658,0.07195652958152965,457.8333333333333,911.1111111111112,0.12,2
CogMisp24_S04_563532000,27,62,target,411,125,0.7667910447761194,NA,NA,1.75,5,802.0833333333334,0.08499999999999996,0.00837499999999991,366.25,1062.5,0.12,2
CogMisp24_S04_563532000,27,62,neither,154,35,0.8148148148148148,NA,NA,1.5,1,925,-0.04499999999999971,0.014714743589743673,316,991.6666666666667,0.12,2
CogMisp24_S10_560100000,26,96,target,311,106,0.7458033573141487,0.7169811320754718,0.044472124602927585,1.3333333333333333,2,1338.888888888889,0.18333333333333326,0.09669444444444449,455,1172.2222222222222,0.45999999999999996,1
CogMisp24_S10_560100000,26,96,neither,184,13,0.934010152284264,NA,NA,1,1,1533.3333333333335,0.1200000000000001,0.05029166666666662,608,1358.3333333333335,0.45999999999999996,1
CogMisp24_S10_560100000,26,96,distractor,142,17,0.8930817610062893,NA,NA,1,1,2366.666666666667,0.18000000000000016,0.19383333333333352,216,2366.666666666667,0.45999999999999996,1
CogMisp24_S14_554568000,29,42,distractor,557,362,0.6060935799782372,0.2767295597484276,0.01778884984117096,1.4285714285714286,11,1086.904761904762,0.2628571428571428,0.19255952380952376,361.7142857142857,988.0952380952382,-0.08000000000000002,4
CogMisp24_S14_554568000,29,42,target,471,104,0.8191304347826087,NA,NA,1.8,3,916.6666666666667,0.26300000000000007,0.19818333333333332,403,990.0000000000001,-0.08000000000000002,4
CogMisp24_S19_531828000,30,87,target,447,129,0.7760416666666666,0.2578616352201258,0.13341637380878252,1.75,4,1233.3333333333335,0.16124999999999967,0.11110416666666678,512.25,1587.5,0.37,5
CogMisp24_S19_531828000,30,87,distractor,756,188,0.8008474576271186,0.5581761006289309,0.38329966677220584,1,7,2100,0.1166666666666667,0.0794444444444445,435.8333333333333,1747.2222222222224,0.37,5
CogMisp24_S19_531828000,30,87,neither,102,56,0.6455696202531646,NA,NA,3,4,566.6666666666667,-0.040000000000000036,-0.06091666666666651,216,316.6666666666667,0.37,5
CogMisp24_S21_561504000,28,30,distractor,408,225,0.6445497630331753,0.022012578616352196,0.013341637380878252,1,6,1670.8333333333335,0.29249999999999987,0.20304166666666668,433,1670.8333333333335,-0.2,3
CogMisp24_S21_561504000,28,30,target,699,248,0.7381203801478353,0.4968553459119497,0,1.1666666666666667,3,1727.7777777777778,0.15833333333333344,0.11122222222222211,410.6666666666667,1675,-0.2,3
CogMisp24_S21_561504000,28,30,neither,42,82,0.3387096774193548,NA,NA,2,2,350,NA,NA,NA,483.33333333333337,-0.2,3
CogMisp24_S22_531552000,31,82,target,247,164,0.6009732360097324,NA,NA,1.75,7,686.4583333333334,-0.021249999999999658,-0.028833333333333377,491.25,677.7777777777778,0.31999999999999995,6
CogMisp24_S22_531552000,31,82,distractor,404,52,0.8859649122807017,NA,NA,2,2,735.4166666666667,0.01750000000000007,0.024196969696969717,246,520.8333333333334,0.31999999999999995,6
CogMisp24_S22_531552000,31,82,neither,81,8,0.9101123595505618,NA,NA,2,0,583.3333333333334,0.4900000000000002,0.1451666666666669,366,616.6666666666667,0.31999999999999995,6
CogMisp24_S25_580872000,28,86,distractor,651,215,0.7517321016166282,0.5220125786163522,0.035577699682342125,1.1666666666666667,8,1643.0555555555557,0.30916666666666676,0.25198441644562347,427.5,1480.5555555555557,0.36,3
CogMisp24_S25_580872000,28,86,neither,117,42,0.7358490566037735,NA,NA,1,1,1950.0000000000002,0.32499999999999973,0.20171296296296326,450,1950.0000000000002,0.36,3
CogMisp24_S25_580872000,28,86,target,583,38,0.9388083735909822,NA,NA,1,1,2429.166666666667,0.1937500000000001,0.19293749999999998,453.75,2266.666666666667,0.36,3
CogMisp24_S39_546540000,24,76,distractor,253,166,0.60381861575179,NA,NA,1.6666666666666667,6,863.8888888888889,0.16166666666666663,0.13216452991452998,477.3333333333333,1077.7777777777778,0.26,-1
CogMisp24_S39_546540000,24,76,target,509,314,0.6184690157958688,0.0911949685534591,0.12007473642790427,1.6666666666666667,6,923.6111111111111,0.1791666666666666,0.13573611111111114,349.6666666666667,836.1111111111111,0.26,-1
CogMisp24_S39_546540000,24,76,neither,263,118,0.6902887139107612,NA,NA,1.3333333333333333,3,1100,0.37666666666666676,0.22164536340852145,450,988.8888888888889,0.26,-1
CogMisp24_S42_528996000,24,66,target,408,326,0.555858310626703,-0.2578616352201258,0.16899407349112452,1.2,6,1098.3333333333335,0.2749999999999998,0.2072000000000001,449.8,1070,0.16000000000000003,-1
CogMisp24_S42_528996000,24,66,distractor,377,206,0.6466552315608919,NA,NA,2.25,7,700,0.1612499999999999,0.10495833333333338,383,508.33333333333337,0.16000000000000003,-1
CogMisp24_S42_528996000,24,66,neither,303,127,0.7046511627906977,NA,NA,1.3333333333333333,4,1500,0.26666666666666644,0.19515338164251217,310.6666666666667,822.2222222222223,0.16000000000000003,-1
CogMisp24_S43_538080000,24,100,target,1015,342,0.7479734708916728,0.31761006289308175,0.192734204635108,2.111111111111111,8,902.4691358024692,0.1733333333333334,0.12031084656084658,336.77777777777777,759.2592592592594,0.5,-1
CogMisp24_S43_538080000,24,100,distractor,300,161,0.6507592190889371,NA,NA,1,4,1666.6666666666667,0.0949999999999999,0.09663247863247859,528,1616.6666666666667,0.5,-1
CogMisp24_S49_568812000,24,98,distractor,279,293,0.48776223776223776,0.06603773584905664,0.031130487222049336,1.5,6,737.5,0.12875000000000003,0.0320704022988505,424.75,761.1111111111112,0.48,-1
CogMisp24_S49_568812000,24,98,neither,178,114,0.6095890410958904,NA,NA,2,4,797.2222222222223,0.0824999999999998,0.018195512820512683,466.5,933.3333333333335,0.48,-1
CogMisp24_S49_568812000,24,98,target,737,134,0.8461538461538461,0.6666666666666667,0.12919898480612665,1.5,6,1707.8703703703704,0.15916666666666646,0.09635866910866893,499.1666666666667,1805.5555555555557,0.48,-1
CogMisp24_S58_574284000,26,17,target,546,237,0.6973180076628352,NA,NA,1.6,7,1317.7777777777778,0.10499999999999998,0.07576666666666654,376.4,1253.3333333333335,-0.32999999999999996,1
CogMisp24_S58_574284000,26,17,distractor,525,368,0.5879059350503919,0.25471698113207547,0.12896916134848976,1,7,1723.3333333333335,0.13250000000000006,0.11231944444444457,408.1666666666667,1723.3333333333335,-0.32999999999999996,1
CogMisp24_S59_552972000,26,39,distractor,188,157,0.5449275362318841,NA,NA,2,4,508.33333333333337,0.1550000000000001,0.10908333333333342,521.6666666666666,291.6666666666667,-0.10999999999999999,1
CogMisp24_S59_552972000,26,39,target,245,0,1,NA,NA,5,0,373.33333333333337,0.18499999999999983,0.11750000000000016,599,258.33333333333337,-0.10999999999999999,1
CogMisp24_S59_552972000,26,39,neither,380,274,0.581039755351682,0.5,0.0578137619838058,2.4,5,398.8888888888889,0.07500000000000002,0.031795329051160635,358.1666666666667,300,-0.10999999999999999,1
CogMisp24_S70_571500000,24,100,distractor,477,443,0.5184782608695652,-0.1981132075471698,0.05781376198380572,1,11,1319.4444444444446,0.26833333333333353,0.22558333333333339,374.5,1319.4444444444446,0.5,-1
CogMisp24_S70_571500000,24,100,target,669,250,0.7279651795429815,0.20754716981132074,0.01778884984117096,1.6666666666666667,7,1258.7962962962963,0.24916666666666654,0.18575641025641013,460.8333333333333,1322.2222222222222,0.5,-1
CogMisp24_S71_581112000,25,93,target,623,172,0.7836477987421384,0.37735849056603776,0,1.4,7,1638.3333333333335,0.0959999999999999,0.03695717948717956,533.2,1513.3333333333335,0.43000000000000005,0
CogMisp24_S71_581112000,25,93,distractor,650,133,0.8301404853128991,0.7672955974842768,0.008894424920585502,1,4,2166.666666666667,0.20599999999999996,0.11269999999999998,532.6,2166.666666666667,0.43000000000000005,0
CogMisp24_S71_581112000,25,93,neither,125,33,0.7911392405063291,NA,NA,1,1,2083.3333333333335,0.20000000000000018,0.1863095238095238,416,2083.3333333333335,0.43000000000000005,0
CogMisp24_S74_535680000,25,96,target,400,77,0.8385744234800838,NA,NA,1.3333333333333333,3,1850,0.11333333333333358,0.08808333333333322,422,1650,0.45999999999999996,0
CogMisp24_S74_535680000,25,96,distractor,445,253,0.6375358166189111,0.5031446540880504,0.0889442492058551,1.2,6,1331.6666666666667,0.18800000000000008,0.1144166666666667,513.2,1303.3333333333335,0.45999999999999996,0
CogMisp24_S74_535680000,25,96,neither,212,89,0.7043189368770764,0.05031446540880502,0.026683274761756505,1,3,1094.4444444444446,-0.16333333333333325,-0.102574074074074,482.3333333333333,1088.888888888889,0.45999999999999996,0
CogMisp24_S08_549144000,27,63,target,372,180,0.6739130434782609,NA,NA,1.5,3,904.1666666666667,0.13250000000000017,0.12214152298850567,387,850,0.13,2
CogMisp24_S08_549144000,27,63,distractor,338,97,0.7770114942528735,NA,NA,2,1,936.1111111111112,0.24333333333333348,0.21300641025641007,450,1133.3333333333335,0.13,2
CogMisp24_S08_549144000,27,63,neither,88,0,1,NA,NA,1,0,1466.6666666666667,0.48,0.38483333333333336,516,1466.6666666666667,0.13,2
CogMisp24_S11_544008000,24,98,neither,153,146,0.5117056856187291,NA,NA,1.6666666666666667,6,413.8888888888889,0.0016666666666666312,-0.042680213464696116,427,208.33333333333334,0.48,-1
CogMisp24_S11_544008000,24,98,target,233,61,0.7925170068027211,NA,NA,1.5,3,1391.6666666666667,0.28249999999999975,0.1911666666666667,399.5,366.6666666666667,0.48,-1
CogMisp24_S11_544008000,24,98,distractor,333,217,0.6054545454545455,-0.05974842767295599,0.040024912142634796,1.75,8,902.7777777777778,0.355,0.2571698717948717,470.25,887.5000000000001,0.48,-1
CogMisp24_S16_528516000,30,81,distractor,205,256,0.44468546637744033,NA,NA,1.3333333333333333,7,936.1111111111112,0.26499999999999985,0.19399999999999995,488.3333333333333,833.3333333333334,0.31000000000000005,5
CogMisp24_S16_528516000,30,81,target,579,171,0.772,NA,NA,1.4,5,1535,0.20600000000000004,0.14206666666666665,376,666.6666666666667,0.31000000000000005,5
CogMisp24_S16_528516000,30,81,neither,201,74,0.730909090909091,NA,NA,1.5,2,1183.3333333333335,0.33999999999999986,0.21637499999999976,474.5,1475,0.31000000000000005,5
CogMisp24_S17_542916000,24,59,target,732,336,0.6853932584269663,0.10062893081761007,0.038083652252798646,2,11,905.0347222222223,0.23062500000000002,0.025182615875503855,359.875,616.6666666666667,0.08999999999999997,-1
CogMisp24_S17_542916000,24,59,distractor,198,250,0.4419642857142857,NA,NA,1.5,5,1141.6666666666667,0.2116666666666666,0.16086111111111112,516.3333333333334,475,0.08999999999999997,-1
CogMisp24_S17_542916000,24,59,neither,45,84,0.3488372093023256,NA,NA,1,2,666.6666666666667,0.36499999999999977,0.23398809523809527,449,666.6666666666667,0.08999999999999997,-1
CogMisp24_S26_549528000,28,89,target,1298,281,0.8220392653578215,0.6926100628930818,0.22012418174232393,1.1,6,2071.6666666666665,0.16199999999999987,0.10421410256410257,463.1,2105,0.39,3
CogMisp24_S26_549528000,28,89,distractor,226,90,0.7151898734177216,NA,NA,1,1,1866.6666666666667,0.21250000000000036,0.16333012820512827,583,1866.6666666666667,0.39,3
CogMisp24_S30_561996000,28,72,neither,357,118,0.751578947368421,NA,NA,1.5,5,1012.5000000000001,0.15000000000000024,0.04669791666666678,495.25,604.1666666666667,0.21999999999999997,3
CogMisp24_S30_561996000,28,72,target,209,10,0.954337899543379,NA,NA,1.5,0,1379.1666666666667,0.25250000000000017,0.08988793103448289,375,250,0.21999999999999997,3
CogMisp24_S30_561996000,28,72,distractor,118,11,0.9147286821705426,NA,NA,3,0,650,0.13999999999999968,0.049666666666666526,600,216.66666666666669,0.21999999999999997,3
CogMisp24_S31_533496000,27,67,distractor,537,353,0.6033707865168539,0.11949685534591198,0.25793832269697964,1.5,7,1108.3333333333335,0.18083333333333326,0.12809722222222217,427.5,886.1111111111112,0.17000000000000004,2
CogMisp24_S31_533496000,27,67,target,318,0,1,NA,NA,1,0,2650,0.10749999999999993,0.061750000000000194,582.5,2650,0.17000000000000004,2
CogMisp24_S31_533496000,27,67,neither,14,370,0.036458333333333336,-0.7484276729559749,0,NA,0,NA,0.08999999999999986,0.07479166666666659,134,NA,0.17000000000000004,2
CogMisp24_S34_543228000,25,100,neither,253,34,0.8815331010452961,0.6886792452830188,0.01334163738087833,1,1,2016.666666666667,0.1349999999999998,0.10039050751879697,457.5,2016.666666666667,0.5,0
CogMisp24_S34_543228000,25,100,target,344,249,0.5801011804384486,NA,NA,1.25,6,985.4166666666667,0.24750000000000005,0.13104166666666672,541,1083.3333333333335,0.5,0
CogMisp24_S34_543228000,25,100,distractor,509,108,0.8249594813614263,NA,NA,1.25,3,1895.8333333333335,0.17500000000000004,0.12012500000000004,341.25,1462.5000000000002,0.5,0
CogMisp24_S47_581820000,26,100,neither,408,169,0.707105719237435,NA,NA,1.25,5,1575,0.1874999999999999,0.13176252052545168,457.75,1179.1666666666667,0.5,1
CogMisp24_S47_581820000,26,100,distractor,576,145,0.7988904299583911,0.7358490566037736,0.04447212460292751,1.4,5,1436.6666666666667,0.44000000000000006,0.2596282051282051,529.4,1186.6666666666667,0.5,1
CogMisp24_S47_581820000,26,100,target,380,74,0.8370044052863436,NA,NA,1.6666666666666667,4,1491.666666666667,0.18249999999999988,0.1601666666666668,449.5,1322.2222222222224,0.5,1
CogMisp24_S50_570504000,25,62,target,314,116,0.7302325581395349,0.15408805031446543,0.031130487222049315,1.6666666666666667,1,947.2222222222223,0.3099999999999999,0.26383908045977017,394,977.7777777777778,0.12,0
CogMisp24_S50_570504000,25,62,distractor,537,362,0.5973303670745272,0.26415094339622647,0.05336654952351301,1.1666666666666667,9,1320.8333333333335,0.13083333333333344,0.1321623851294904,313.6666666666667,1311.1111111111113,0.12,0
CogMisp24_S50_570504000,25,62,neither,136,125,0.5210727969348659,NA,NA,2,6,475.00000000000006,0.2549999999999999,0.176574074074074,466,900.0000000000001,0.12,0
CogMisp24_S53_562644000,31,27,distractor,363,351,0.5084033613445378,-0.09119496855345913,0.01334163738087829,1,4,1512.5,0.08900000000000015,0.07861980548187439,459.8,1454.1666666666667,-0.22999999999999998,6
CogMisp24_S53_562644000,31,27,target,743,189,0.7972103004291845,0.5062893081761006,0.031130487222049256,1.5,7,1501.388888888889,0.2108333333333333,0.11556439393939384,455.1666666666667,1238.888888888889,-0.22999999999999998,6
CogMisp24_S53_562644000,31,27,neither,85,48,0.6390977443609023,NA,NA,1,2,1283.3333333333335,0.31999999999999984,0.14562121212121193,616,216.66666666666669,-0.22999999999999998,6
CogMisp24_S57_576672000,25,90,distractor,832,236,0.7790262172284644,0.42662473794549266,0.24810237971021917,1.5,8,1284.375,0.23437500000000006,0.15929166666666672,443.5,1275,0.4,0
CogMisp24_S57_576672000,25,90,neither,189,76,0.7132075471698113,0.3553459119496855,0.16454686103083177,1.5,2,1062.5,0.24749999999999983,0.09169642857142857,374.5,1308.3333333333335,0.4,0
CogMisp24_S57_576672000,25,90,target,120,24,0.8333333333333334,NA,NA,3,2,666.6666666666667,0.5099999999999998,0.3115000000000001,516,216.66666666666669,0.4,0
CogMisp24_S62_588780000,27,38,target,389,207,0.6526845637583892,NA,NA,1.75,9,1103.4722222222224,0.14500000000000002,0.16743536324786323,237.25,954.1666666666667,-0.12,2
CogMisp24_S62_588780000,27,38,distractor,410,335,0.5503355704697986,-0.08176100628930819,0.03557769968234205,1.6,13,856.6666666666667,0.11700000000000008,0.11383333333333337,193.2,936.6666666666667,-0.12,2
CogMisp24_S62_588780000,27,38,neither,107,176,0.37809187279151946,NA,NA,2.5,5,373.61111111111114,0.39249999999999985,0.276875,457.5,483.33333333333337,-0.12,2
