recording_name,subject_id,dataset_name,age_months,exp_to_target_lang,fre_exp,eng_exp,mean_prop_looking,sd_prop_looking,n_trials_prop_looking,mean_prop_looking_diff,sd_prop_looking_diff,n_trials_prop_looking_diff,mean_number_fixations,sd_number_fixations,n_trials_number_fixations,mean_prop_shift_target_initial,sd_prop_shift_target_initial,n_trials_prop_shift_target_initial,mean_prop_shift_distractor_initial,sd_prop_shift_distractor_initial,n_trials_prop_shift_distractor_initial,mean_RT,sd_RT,n_trials_RT,total_aoi_switches,n_trials_total_aoi_switches,mean_duration_of_look,sd_duration_of_look,n_trials_duration_of_look,mean_first_look_dur,sd_first_look_dur,n_trials_first_look_dur,mean_longest_look,sd_longest_look,mean_peak_pupil_size_difference,sd_peak_pupil_size_difference,n_trials_peak_pupil_size_difference,mean_mean_pupil_size_difference,sd_mean_pupil_size_difference,n_trials_mean_pupil_size_difference,mean_peak_pupil_latency,sd_peak_pupil_latency,n_trials_peak_pupil_latency,age_months_centred,data_split
CompMix36_S01_88272000_F1,88272000,CompMix-36,46,65,65,35,0.41719643061278533,0.32923981280209225,6,-0.28301886792452835,5.551115123125783e-17,2,1.2,0.44721359549995793,5,NA,NA,NA,0.8333333333333334,0.408248290463863,6,460.2,273.4039136515789,5,7,6,946.6666666666667,543.573566522713,5,1060,584.5938761225609,5,1060,584.5938761225609,0.02416666666666667,0.08077231373847514,6,-0.032374999999999966,0.1047438906995959,6,319.1666666666667,256.9859269817448,6,21,distractor
CompMix36_S04_82812000_F1,82812000,CompMix-36,39,70,70,30,0.7055729416496571,0.19337454256982542,10,0.4224318658280923,0.26967616695767876,6,1.2,0.4216370213557839,10,NA,NA,NA,1,0,10,372,131.03434664239754,10,15,10,1549.1666666666667,503.54376886274133,10,1488.3333333333335,580.657885718358,10,1610,470.5001279174857,0.023500000000000076,0.07023966907034142,10,0.0167333333333334,0.04271551746261269,10,396.4,233.46957926985786,10,14,distractor
CompMix36_S21_503484000_F1,503484000,CompMix-36,37,50,50,50,0.8828704611020964,0.06655475603815787,6,0.6729559748427674,0.06226097444409859,2,1.8333333333333333,0.752772652709081,6,NA,NA,NA,1,0,6,257,130.64149417394154,6,4,6,1197.2222222222222,824.2617347708235,6,1297.2222222222222,753.9095632963079,6,1297.2222222222222,753.9095632963079,0.06916666666666667,0.1351449838753427,6,0.007666666666666784,0.09182590714075314,6,433,210.72446464518544,6,12,distractor
CompMix36_S25_93468000_F1,93468000,CompMix-36,37,90,90,10,0.825979264593126,0.12422603310285792,3,NA,NA,NA,3,1,3,NA,NA,NA,1,0,3,337,258.37182508934677,3,2,3,557.4074074074074,285.7378003257172,3,683.3333333333334,344.39963866286377,3,750,274.3679605525722,0.07166666666666677,0.17538053863907885,3,0.021777777777777896,0.12056361660197555,3,383,272.74346921603825,3,12,distractor
CompMix36_S28_502428000_F1,502428000,CompMix-36,38,40,40,60,0.713696715583508,0.19070728533358103,3,NA,NA,NA,1,0,3,NA,NA,NA,1,0,3,623.3333333333334,628.9374637699151,3,2,3,1588.8888888888891,590.7465458904364,3,1588.8888888888891,590.7465458904364,3,1588.8888888888891,590.7465458904364,0.04833333333333364,0.27903106159231333,3,0.05624999999999991,0.19132454974031238,3,382.3333333333333,175.75361542037572,3,13,distractor
CompMix36_S13_536412000_F2,536412000,CompMix-36,40.43333333333333,70,70,40,0.6996363629777719,0.13331834068128412,7,0.15408805031446543,0.022236062301463775,2,2,1,7,NA,NA,NA,1,0,7,513.1428571428571,142.8722372977906,7,7,7,746.4285714285716,318.1928552335724,7,590.4761904761905,335.39047763282207,7,973.8095238095239,467.5445257918048,0.0835714285714285,0.08938280435456103,7,0.024465986394557833,0.0962669683555118,7,409.2857142857143,157.3845759974743,7,15.43333333333333,distractor
CompMix36_S15_97932000_F2,97932000,CompMix-36,39.46666666666667,45,45,50,0.4428041985548928,0.158815203133777,6,0.08176100628930819,0.19567734825288105,2,1.3333333333333333,0.816496580927726,6,NA,NA,NA,0.8333333333333334,0.408248290463863,6,810.2,462.03917582819753,5,8,6,750.0000000000001,384.27420765212264,6,711.1111111111112,422.51451870736764,6,822.2222222222223,372.18076054320505,0.049166666666666435,0.16647572395597696,6,0.06434722222222226,0.09951424265270137,6,394.1666666666667,132.2261950850385,6,14.466666666666669,distractor
CompMix36_S17_94332000_F2,94332000,CompMix-36,38,40,40,60,0.46576374849448554,0.21093792170940917,6,NA,NA,NA,1.6666666666666667,0.816496580927726,6,NA,NA,NA,1,0,6,400.8333333333333,162.67073082354634,6,12,6,746.7592592592594,250.27402677338748,6,830.5555555555557,499.7128805253703,6,950.0000000000001,428.04464979978695,0.11916666666666671,0.09504823336951966,6,0.06623611111111131,0.0902300980928863,6,383.1666666666667,228.6634353513186,6,13,distractor
CompMix36_S24_545388000_F2,545388000,CompMix-36,41,40,40,60,0.6287927584196574,0.23831820770056425,10,-0.06918238993710692,0.13654221792816587,4,1.2,0.4216370213557839,10,NA,NA,NA,1,0,10,285.7,233.37240149121698,10,14,10,1494.1666666666667,785.3014086763985,10,1541.6666666666667,731.7006235265458,10,1541.6666666666667,731.7006235265458,0.02400000000000002,0.1793940417690125,10,-0.0237000000000001,0.14580905723870344,10,318.3,244.1456987583894,10,16,distractor
CompMix36_S30_109320000_F2,109320000,CompMix-36,40.2,60,60,40,0.5923970236055928,0.23888380862155495,6,0.24213836477987424,0.06670818690439122,2,1.1666666666666667,0.408248290463863,6,NA,NA,NA,1,0,6,498,250.27424957434195,6,9,6,1250,479.4672969962486,6,1388.888888888889,522.8837417700108,6,1388.888888888889,522.8837417700108,0.04333333333333337,0.04622409184253045,6,0.02175000000000001,0.03545474423668695,6,463.3333333333333,181.67296625163212,6,15.200000000000003,distractor
CompMix36_S03_86508000_E1,86508000,CompMix-36,43.2,30,70,30,0.8835003558918997,0.06949786790740581,6,NA,NA,NA,1.3333333333333333,0.5163977794943222,6,NA,NA,NA,1,0,6,306.5,182.91938114918275,6,5,6,1920.8333333333335,651.5739490734043,6,1766.6666666666667,902.835040918944,6,2075,503.184304648351,0.08250000000000002,0.18446544391836664,6,0.04298106060606055,0.11707675493514182,6,505.1666666666667,245.5552212164642,6,18.200000000000003,distractor
CompMix36_S05_96120000_E1,96120000,CompMix-36,46,40,60,40,0.8216283435432904,0.14253705688118462,7,0.550314465408805,0.05781376198380568,2,1.8571428571428572,1.2149857925879117,7,NA,NA,NA,1,0,7,261.2857142857143,251.98327608905205,7,7,7,1381.547619047619,758.7981525039359,7,1585.7142857142858,564.4096039741006,7,1585.7142857142858,564.4096039741006,0.06928571428571427,0.10361903667717028,7,0.06479894179894183,0.10934050595459324,7,307.14285714285717,218.2715652357773,7,21,distractor
CompMix36_S06_93168000_E1,93168000,CompMix-36,44.333333333333336,50,50,50,0.562440493498863,0.2746331387400311,7,-0.11635220125786168,0.04891933706322032,2,1.4285714285714286,0.5345224838248488,7,NA,NA,NA,0.8571428571428571,0.3779644730092272,7,515,338.2300991928424,6,9,7,1052.3809523809525,690.1877476340238,7,1228.5714285714287,656.2882641905809,7,1228.5714285714287,656.2882641905809,0.06357142857142842,0.09437135360347645,7,-0.030321428571428704,0.08718596329551684,7,387.57142857142856,244.4346246223839,7,19.333333333333336,distractor
CompMix36_S26_83640000_E1,83640000,CompMix-36,44,40,60,40,0.7692790980918097,0.09220962981180433,5,NA,NA,NA,1.4,0.5477225575051661,5,NA,NA,NA,1,0,5,526.6,217.743656624022,5,5,5,1486.6666666666667,801.8338356542457,5,1456.6666666666667,820.6196845473953,5,1566.6666666666667,715.5999813676167,0.12700000000000014,0.16991174179555693,5,0.0843166666666666,0.11793507512374925,5,240,196.32753245533343,5,19,distractor
CompMix36_S29_98280000_E1,98280000,CompMix-36,40.43333333333333,20,80,20,0.6673456048619903,0.22737132157786366,7,0.35639412997903563,0.3486493554185453,6,1.2857142857142858,0.4879500364742666,7,NA,NA,NA,1,0,7,555.7142857142857,427.58925551114055,7,11,7,1414.2857142857144,645.7610046544117,7,1342.857142857143,752.0254836389045,7,1583.3333333333335,620.6328908341752,0.05857142857142853,0.1029042550834791,7,0.02914203612479468,0.12379137471641666,7,344.85714285714283,177.66863216995526,7,15.43333333333333,distractor
CompMix36_S07_535140000_E2,535140000,CompMix-36,41.266666666666666,50,50,50,0.32710280373831774,NA,1,NA,NA,NA,2,NA,1,NA,NA,NA,1,NA,1,371,NA,1,3,1,216.66666666666669,NA,1,200,NA,1,233.33333333333334,NA,0.10499999999999998,NA,1,-0.0359166666666666,NA,1,366,NA,1,16.266666666666666,distractor
CompMix36_S14_94020000_E2,94020000,CompMix-36,38,55,45,55,0.6034923629082243,0.27596270396043926,9,0.35534591194968557,0.08838659951292578,6,1.5,0.7559289460184544,8,NA,NA,NA,0.8888888888888888,0.3333333333333333,9,305.625,181.11790753145152,8,14,9,1239.9305555555557,573.7572597166867,8,1183.3333333333335,640.4983179041889,8,1352.0833333333335,511.87776783754657,0.11111111111111116,0.11762699992395917,9,0.06176851851851856,0.09609082958776145,9,425.55555555555554,181.04703194965055,9,13,distractor
CompMix36_S20_85212000_E2,85212000,CompMix-36,48,20,80,20,0.5296204961715462,0.2588316207457376,5,-0.39308176100628933,0.013341637380878213,2,1.4,0.5477225575051661,5,NA,NA,NA,0.8,0.44721359549995793,5,308,119.1217864204529,4,9,5,1013.3333333333335,634.3631977555656,5,993.3333333333335,649.8504101372528,5,1040,612.8938642937201,-0.0040000000000000036,0.074783019462977,5,-0.038888035527690865,0.03943893981639486,5,446.4,251.2872857905867,5,23,distractor
Mix_20_S29,17328000,Mix-20,21.033333333333335,42,58,42,0.16666666666666666,0.23570226039551584,2,NA,NA,NA,1,NA,1,NA,NA,NA,0,0,2,NA,NA,NA,1,2,700,NA,1,700,NA,1,700,NA,0.03500000000000014,0.049497474683058526,2,0.020208333333333384,0.018443701875949358,2,316,400.2224381515859,2,-3.966666666666665,distractor
Mix_20_S36,16464000,Mix-20,21.3,62,38,62,0.43671995393376023,0.3804745115714469,4,NA,NA,NA,1.3333333333333333,0.5773502691896257,3,NA,NA,NA,0.75,0.5,4,207.66666666666666,214.23429541820175,3,3,4,883.3333333333335,125.83057392117917,3,755.5555555555557,340.47896546765696,3,1011.1111111111112,117.06281947614156,0.0837500000000001,0.217346689262416,4,0.034520833333333445,0.1728221411649901,4,549.75,151.79234719400932,4,-3.6999999999999993,distractor
Mix_14_S23,55704000,Mix-14,14.3,77,23,77,0.3029197080291971,0.4283931594049887,2,NA,NA,NA,1,NA,1,NA,NA,NA,0.5,0.7071067811865476,2,900,NA,1,1,2,1383.3333333333335,NA,1,1383.3333333333335,NA,1,1383.3333333333335,NA,0.23499999999999988,0.08485281374238578,2,0.12474999999999992,0.056804244755319346,2,591,130.10764773832474,2,-10.7,distractor
Mix_20_S41,40632000,Mix-20,20.5,29,71,29,0,0,2,NA,NA,NA,NA,NA,NA,NA,NA,NA,0,0,2,NA,NA,NA,0,2,NA,NA,NA,NA,NA,NA,NA,NA,-0.0924999999999998,0.19445436482630082,2,-0.14854166666666657,0.17659991860134003,2,166.5,23.33452377915607,2,-4.5,distractor
Mix_14_S30,62880000,Mix-14,14.466666666666667,24.1,75.9,24.1,0.3725975917661097,0.3895281746546854,5,NA,NA,NA,1,0,3,NA,NA,NA,0.4,0.5477225575051661,5,527,224.8599564173221,2,3,5,1433.3333333333335,600.9252125773315,3,1433.3333333333335,600.9252125773315,3,1433.3333333333335,600.9252125773315,0.07400000000000002,0.08018728078691789,5,0.03784999999999998,0.09758588453824202,5,276.4,177.32117752823547,5,-10.533333333333333,distractor
Mix_14_S32,72444000,Mix-14,14.133333333333333,69,28,69,0.2235305958132045,0.24911522138425296,6,-0.05797101449275363,3.925231146709438e-17,2,1.25,0.5,4,NA,NA,NA,0.5,0.5477225575051661,6,813.3333333333334,518.0215568230084,3,9,6,581.25,168.3766445931396,4,675,334.58099833141216,4,675,334.58099833141216,0.008333333333333378,0.052788887719544555,6,-0.007916666666666647,0.04401540134493341,6,410.8333333333333,274.94538851682285,6,-10.866666666666667,distractor
Mix_14_S34,70908000,Mix-14,14.8,57,43,57,0.19204379562043797,0.19499371225301312,4,NA,NA,NA,1,0,2,NA,NA,NA,0.25,0.5,4,1384,NA,1,2,4,741.6666666666667,247.48737341529164,2,741.6666666666667,247.48737341529164,2,741.6666666666667,247.48737341529164,-0.006249999999999978,0.04871259248558501,4,-0.02297916666666666,0.05674097966327459,4,312.25,140.09371863149326,4,-10.2,distractor
Mix_20_S47,61680000,Mix-20,20.2,80,20,80,0.5565179896541971,0.2732066212070309,7,0.5144927536231884,0,2,1,0,6,NA,NA,NA,0.8571428571428571,0.3779644730092272,7,812.8333333333334,409.6659208021417,6,5,7,1433.3333333333335,417.6654695380557,6,1433.3333333333335,417.6654695380557,6,1433.3333333333335,417.6654695380557,0.07428571428571441,0.08541216596737328,7,0.014630952380952498,0.07118708816326194,7,449.57142857142856,242.93404944748355,7,-4.800000000000001,distractor
Mix_14_S41,68436000,Mix-14,14.866666666666667,85,6,85,0.2678620543742727,0.38284341808101535,5,NA,NA,NA,1.5,0.7071067811865476,2,NA,NA,NA,0.4,0.5477225575051661,5,376.5,58.68986283848344,2,4,5,1237.5,913.346259032624,2,1225,931.0239285622877,2,1250,895.6685895029602,0.10799999999999992,0.0893448375677075,5,0.04690632183908043,0.08279431456074153,5,470,239.78010759860794,5,-10.133333333333333,distractor
Mix_14_S43,68664000,Mix-14,14,48,52,48,0.37489996781701357,0.31261222236778397,7,-0.4147088381528429,0.1111486859046307,4,1,0,5,NA,NA,NA,0.5714285714285714,0.5345224838248488,7,772.5,487.69218434035486,4,6,7,1170,514.9703335576181,5,1170,514.9703335576181,5,1170,514.9703335576181,0.05642857142857131,0.1210961837313038,7,-4.761904761916926e-5,0.09240171025582301,7,337.7142857142857,197.1097108090773,7,-11,distractor
Mix_20_S51,49872000,Mix-20,21.7,40,60,40,0.6175805371063835,0.1159504912314446,4,0.12265558397271953,0.01070003867524404,2,1,0,4,NA,NA,NA,1,0,4,843.5,249.59233428399466,4,4,4,1283.3333333333335,279.88092706244447,4,1283.3333333333335,279.88092706244447,4,1283.3333333333335,279.88092706244447,0.07250000000000012,0.05041494487418061,4,0.05689583333333326,0.038261852133733676,4,454,107.41508273980894,4,-3.3000000000000007,distractor
Mix_14_S46,51576000,Mix-14,14,29,71,29,0.341222374117111,0.17868406734855527,3,NA,NA,NA,1,0,2,NA,NA,NA,1,0,3,1268,133,3,3,3,908.3333333333334,106.06601717798213,2,908.3333333333334,106.06601717798213,2,908.3333333333334,106.06601717798213,0.058333333333333424,0.14545904349105723,3,-0.0508611111111111,0.1631908675730945,3,272,312.72511891435903,3,-11,distractor
Mix_20_S53,64716000,Mix-20,21.133333333333333,25,73,25,0.33261516168033756,0.297503581837598,4,-0.2663043478260869,0.47526418069098697,4,1,0,2,NA,NA,NA,0.5,0.5773502691896257,4,593.5,222.73863607376248,2,4,4,1225,294.62782549439487,2,1225,294.62782549439487,2,1225,294.62782549439487,-0.018749999999999933,0.15101738310538965,4,-0.056062500000000015,0.15062492315965456,4,153.75,106.4248561192356,4,-3.866666666666667,distractor
Mix_20_S54,68664000,Mix-20,20.3,47,53,47,0.1428673646999713,0.23482257079457755,6,-0.40151236674893664,0.04136517115169957,2,1,0,2,NA,NA,NA,0.3333333333333333,0.5163977794943222,6,509.5,482.95393155041194,2,2,6,750,707.1067811865476,2,750,707.1067811865476,2,750,707.1067811865476,0.002500000000000021,0.07055139970262815,6,-0.050268939393939505,0.12479971481886694,6,413.5,219.98886335448893,6,-4.699999999999999,distractor
Mix_14_S48,92556000,Mix-14,15.1,60,40,60,0,0,3,NA,NA,NA,NA,NA,NA,NA,NA,NA,0,0,3,NA,NA,NA,0,3,NA,NA,NA,NA,NA,NA,NA,NA,0.04166666666666652,0.0809835374217089,3,-0.013317632850241493,0.10641361719961334,3,228,149.80320423809366,3,-9.9,distractor
Mix_20_S56,91668000,Mix-20,20.2,91.5,8.5,91.5,0.2283464566929134,NA,1,NA,NA,NA,1,NA,1,NA,NA,NA,1,NA,1,1268,NA,1,2,1,466.6666666666667,NA,1,466.6666666666667,NA,1,466.6666666666667,NA,0.029999999999999805,NA,1,0.03316666666666679,NA,1,450,NA,1,-4.800000000000001,distractor
Mix_20_S58,85728000,Mix-20,20.133333333333333,82,18,82,0.5665000528932614,0.04335144901701958,4,0.0689199196022427,0,2,1,0,4,NA,NA,NA,1,0,4,635,373.4425435503209,4,6,4,1295.8333333333335,98.48387722908795,4,1295.8333333333335,98.48387722908795,4,1295.8333333333335,98.48387722908795,0.05499999999999994,0.04020779360604938,4,0.04125000000000001,0.04508782581847398,4,416.25,70.08268925585928,4,-4.866666666666667,distractor
Mix_20_S65,84744000,Mix-20,20.9,67,33,67,0.46495085641792167,0.17725159132469617,5,-0.04897916005500895,5.887846720064156e-17,2,1,0,5,NA,NA,NA,0.8,0.44721359549995793,5,863.75,344.9235422524824,4,7,5,1043.3333333333335,425.0163395551857,5,1043.3333333333335,425.0163395551857,5,1043.3333333333335,425.0163395551857,0.07799999999999993,0.04982469267341227,5,0.04046666666666665,0.04508828531029118,5,313,201.9566785228951,5,-4.100000000000001,distractor
Mix_20_S01,4224000,Mix-20,22,39,61,39,0.4315906954887218,0.3208654576364746,5,0.0480135806222763,0.20549596585106167,2,1.25,0.5,4,NA,NA,NA,0.8,0.44721359549995793,5,755.25,519.0679949036863,4,5,5,931.2500000000001,550.6046760237869,4,854.1666666666667,596.3430220938282,4,1008.3333333333334,546.114219500592,0.09000000000000012,0.11581234821900464,5,0.020775925925926052,0.05212284320341411,5,513.2,185.68710240617145,5,-3,distractor
Mix_20_S02,5364000,Mix-20,20.533333333333335,64,36,64,0.4098673378318154,0.25737319854029583,5,0.24352780549283196,0.005012834924128739,2,1.25,0.5,4,NA,NA,NA,0.6,0.5477225575051661,5,735,283.50132274823693,3,5,5,1018.7500000000001,495.7399538587261,4,995.8333333333334,533.0511406220969,4,1041.6666666666667,459.97181878249245,0.10200000000000013,0.1786966703662942,5,0.018126190476190553,0.13847996838529,5,472.8,197.54923436956165,5,-4.466666666666665,distractor
Mix_20_S04,4824000,Mix-20,21.366666666666667,55,45,55,0.5113177662356154,0.23795166707258486,6,0.15642520892838252,0.1660237544964164,4,1.5,0.8366600265340756,6,NA,NA,NA,1,0,6,460.1666666666667,343.0973136978293,6,9,6,746.7592592592594,327.9680082009406,6,677.7777777777778,390.25158077360345,6,866.6666666666667,356.05867181937555,0.07583333333333349,0.08272947882506362,6,0.03891194581280777,0.06695661616222123,6,358.1666666666667,208.91282073311504,6,-3.633333333333333,distractor
Mix_14_S01,19872000,Mix-14,14,60,40,60,0.3157894736842105,NA,1,NA,NA,NA,1,NA,1,NA,NA,NA,1,NA,1,618,NA,1,2,1,700,NA,1,700,NA,1,700,NA,0.18999999999999995,NA,1,0.1311666666666662,NA,1,400,NA,1,-11,distractor
Mix_14_S02,20520000,Mix-14,14,55,45,55,0.2600746268656716,0.24112256667336118,5,NA,NA,NA,1,0,4,NA,NA,NA,0.2,0.44721359549995793,5,385,NA,1,5,5,733.3333333333334,505.708157676679,4,733.3333333333334,505.708157676679,4,733.3333333333334,505.708157676679,-0.019999999999999928,0.05556527692723213,5,-0.04583333333333321,0.06083336187213951,5,189.6,54.83429583755043,5,-11,distractor
Mix_20_S19,21636000,Mix-20,19.633333333333333,50,50,50,0.5628038752901433,0.1882884147959232,8,0.06616752052903131,0.21461902592704113,4,1.25,0.4629100498862757,8,NA,NA,NA,0.875,0.3535533905932738,8,525.8571428571429,430.6040054665185,7,11,8,1029.1666666666667,471.8042034034949,8,1031.25,462.26130691743595,8,1047.9166666666667,445.91955107591554,0.16000000000000003,0.3849211422022511,8,-0.0318480392156863,0.15372615193256361,8,283.25,206.44456191156294,8,-5.366666666666667,distractor
Mix_20_S25,7548000,Mix-20,21.2,36,64,36,0.5845835296408758,0.33128266423890507,9,0.23185491016054152,0.3608267441181608,6,1.125,0.3535533905932738,8,NA,NA,NA,0.7777777777777778,0.44095855184409843,9,494.57142857142856,415.9514623698528,7,6,9,1259.3750000000002,659.6571605345042,8,1260.4166666666667,658.5781642392182,8,1260.4166666666667,658.5781642392182,0.06111111111111109,0.12419183190174432,9,-0.011501601261658716,0.1199511078622532,9,416.3333333333333,202.66659813595334,9,-3.8000000000000007,distractor
Mix_20_S32,34956000,Mix-20,21.633333333333333,38,62,38,0.5892999936383398,0.3812695536236263,8,0.2562523790491416,0.2796496177507676,6,1.3333333333333333,0.5163977794943222,6,NA,NA,NA,0.75,0.4629100498862757,8,346.5,157.26633460470808,6,7,8,1544.4444444444446,649.2231825348974,6,1575.0000000000002,636.6361249218863,6,1622.2222222222224,544.8411253309096,0.012500000000000178,0.14073785154372234,8,-0.056218749999999984,0.15594893813220875,8,351.5,213.5589580687932,8,-3.366666666666667,distractor
Mix_20_S37,20736000,Mix-20,20.533333333333335,56,43,56,0.6912906541126546,0.21890053237886153,3,NA,NA,NA,2,1,3,NA,NA,NA,1,0,3,685.3333333333334,579.5112883571237,3,3,3,760.1851851851852,283.63727343326804,3,750,352.7668414752788,3,811.1111111111112,249.6293548740108,0.05333333333333323,0.02362907813126321,3,0.043555555555555646,0.025075487883441154,3,455.3333333333333,41.25934237640408,3,-4.466666666666665,distractor
Mix_20_S39,34344000,Mix-20,21.466666666666665,18,74,18,0.23813778596824334,0.2127473736981355,3,-0.27491382806163833,0.03688224238853193,2,1.5,0.7071067811865476,2,NA,NA,NA,0.6666666666666666,0.5773502691896257,3,1009.5,389.6158364337877,2,3,3,529.1666666666667,265.16504294495536,2,533.3333333333334,259.2724864350675,2,533.3333333333334,259.2724864350675,-0.05833333333333357,0.22678918257565414,3,-0.057416666666666526,0.21589765772493044,3,272.3333333333333,91.57146571576396,3,-3.533333333333335,distractor
Mix_20_S42,39912000,Mix-20,20.866666666666667,77.5,22.5,77.5,0.1586991276543982,0.23200739945078025,6,-0.32988499711179964,0.10322726732650328,2,1,0,3,NA,NA,NA,0.3333333333333333,0.5163977794943222,6,793.5,200.11121907579295,2,4,6,733.3333333333334,564.4564740625367,3,733.3333333333334,564.4564740625367,3,733.3333333333334,564.4564740625367,0.1224999999999999,0.10083402203621546,6,0.05705555555555549,0.06691058848830914,6,469,193.99484529234275,6,-4.133333333333333,distractor
Mix_20_S43,39540000,Mix-20,21,63,37,63,0.3162173727000428,0.40327705911400685,4,-0.4989726953230603,0.027259645038443272,2,2,0,2,NA,NA,NA,0.5,0.5773502691896257,4,426.5,246.7802666341051,2,4,4,616.6666666666667,259.2724864350674,2,675,11.785113019775766,2,791.6666666666667,176.7766952966369,-0.00749999999999984,0.06357410374253569,4,-0.05255871212121216,0.035862759595804164,4,341.5,206.05743535885006,4,-4,distractor
Mix_14_S28,62748000,Mix-14,14.3,50,50,50,0.31085768341391634,0.43493875238068674,4,0.24439793782859476,0.010539287433335293,2,1,0,2,NA,NA,NA,0.5,0.5773502691896257,4,94,130.10764773832474,2,1,4,1375,1143.1559629182518,2,1375,1143.1559629182518,2,1375,1143.1559629182518,0.14874999999999994,0.15547641836197124,4,0.06285714285714294,0.12364902333329365,4,474.75,174.71190571910088,4,-10.7,distractor
Mix_14_S29,64476000,Mix-14,14.3,50,50,50,0.11151079136690648,0.15770007350203577,2,NA,NA,NA,1,NA,1,NA,NA,NA,0.5,0.7071067811865476,2,53,NA,1,1,2,516.6666666666667,NA,1,516.6666666666667,NA,1,516.6666666666667,NA,0.02249999999999952,0.010606601717797986,2,-0.029291666666666716,0.05415259432586969,2,17,0,2,-10.7,distractor
Mix_14_S33,70656000,Mix-14,14.433333333333334,78,22,78,0.18980281076369976,0.2932447191931841,5,NA,NA,NA,1,0,2,NA,NA,NA,0.4,0.5477225575051661,5,826.5,82.73149339882606,2,3,5,1058.3333333333335,624.610990048117,2,1058.3333333333335,624.610990048117,2,1058.3333333333335,624.610990048117,0.04600000000000008,0.1330131572439358,5,0.04006321839080451,0.11978209326891112,5,479.6,122.82426470368141,5,-10.566666666666666,distractor
Mix_14_S37,64308000,Mix-14,15,66,34,66,0.43513391274585306,0.4778055428580532,3,NA,NA,NA,1.5,0.7071067811865476,2,NA,NA,NA,1,0,3,395.6666666666667,200.21321967675695,3,3,3,987.5000000000001,1007.6271631908304,2,1016.6666666666667,966.3792676216151,2,1016.6666666666667,966.3792676216151,0.046666666666666266,0.08962886439832492,3,-0.05526423097974812,0.0828136888524519,3,255,139.68894014917572,3,-10,distractor
Mix_20_S63,84924000,Mix-20,20.366666666666667,30.73,69.28,30.73,0.6751788576100402,0.28166643030627697,6,0.4492753623188406,0.08198339492017948,2,1.1666666666666667,0.408248290463863,6,NA,NA,NA,1,0,6,673.5,419.7007267089253,6,6,6,1330.5555555555557,535.3520821402042,6,1386.1111111111113,523.812590178615,6,1386.1111111111113,523.812590178615,0.11083333333333334,0.06718754844959496,6,0.07163888888888888,0.06770220057696036,6,541,164.01585289233478,6,-4.633333333333333,distractor
Mix_20_S05,4908000,Mix-20,19.166666666666668,26,74,26,0.17883211678832117,0.25290680494993306,2,NA,NA,NA,1,NA,1,NA,NA,NA,0,0,2,NA,NA,NA,1,2,816.6666666666667,NA,1,816.6666666666667,NA,1,816.6666666666667,NA,0.45750000000000024,0.661144840409422,2,0.16645833333333337,0.27335569649369945,2,283.5,352.8462838120872,2,-5.833333333333332,distractor
Mix_20_S08,12924000,Mix-20,21.833333333333332,50,50,50,0.4728719946901765,0.43442634433812627,5,NA,NA,NA,1.3333333333333333,0.5773502691896257,3,NA,NA,NA,0.8,0.44721359549995793,5,618.25,462.2339775481677,4,3,5,1425,569.0513548393014,3,1500,440.95855184409845,3,1500,440.95855184409845,0.018000000000000148,0.055181518645285525,5,0.019383333333333398,0.0444811367635515,5,506.6,74.73151945464511,5,-3.166666666666668,distractor
Mix_14_S04,17136000,Mix-14,14,56,44,56,0.3978497367024534,0.18755519744960916,3,NA,NA,NA,1.3333333333333333,0.5773502691896257,3,NA,NA,NA,1,0,3,601.3333333333334,76.81362726322286,3,7,3,708.3333333333334,373.32961307670206,3,722.2222222222223,365.6551704867631,3,722.2222222222223,365.6551704867631,-0.14166666666666647,0.13895442898063137,3,-0.22833333333333336,0.07806741210859588,3,133.33333333333334,67.00248751601193,3,-11,distractor
Mix_20_S18,21960000,Mix-20,19.366666666666667,68.5,31.5,68.5,0.3357664233576642,0.47484542970191507,2,-0.21735604217356044,0.1571348402636772,2,1,NA,1,NA,NA,NA,0.5,0.7071067811865476,2,751,NA,1,1,2,1533.3333333333335,NA,1,1533.3333333333335,NA,1,1533.3333333333335,NA,0.05999999999999983,0.07071067811865482,2,0.030874999999999986,0.05097061381053042,2,441.5,129.4005409571382,2,-5.633333333333333,distractor
Mix_20_S21,4188000,Mix-20,20.8,52,48,52,0.7401562205910032,0.15466780704264296,7,0.6588509316770186,0.025253813613805257,2,1,0,7,NA,NA,NA,1,0,7,590,343.46421453576016,7,6,7,1659.5238095238096,347.0586916498929,7,1659.5238095238096,347.0586916498929,7,1659.5238095238096,347.0586916498929,0.11285714285714292,0.07267835205302088,7,0.04258333333333329,0.053553992312362554,7,544.8571428571429,165.35358938895013,7,-4.199999999999999,distractor
Mix_20_S34,15792000,Mix-20,21.6,68,68,32,0.640036231884058,0.2282714369534578,3,NA,NA,NA,1,0,3,NA,NA,NA,1,0,3,573.6666666666666,252.436790768171,3,4,3,1266.6666666666667,637.0504951205465,3,1266.6666666666667,637.0504951205465,3,1266.6666666666667,637.0504951205465,0.031666666666666586,0.03055050463303896,3,-0.005972222222222416,0.03882352642024827,3,555,111.13955191559843,3,-3.3999999999999986,distractor
Mix_20_S38,25368000,Mix-20,20.9,74,74,26,0.520961028552197,0.3809434204034074,8,0.2098663926002055,0.35863361017287754,4,1,0,6,NA,NA,NA,0.75,0.4629100498862757,8,612.6666666666666,349.8117589027943,6,7,8,1619.4444444444446,565.6281333041924,6,1619.4444444444446,565.6281333041924,6,1619.4444444444446,565.6281333041924,0.06124999999999997,0.059386746958271126,8,0.02391666666666664,0.06486623904816727,8,426.875,245.01454038485144,8,-4.100000000000001,distractor
Mix_14_S26,56064000,Mix-14,15.1,33,33,61,0,0,3,NA,NA,NA,NA,NA,NA,NA,NA,NA,0,0,3,NA,NA,NA,0,3,NA,NA,NA,NA,NA,NA,NA,NA,0.14333333333333353,0.10103629710818458,3,0.13427777777777772,0.08095593508771265,3,388.6666666666667,339.34986862135855,3,-9.9,distractor
Mix_14_S31,62136000,Mix-14,15.033333333333333,82,82,18,0.3254784757744698,0.2922760957440794,4,NA,NA,NA,1,0,3,NA,NA,NA,0.25,0.5,4,669,NA,1,3,4,900,649.5725089968358,3,900,649.5725089968358,3,900,649.5725089968358,0.061249999999999805,0.07920174661373756,4,0.01344444444444437,0.05927664530835337,4,508.25,228.45331397610906,4,-9.966666666666667,distractor
Mix_14_S35,72036000,Mix-14,15,42,42,58,0.007692307692307693,NA,1,NA,NA,NA,NA,NA,NA,NA,NA,NA,0,NA,1,NA,NA,NA,0,1,NA,NA,NA,NA,NA,NA,NA,NA,0.1599999999999997,NA,1,0.07966666666666633,NA,1,616,NA,1,-10,distractor
Mix_14_S40,49344000,Mix-14,15.233333333333333,40,40,60,0.3623621682420354,0.30305370103254764,5,NA,NA,NA,1.75,1.5,4,NA,NA,NA,0.6,0.5477225575051661,5,368.3333333333333,520.4703001452948,3,5,5,662.5000000000001,394.25856340073943,4,633.3333333333334,421.8565668126585,4,737.5000000000001,358.8497570685372,0.06099999999999985,0.1162110149684616,5,0.009783333333333389,0.05476853440718589,5,416.2,240.52068518112947,5,-9.766666666666667,distractor
Mix_14_S45,73956000,Mix-14,14,41,41,59,0.3867308109398255,0.15979736819875953,4,NA,NA,NA,1,0,4,NA,NA,NA,1,0,4,935,467.0317619463013,4,6,4,725,282.3512391016236,4,725,282.3512391016236,4,725,282.3512391016236,-0.011249999999999871,0.08730931603595714,4,-0.0842261904761904,0.11739256156571411,4,291.5,268.20452394891976,4,-11,distractor
Mix_14_S47,67584000,Mix-14,14.333333333333334,26,26,74,0.6271561771561771,0.22268094670932997,2,NA,NA,NA,1,0,2,NA,NA,NA,1,0,2,818.5,494.26764004939673,2,2,2,1283.3333333333335,542.1151989096865,2,1283.3333333333335,542.1151989096865,2,1283.3333333333335,542.1151989096865,0.09999999999999964,0.05656854249492385,2,0.08454166666666696,0.028225345682362974,2,399.5,376.8879143724298,2,-10.666666666666666,distractor
Mix_20_S60,85212000,Mix-20,20.633333333333333,86.33,86.33,13.86,0.370114963884676,0.26357290639492986,7,0.02751596229857098,0.09223131928520191,2,1.4,0.5477225575051661,5,NA,NA,NA,0.8571428571428571,0.3779644730092272,7,637.5,291.39852436139756,6,11,7,823.3333333333334,302.7306283370306,5,910.0000000000001,252.9273062012527,5,910.0000000000001,252.9273062012527,0.03571428571428565,0.05711308748355992,7,0.02534632034632032,0.04434173804471475,7,470.85714285714283,211.1140517756761,7,-4.366666666666667,distractor
Mix_20_S62,81996000,Mix-20,21.5,90.24,90.24,9.76,0.5935880379579392,0.22061123882577857,6,0.19996297471702104,0.08531911510439287,4,1.1666666666666667,0.408248290463863,6,NA,NA,NA,1,0,6,604.8333333333334,259.02696127366096,6,9,6,1209.7222222222224,529.5285289415132,6,1269.4444444444446,489.3779119869845,6,1269.4444444444446,489.3779119869845,0.04500000000000015,0.04549725266430936,6,0.024999236874236885,0.044313396504006314,6,474.5,213.58347314340594,6,-3.5,distractor
Mix_20_S06,4272000,Mix-20,20.666666666666668,34,34,67,0.2744316033276612,0.40389846909244553,4,NA,NA,NA,1,0,3,NA,NA,NA,0.25,0.5,4,219,NA,1,3,4,722.2222222222223,875.6479082709325,3,722.2222222222223,875.6479082709325,3,722.2222222222223,875.6479082709325,0.05875000000000008,0.051861192941672185,4,0.01172916666666679,0.09385376664731615,4,299.75,212.41213869896106,4,-4.333333333333332,distractor
Mix_20_S07,2220000,Mix-20,21.066666666666666,45.5,45.5,54.5,0.26763990267639903,0.4635659095683127,3,NA,NA,NA,1,NA,1,NA,NA,NA,0.3333333333333333,0.5773502691896257,3,452,NA,1,1,3,1833.3333333333335,NA,1,1833.3333333333335,NA,1,1833.3333333333335,NA,0.11999999999999982,0.06763874629234352,3,0.08102777777777777,0.05870413891648458,3,433.3333333333333,101.10555540292202,3,-3.9333333333333336,distractor
Mix_20_S16,1356000,Mix-20,21.333333333333332,36.5,36.5,63.5,0.5022208751764035,0.3461678451573695,5,NA,NA,NA,1.75,0.5,4,NA,NA,NA,0.8,0.44721359549995793,5,427,295.17113680033145,4,11,5,756.2500000000001,206.98172669389245,4,925.0000000000001,330.6839153207362,4,925.0000000000001,330.6839153207362,0.1219999999999998,0.07669745758498121,5,0.08040303030303013,0.07513574404560984,5,376.2,167.01856184268863,5,-3.666666666666668,distractor
Mix_14_S10,24828000,Mix-14,15.7,50,50,50,0.4762813566205889,0.2928232630010572,10,0.055230421349205146,0.14687755918970113,6,1.25,0.4629100498862757,8,NA,NA,NA,0.8,0.4216370213557839,10,495.75,199.62661574621185,8,16,10,1204.1666666666667,503.8541928167787,8,1141.6666666666667,584.0471822645078,8,1266.6666666666667,439.9675312695569,0.08449999999999998,0.09555248703083453,10,0.05335000000000023,0.08903790287370977,10,446.2,208.6388692880063,10,-9.3,distractor
Mix_20_S22,22584000,Mix-20,19.966666666666665,56.5,56.5,43.5,0.25239301849007933,0.33887262727279116,7,-0.26618705035971224,0,2,1,0,3,NA,NA,NA,0.42857142857142855,0.5345224838248488,7,923.6666666666666,336.96636825257997,3,4,7,1211.111111111111,400.11572400068536,3,1211.111111111111,400.11572400068536,3,1211.111111111111,400.11572400068536,0.03214285714285709,0.08004463040793479,7,-0.01020730706075547,0.08285543142282875,7,299.85714285714283,197.22189581909052,7,-5.033333333333335,distractor
Mix_14_S08,24096000,Mix-14,15,91,91,4.5,0.6997302158273382,0.38929026208849316,2,NA,NA,NA,1,0,2,NA,NA,NA,1,0,2,360,482.2468247692254,2,2,2,1466.6666666666667,683.5365551469961,2,1466.6666666666667,683.5365551469961,2,1466.6666666666667,683.5365551469961,-0.014999999999999902,0.007071067811865638,2,-0.10970833333333352,0.01396535892843411,2,99.5,23.33452377915607,2,-10,distractor
Mix_20_S17,3276000,Mix-20,20.7,27,27,73,0.2597069002812027,0.3053028536023288,4,NA,NA,NA,1,0,2,NA,NA,NA,0.5,0.5773502691896257,4,468.5,494.26764004939673,2,3,4,1175,200.34692133618842,2,1175,200.34692133618842,2,1175,200.34692133618842,0.026249999999999996,0.04308421984903527,4,-0.005958333333333288,0.040462059274593704,4,608.25,61.629944020743686,4,-4.300000000000001,distractor
Mix_20_S20,22680000,Mix-20,19.933333333333334,40,40,60,0.10238623751387348,0.10477109354983807,2,NA,NA,NA,NA,NA,NA,NA,NA,NA,0.5,0.7071067811865476,2,1168,NA,1,1,2,NA,NA,NA,NA,NA,NA,NA,NA,-0.15249999999999986,0.003535533905932662,2,-0.11026388888888894,0.017933013645091887,2,425,364.8670990922585,2,-5.066666666666666,distractor
Mix_20_S23,18564000,Mix-20,20.4,38,38,62,0.4094132420944496,0.369881426367836,8,0.03961042988269483,0.09295458418480973,4,1.1666666666666667,0.408248290463863,6,NA,NA,NA,0.75,0.4629100498862757,8,771,468.02991357390823,6,8,8,1147.2222222222224,803.286075142921,6,1144.4444444444446,806.8227580844277,6,1150,799.791639532864,0.003749999999999809,0.09034655499796337,8,-0.01683333333333331,0.09180081093807886,8,451.625,224.12556270346062,8,-4.600000000000001,distractor
Mix_14_S13,17376000,Mix-14,14.833333333333334,59,59,41,0.03237410071942446,0.0413277888240146,4,NA,NA,NA,1,NA,1,NA,NA,NA,0,0,4,NA,NA,NA,1,4,200,NA,1,200,NA,1,200,NA,0.0050000000000000044,0.19472202409246553,4,-0.04241666666666688,0.13762526280797066,4,366.75,256.9051381346819,4,-10.166666666666666,distractor
Mix_20_S27,28740000,Mix-20,21.9,52,52,48,0.8175182481751825,0.19613180792035634,2,0.6291575435303931,0.0050502361079426995,2,1.5,0.7071067811865476,2,NA,NA,NA,1,0,2,418,448.3056992722711,2,1,2,1479.1666666666667,995.8420501710546,2,1408.3333333333335,1096.0155108391489,2,1550,895.6685895029602,0.3999999999999999,0.09899494936611643,2,0.1702916666666665,0.016440232662587224,2,633,24.041630560342615,2,-3.1000000000000014,distractor
Mix_14_S15,38472000,Mix-14,14.066666666666666,10.7,10.7,86.5,0.3179203627949831,0.2805365375052332,4,NA,NA,NA,1,0,3,NA,NA,NA,0.75,0.5,4,729.3333333333334,355.2187119695883,3,5,4,933.3333333333334,563.4713834792323,3,933.3333333333334,563.4713834792323,3,933.3333333333334,563.4713834792323,0.008749999999999925,0.057789128158619286,4,-0.022812500000000235,0.045816581534620364,4,470.75,221.18374714250592,4,-10.933333333333334,distractor
Mix_14_S27,15828000,Mix-14,15.333333333333334,63,63,37,0.4333639705882353,0.3830248422448712,3,0.2816257942551068,0.050796727231171415,2,1,0,2,NA,NA,NA,0.6666666666666666,0.5773502691896257,3,868.5,140.71424945612296,2,2,3,1425,176.7766952966369,2,1425,176.7766952966369,2,1425,176.7766952966369,0.005000000000000189,0.03122498999199168,3,-0.013625275745965393,0.0319643513474575,3,194.33333333333334,134.4408172146143,3,-9.666666666666666,distractor
Mix_20_S44,58464000,Mix-20,20.333333333333332,31,31,69,0.2666370168308242,0.2192422767638201,6,-0.0904474769914313,0,2,1,0,4,NA,NA,NA,0.5,0.5477225575051661,6,984.6666666666666,378.0216043208818,3,6,6,875.0000000000001,327.30662937012085,4,875.0000000000001,327.30662937012085,4,875.0000000000001,327.30662937012085,-0.004166666666666726,0.05190536260028124,6,-0.05570568783068771,0.029803334805640066,6,283.1666666666667,256.1947826687083,6,-4.666666666666668,distractor
Mix_14_S36,64872000,Mix-14,14,51,51,49,0.96,NA,1,NA,NA,NA,1,NA,1,NA,NA,NA,1,NA,1,86,NA,1,0,1,1816.6666666666667,NA,1,1816.6666666666667,NA,1,1816.6666666666667,NA,0.034999999999999254,NA,1,0.0365097402597403,NA,1,116,NA,1,-11,distractor
Mix_14_S38,64764000,Mix-14,15.033333333333333,32,32,68,0.32477114141220154,0.3954303970894357,4,NA,NA,NA,2.5,0.7071067811865476,2,NA,NA,NA,0.5,0.5773502691896257,4,326.5,176.06958851545033,2,3,4,594.4444444444445,361.41013260645764,2,875,671.7514421272201,2,875,671.7514421272201,0.06499999999999995,0.14485625058427154,4,0.018267857142856947,0.10336012494646732,4,366.25,193.90783893386055,4,-9.966666666666667,distractor
Mix_14_S42,44064000,Mix-14,14.266666666666667,24,24,76,0.49557522123893805,0.7008491990521533,2,NA,NA,NA,2,NA,1,NA,NA,NA,0.5,0.7071067811865476,2,52,NA,1,0,2,900,NA,1,683.3333333333334,NA,1,1116.6666666666667,NA,0.1475000000000002,0.04596194077712555,2,0.03540705128205146,0.09299813993336152,2,508,59.39696961966999,2,-10.733333333333333,distractor
Mix_14_S44,74748000,Mix-14,14.3,26,26,74,0,0,2,NA,NA,NA,NA,NA,NA,NA,NA,NA,0,0,2,NA,NA,NA,0,2,NA,NA,NA,NA,NA,NA,NA,NA,0.07250000000000023,0.03181980515339459,2,0.03654166666666647,0.009722718241314978,2,474.5,82.73149339882606,2,-10.7,distractor
Mix_14_S49,81696000,Mix-14,14.433333333333334,47,47,51,0.5629866862942882,0.23388761952553935,3,NA,NA,NA,1,0,3,NA,NA,NA,1,0,3,813,376.01994627944936,3,4,3,1311.1111111111113,571.1424548251546,3,1311.1111111111113,571.1424548251546,3,1311.1111111111113,571.1424548251546,0.025000000000000206,0.10535653752852694,3,6.388888888887815e-4,0.11867138723444744,3,238.33333333333334,117.36410581320565,3,-10.566666666666666,distractor
Mix_20_S57,76344000,Mix-20,20.333333333333332,12,12,85,0.5383668415062208,0.3097900123676772,4,-0.10698793906051626,0.062429179951351416,2,2.25,0.9574271077563381,4,NA,NA,NA,0.75,0.5,4,552.3333333333334,132.09970981547738,3,7,4,402.08333333333337,188.6078382959379,4,316.6666666666667,99.06974722292783,4,550,375.8939960897172,0.04874999999999985,0.09259004626128368,4,0.037785201149425074,0.19730400820834532,4,453.5,236.57909177834517,4,-4.666666666666668,distractor
Mix_20_S66,82932000,Mix-20,21.366666666666667,80.15,80.15,19.85,0.7630795800902266,0.16505733620959637,5,0.6026887966328294,0.2705957595723977,4,1,0,5,NA,NA,NA,1,0,5,395.4,350.8778989905178,5,3,5,1736.6666666666667,410.0135499115987,5,1736.6666666666667,410.0135499115987,5,1736.6666666666667,410.0135499115987,0.088,0.0835613547041933,5,0.043233333333333415,0.09518168664308403,5,326.6,157.47793496233052,5,-3.633333333333333,distractor
LearnMix36_S03_86508000_F1,86508000,LearnMix-36,43.2,70,70,30,0.8223348787498014,0.11613850191541476,3,0.6289308176100629,NA,1,1.3333333333333333,0.5773502691896257,3,NA,NA,NA,1,0,3,219,100.77698149875297,3,4,3,1744.4444444444446,760.1778544330073,3,1927.7777777777778,442.6352063787131,3,1927.7777777777778,442.6352063787131,0.03166666666666673,0.04193248541803043,3,-0.02216666666666652,0.0813664976783716,3,194.33333333333334,174.56899304668437,3,18.200000000000003,distractor
LearnMix36_S05_96120000_F1,96120000,LearnMix-36,46,60,60,40,0.9615384615384616,NA,1,NA,NA,NA,2,NA,1,NA,NA,NA,1,NA,1,103,NA,1,0,1,1250,NA,1,1183.3333333333335,NA,1,1316.6666666666667,NA,0.04499999999999993,NA,1,0.05424999999999969,NA,1,200,NA,1,21,distractor
LearnMix36_S06_93168000_F1,93168000,LearnMix-36,44.333333333333336,50,50,50,0.7062197036935891,0.28434894116124565,2,0.5597484276729561,NA,1,1,0,2,NA,NA,NA,1,0,2,569,282.842712474619,2,2,2,1500,1107.8006238589244,2,1500,1107.8006238589244,2,1500,1107.8006238589244,0.07000000000000006,0.05656854249492417,2,0.051000000000000156,0.05055813485483839,2,483,70.71067811865476,2,19.333333333333336,distractor
LearnMix36_S26_83640000_F1,83640000,LearnMix-36,44,60,60,40,0.8471554028255059,0.0820952164821067,3,0.37106918238993714,NA,1,1,0,3,NA,NA,NA,1,0,3,297,92.14662229295223,3,3,3,1772.2222222222222,531.3330545098947,3,1772.2222222222222,531.3330545098947,3,1772.2222222222222,531.3330545098947,0.11500000000000006,0.11302654555457327,3,0.06927777777777762,0.07333789442886388,3,394,139.68894014917572,3,19,distractor
LearnMix36_S29_98280000_F1,98280000,LearnMix-36,40.43333333333333,80,80,20,0.9050632911392406,NA,1,NA,NA,NA,1,NA,1,NA,NA,NA,1,NA,1,253,NA,1,1,1,2383.3333333333335,NA,1,2383.3333333333335,NA,1,2383.3333333333335,NA,-0.03000000000000025,NA,1,-0.025402298850574656,NA,1,100,NA,1,15.43333333333333,distractor
LearnMix36_S01_88272000_E1,88272000,LearnMix-36,46,35,65,35,0.43258223258223255,0.4127897441200487,3,0.14465408805031443,0.1156275239676115,2,1,0,2,NA,NA,NA,0.6666666666666666,0.5773502691896257,3,335.5,94.04520189781083,2,3,3,1466.6666666666667,518.544972870135,2,1466.6666666666667,518.544972870135,2,1466.6666666666667,518.544972870135,0.02833333333333332,0.05795112883571225,3,-0.03632070707070693,0.01854561598348564,3,127.66666666666667,58.18361739642297,3,21,distractor
LearnMix36_S04_82812000_E1,82812000,LearnMix-36,39,30,70,30,0.5670919112012291,0.1476049621436063,3,0.20125786163522008,NA,1,1.3333333333333333,0.5773502691896257,3,NA,NA,NA,1,0,3,547.3333333333334,582.1961296104031,3,4,3,1241.6666666666667,696.17007819769,3,1338.8888888888891,560.0925849390471,3,1338.8888888888891,560.0925849390471,0.10166666666666702,0.08836477427874366,3,0.0500833333333334,0.049619874490413926,3,422,298.40743958554384,3,14,distractor
LearnMix36_S21_503484000_E1,503484000,LearnMix-36,37,50,50,50,0.9935483870967742,NA,1,NA,NA,NA,1,NA,1,NA,NA,NA,1,NA,1,53,NA,1,0,1,2566.666666666667,NA,1,2566.666666666667,NA,1,2566.666666666667,NA,0.11000000000000032,NA,1,0.07050000000000001,NA,1,466,NA,1,12,distractor
LearnMix36_S25_93468000_E1,93468000,LearnMix-36,37,10,90,10,0.6034992191127433,0.12413393706280239,2,0.22641509433962265,NA,1,1,0,2,NA,NA,NA,1,0,2,294,152.73506473629428,2,3,2,1516.6666666666667,212.13203435596427,2,1516.6666666666667,212.13203435596427,2,1516.6666666666667,212.13203435596427,0.08500000000000019,0.31112698372208086,2,-0.016666666666666385,0.28814601333351825,2,583,24.041630560342615,2,12,distractor
LearnMix36_S27_93396000_E1,93396000,LearnMix-36,43,70,30,70,0.826415857605178,0.1905641333440445,2,0.38993710691823896,NA,1,1,0,2,NA,NA,NA,1,0,2,120,70.71067811865476,2,1,2,1483.3333333333335,188.56180831641274,2,1483.3333333333335,188.56180831641274,2,1483.3333333333335,188.56180831641274,0.10750000000000015,0.1025304832720494,2,0.027416666666666645,0.017206265008872644,2,582.5,47.37615433949868,2,18,distractor
LearnMix36_S28_502428000_E1,502428000,LearnMix-36,38,60,40,60,0.9251700680272109,NA,1,NA,NA,NA,2,NA,1,NA,NA,NA,1,NA,1,186,NA,1,0,1,1125,NA,1,1633.3333333333335,NA,1,1633.3333333333335,NA,-0.0050000000000003375,NA,1,-0.049969696969697,NA,1,50,NA,1,13,distractor
LearnMix36_S07_535140000_F2,535140000,LearnMix-36,41.266666666666666,50,50,50,0.8,NA,1,NA,NA,NA,1,NA,1,NA,NA,NA,1,NA,1,236,NA,1,1,1,366.6666666666667,NA,1,366.6666666666667,NA,1,366.6666666666667,NA,-0.025000000000000355,NA,1,-0.06541666666666668,NA,1,50,NA,1,16.266666666666666,distractor
LearnMix36_S14_94020000_F2,94020000,LearnMix-36,38,45,45,55,0.46088280060882797,0.4292677849098739,3,-0.37106918238993714,0.11562752396761156,2,1,0,2,NA,NA,NA,0.6666666666666666,0.5773502691896257,3,461,11.313708498984761,2,3,3,1683.3333333333335,518.5449728701348,2,1683.3333333333335,518.5449728701348,2,1683.3333333333335,518.5449728701348,0.22499999999999995,0.11302654555457319,3,0.1283055555555556,0.07736737457189635,3,516,119.95415791042844,3,13,distractor
LearnMix36_S20_85212000_F2,85212000,LearnMix-36,48,80,80,20,0.8562091503267973,NA,1,NA,NA,NA,1,NA,1,NA,NA,NA,1,NA,1,369,NA,1,1,1,2133.3333333333335,NA,1,2133.3333333333335,NA,1,2133.3333333333335,NA,0.05500000000000016,NA,1,0.05583333333333318,NA,1,184,NA,1,23,distractor
LearnMix36_S13_536412000_E2,536412000,LearnMix-36,40.43333333333333,40,70,40,0.45671124910437066,0.3147106488514763,2,-0.08176100628930827,NA,1,1,0,2,NA,NA,NA,0.5,0.7071067811865476,2,852,NA,1,2,2,1208.3333333333335,836.7430244040813,2,1208.3333333333335,836.7430244040813,2,1208.3333333333335,836.7430244040813,0.1050000000000002,0.09899494936611673,2,0.03127155172413798,0.13490906533586475,2,408,364.8670990922585,2,15.43333333333333,distractor
LearnMix36_S17_94332000_E2,94332000,LearnMix-36,38,60,40,60,0.8465061624537649,0.12574855660276946,3,0.6509433962264151,0.07560261182497684,2,1.3333333333333333,0.5773502691896257,3,NA,NA,NA,1,0,3,396.6666666666667,347.4785365074127,3,2,3,1844.4444444444446,666.9443865981741,3,2027.7777777777778,415.77682760150344,3,2027.7777777777778,415.77682760150344,0.16,0.09041570660012549,3,0.04924999999999994,0.10242846419710566,3,594,67.17886572427373,3,13,distractor
CogMisp24_S03_557712000,557712000,CogMisp-24,25,61,38,61,0.2196969696969697,0.3106984341577254,2,NA,NA,NA,2,NA,1,NA,NA,NA,0.5,0.7071067811865476,2,321,NA,1,2,2,400,NA,1,550,NA,1,550,NA,0.4224999999999999,0.13081475451951163,2,0.3675416666666669,0.056391765799627,2,483.5,164.75588001646557,2,0,distractor
CogMisp24_S05_529728000,529728000,CogMisp-24,31,75,25,75,0.6632019333329712,0.3055865256577867,4,NA,NA,NA,1.75,0.5,4,NA,NA,NA,1,0,4,184.25,98.56427682820316,4,4,4,837.5,262.15806653973453,4,854.1666666666667,193.58938982251033,4,966.6666666666667,277.22166555277,0.18625000000000014,0.05406400527769536,4,0.126787067099567,0.03431081105234952,4,383,291.3829095880539,4,6,distractor
CogMisp24_S06_548532000,548532000,CogMisp-24,28,100,0,100,0.6386972640607638,0.10557349000518805,6,0.3238993710691824,0.004447212460292751,2,1.6666666666666667,0.816496580927726,6,NA,NA,NA,1,0,6,568.6666666666666,228.36783194370145,6,10,6,1025.462962962963,553.0901313670656,6,944.4444444444446,636.2796962436032,6,1133.3333333333335,453.50486950711644,0.15416666666666687,0.18285012077290697,6,0.09240277777777768,0.14468018770019253,6,402.3333333333333,233.50089221813835,6,3,distractor
CogMisp24_S18_554724000,554724000,CogMisp-24,29,95,5,95,0.7086393072239208,0.22283026137295092,5,0.30503144654088055,0.07560261182497681,2,1.6,0.5477225575051661,5,NA,NA,NA,1,0,5,148.6,78.78642014966793,5,5,5,701.6666666666667,299.55986231655123,5,893.3333333333334,429.0817068008273,5,893.3333333333334,429.0817068008273,0.12399999999999993,0.09870410325817242,5,0.0877529914529915,0.04592986290138454,5,486,161.59053190085118,5,4,distractor
CogMisp24_S23_529692000,529692000,CogMisp-24,31,99,1,99,0.5464199775158366,0.13147938468609902,6,0.0031446540880503276,0.12478638313990044,4,1.5,0.8366600265340756,6,NA,NA,NA,1,0,6,466.1666666666667,486.96752116200383,6,8,6,923.6111111111112,468.2834097550883,6,966.6666666666667,430.2454080070015,6,966.6666666666667,430.2454080070015,0.16749999999999984,0.10201715542005668,6,0.0975176767676768,0.07941031950890043,6,386,203.8097151757001,6,6,distractor
CogMisp24_S24_536832000,536832000,CogMisp-24,27,74,26,74,0.6523648972214645,0.23337959373629577,7,0.4764150943396227,0.08475022654380364,4,2,0.816496580927726,7,NA,NA,NA,1,0,7,478.7142857142857,242.63876736533967,7,15,7,813.8888888888889,376.4546546343727,7,888.0952380952382,599.3603292117391,7,1019.0476190476192,497.2543662572555,0.155,0.11898879499067687,7,0.07640646258503413,0.10984855225521485,7,459.2857142857143,181.60186699271043,7,2,distractor
CogMisp24_S32_554952000,554952000,CogMisp-24,30,76,16,76,0.3301914131015023,0.30807881391217723,3,-0.018867924528301883,0.06226097444409851,2,3,1.4142135623730951,2,NA,NA,NA,0.6666666666666666,0.5773502691896257,3,222.5,188.79751057680818,2,5,3,402.08333333333337,126.68996496258978,2,283.33333333333337,47.14045207910316,2,550,259.27248643506744,0.34833333333333316,0.2586664518899452,3,0.21442629592629592,0.11790263098797048,3,610.6666666666666,83.51247411814198,3,5,distractor
CogMisp24_S35_563376000,563376000,CogMisp-24,28,100,0,100,0.8000235547479642,0.16268927118604778,3,NA,NA,NA,1.6666666666666667,0.5773502691896257,3,NA,NA,NA,1,0,3,399.3333333333333,252.1613240235967,3,5,3,1266.6666666666667,989.24775011678,3,1294.4444444444446,975.5814980099096,3,1294.4444444444446,975.5814980099096,0.21666666666666665,0.15217862311551297,3,0.12697222222222213,0.16682830356498357,3,338.6666666666667,235.64874990827627,3,3,distractor
CogMisp24_S38_562800000,562800000,CogMisp-24,28,35,65,35,0.7607466780465028,0.21487436657777131,3,NA,NA,NA,3,1.7320508075688772,3,NA,NA,NA,1,0,3,294,138.351002887583,3,3,3,566.1111111111112,264.2617249229621,3,777.7777777777778,481.9904717054216,3,822.2222222222223,406.99895349760806,0.34833333333333344,0.14648663192705827,3,0.17422222222222214,0.22477744136845257,3,588.6666666666666,67.71508940652248,3,3,distractor
CogMisp24_S52_522864000,522864000,CogMisp-24,31,36,64,36,0.6333300691930964,0.36236216805242955,6,0.2688679245283019,0.07305259993302278,4,1.6666666666666667,0.816496580927726,6,NA,NA,NA,1,0,6,130,68.12635319756959,6,6,6,1085.1851851851852,827.6541046067663,6,1155.5555555555557,816.8140456586096,6,1161.111111111111,814.0206567585552,0.2816666666666668,0.15233734495082507,6,0.166298076923077,0.10719466267473414,6,502.3333333333333,12.675435561221029,6,6,distractor
CogMisp24_S56_542736000,542736000,CogMisp-24,29,92,8,92,0.6114641018302984,0.24242382264035256,7,0.31918238993710696,0.14317676022430453,4,1.4285714285714286,0.5345224838248488,7,NA,NA,NA,1,0,7,171.71428571428572,89.38253797715802,7,10,7,1226.1904761904761,701.839985380831,7,1340.4761904761906,647.4921094083169,7,1340.4761904761906,647.4921094083169,0.2685714285714287,0.06296257391725442,7,0.2091071428571428,0.06098143528759743,7,511.57142857142856,18.14623140725683,7,4,distractor
CogMisp24_S68_585456000,585456000,CogMisp-24,25,35,65,35,0.6952572577165408,0.20274652442254215,6,0.44339622641509435,0.10826625856331533,4,1.5,0.5477225575051661,6,NA,NA,NA,1,0,6,213.33333333333334,80.74073734284737,6,7,6,1055.5555555555557,616.5690613446376,6,1150,552.7707983925668,6,1150,552.7707983925668,0.16166666666666676,0.12769755936064964,6,0.08186363636363632,0.11637240142178114,6,382.6666666666667,242.57012731716713,6,0,distractor
CogMisp24_S72_592776000,592776000,CogMisp-24,25,99,1,99,0.32954694172751064,0.25329211193435286,4,-0.08176100628930816,0.06226097444409851,2,1,0,3,NA,NA,NA,0.75,0.5,4,182.33333333333334,34.42867022313428,3,3,4,888.8888888888889,468.2512779045662,3,888.8888888888889,468.2512779045662,3,888.8888888888889,468.2512779045662,0.13749999999999996,0.07239935542991154,4,0.06154166666666672,0.041159159234475114,4,466.5,135.03209495029938,4,0,distractor
CogMisp24_S75_549624000,549624000,CogMisp-24,24,100,0,100,0.7434620363359044,0.18978609342589725,3,NA,NA,NA,1.3333333333333333,0.5773502691896257,3,NA,NA,NA,1,0,3,516,542.6960475256844,3,3,3,1627.7777777777778,919.8933110441144,3,1483.3333333333333,1151.207095955275,3,1772.2222222222222,701.6514909945071,0.3,0.05634713834792305,3,0.20325000000000015,0.06581814170711424,3,516.3333333333334,17.009801096230763,3,-1,distractor
CogMisp24_S76_602136000,602136000,CogMisp-24,25,98,2,98,0.8663937526402118,0.08978979008106078,8,0.7023060796645703,0.17482315924016256,6,1.25,0.4629100498862757,8,NA,NA,NA,1,0,8,246.25,182.86978192926557,8,4,8,1852.0833333333335,567.6068880528842,8,1933.3333333333335,576.4560584308117,8,1991.6666666666667,456.5223963976997,0.2950000000000002,0.1096096971726759,8,0.20173958333333325,0.0681612734724703,8,441.375,117.60580342823224,8,0,distractor
CogMisp24_S01_540060000,540060000,CogMisp-24,25,48,52,48,0.7022481943367508,0.19610963805871023,6,0.13522012578616352,0.0578137619838058,2,1.1666666666666667,0.408248290463863,6,NA,NA,NA,1,0,6,321.6666666666667,188.03155763505941,6,8,6,1663.888888888889,679.7398739932037,6,1644.4444444444446,715.8263807707896,6,1683.3333333333335,645.1528673285288,0.09333333333333342,0.05627314338711358,6,0.07887500000000003,0.054192141445457295,6,313.8333333333333,213.69643578372256,6,0,distractor
CogMisp24_S02_587580000,587580000,CogMisp-24,25,38,62,38,0.5562913907284768,NA,1,NA,NA,NA,2,NA,1,NA,NA,NA,1,NA,1,1138,NA,1,1,1,700,NA,1,250.00000000000003,NA,1,1150,NA,0.12000000000000055,NA,1,0.0754999999999999,NA,1,600,NA,1,0,distractor
CogMisp24_S07_563760000,563760000,CogMisp-24,27,100,0,100,0.8320222834869619,0.17055534044960757,9,0.5733752620545074,0.2898386350102984,6,1.2222222222222223,0.44095855184409843,9,NA,NA,NA,1,0,9,243.88888888888889,149.06747167343755,9,7,9,1872.2222222222224,666.2889555007064,9,1801.851851851852,781.6668640922123,9,1942.5925925925926,578.1382422574153,0.2738888888888888,0.1231812124924542,9,0.19027207977207983,0.06992681409077874,9,394.22222222222223,134.30448408167334,9,2,distractor
CogMisp24_S09_547320000,547320000,CogMisp-24,28,59,40,59,0.6797963342669602,0.32477414468698973,5,0.16666666666666669,0.17344128595141736,2,1.2,0.44721359549995793,5,NA,NA,NA,1,0,5,298.4,101.34495547386658,5,6,5,1341.6666666666667,889.9516216564184,5,1190,991.3935198048811,5,1493.3333333333335,911.69865879272,0.15200000000000014,0.08303613671167512,5,0.0975500000000002,0.06736850875759551,5,473.2,99.20282254049025,5,3,distractor
CogMisp24_S12_536196000,536196000,CogMisp-24,30,71,24,71,0.7964160244517388,0.12884995402176644,7,0.4633123689727463,0.14190255201890395,6,1.2857142857142858,0.4879500364742666,7,NA,NA,NA,1,0,7,333.57142857142856,285.84777833831834,7,7,7,1458.3333333333335,588.2530634571032,7,1369.047619047619,672.5042042708021,7,1547.6190476190477,539.8412465054624,0.3050000000000001,0.10606601717798218,7,0.2583084415584417,0.11513173322525973,7,378.42857142857144,173.0075693361971,7,5,distractor
CogMisp24_S15_533280000,533280000,CogMisp-24,26,96,4,96,0.5960010229140276,0.31719163840233006,5,NA,NA,NA,1.8,0.44721359549995793,5,NA,NA,NA,0.8,0.44721359549995793,5,201,92.8619046398109,4,6,5,571.6666666666667,327.53286518726304,5,473.33333333333337,196.00170067289383,5,773.3333333333334,525.0132273465964,0.05500000000000007,0.21092060117494438,5,0.04545419580419576,0.1490153705743781,5,539.6,184.97378192598,5,1,distractor
CogMisp24_S33_544764000,544764000,CogMisp-24,25,65,35,65,0.34513274336283184,NA,1,NA,NA,NA,1,NA,1,NA,NA,NA,1,NA,1,638,NA,1,2,1,650,NA,1,650,NA,1,650,NA,0.10499999999999998,NA,1,0.09791666666666687,NA,1,466,NA,1,0,distractor
CogMisp24_S37_582792000,582792000,CogMisp-24,24,100,0,100,0.46540880503144655,0.3201992971410781,2,NA,NA,NA,1,0,2,NA,NA,NA,1,0,2,846.5,34.64823227814083,2,3,2,1233.3333333333335,848.5281374238571,2,1233.3333333333335,848.5281374238571,2,1233.3333333333335,848.5281374238571,0.25250000000000017,0.13081475451951194,2,0.24787499999999985,0.12168129192918524,2,333,70.71067811865476,2,-1,distractor
CogMisp24_S51_574128000,574128000,CogMisp-24,24,71,20,71,0.7984008378638963,0.07957645831678582,5,0.39622641509433965,0.026683274761756543,2,1.2,0.44721359549995793,5,NA,NA,NA,1,0,5,401.8,207.35404505338207,5,5,5,1645.0000000000002,610.8850592014472,5,1710.0000000000002,483.70675230166296,5,1710.0000000000002,483.70675230166296,0.10999999999999996,0.01695582495781307,5,0.11677333333333335,0.05332025829311443,5,353.4,140.05820218751916,5,-1,distractor
CogMisp24_S54_607272000,607272000,CogMisp-24,30,45,55,45,0.5809474258150888,0.24373783058559761,3,NA,NA,NA,1.6666666666666667,0.5773502691896257,3,NA,NA,NA,1,0,3,266,149.80320423809366,3,7,3,794.4444444444445,625.6848100133817,3,750,669.1619966628244,3,838.8888888888889,589.098495191625,0.2416666666666667,0.041633319989322765,3,0.1957539682539681,0.023739702187254425,3,499.3333333333333,16.502525059315417,3,5,distractor
CogMisp24_S55_562620000,562620000,CogMisp-24,31,26,74,26,0.25,NA,1,NA,NA,NA,1,NA,1,NA,NA,NA,1,NA,1,872,NA,1,2,1,583.3333333333334,NA,1,583.3333333333334,NA,1,583.3333333333334,NA,0.28500000000000014,NA,1,0.17673076923076936,NA,1,500,NA,1,6,distractor
CogMisp24_S66_576948000,576948000,CogMisp-24,26,87,13,87,0.7060757321714907,0.29731120401471534,6,0.40146750524109015,0.17276337666000408,6,1.8333333333333333,0.983192080250175,6,NA,NA,NA,1,0,6,157.66666666666666,79.85152889373293,6,6,6,1117.1296296296298,622.6744801503052,6,997.2222222222223,727.5084319226263,6,1336.1111111111113,592.116417482113,0.3116666666666666,0.138009661497544,6,0.17637499999999995,0.10663724529137725,6,563.3333333333334,78.99789026718794,6,1,distractor
CogMisp24_S69_591408000,591408000,CogMisp-24,25,39,61,39,0.8289175354880428,0.04822591193359381,4,0.5974842767295598,0.053366549523513086,2,1,0,4,NA,NA,NA,1,0,4,446.75,113.9455279216053,4,4,4,2141.666666666667,210.1586702153083,4,2141.666666666667,210.1586702153083,4,2141.666666666667,210.1586702153083,0.14,0.17672954855748776,4,0.09529166666666644,0.13892401500260632,4,316.5,205.01138179785693,4,0,distractor
CogMisp24_S04_563532000,563532000,CogMisp-24,27,62,38,62,0.6694933052231812,0.2775917879696508,6,-0.12264150943396226,0.022236062301463792,2,1.6666666666666667,0.816496580927726,6,NA,NA,NA,1,0,6,302.3333333333333,243.913645921393,6,11,6,1150.462962962963,786.4132059246431,6,1094.4444444444446,837.1689506018794,6,1372.2222222222224,717.3769090440741,0.09416666666666658,0.136580257236054,6,0.07195652958152965,0.13837195929257173,6,457.8333333333333,114.61137232694959,6,2,distractor
CogMisp24_S10_560100000,560100000,CogMisp-24,26,96,0,96,0.8930817610062893,NA,1,NA,NA,NA,1,NA,1,NA,NA,NA,1,NA,1,288,NA,1,1,1,2366.666666666667,NA,1,2366.666666666667,NA,1,2366.666666666667,NA,0.18000000000000016,NA,1,0.19383333333333352,NA,1,216,NA,1,1,distractor
CogMisp24_S14_554568000,554568000,CogMisp-24,29,42,58,42,0.6124068829616212,0.22641588991597908,7,0.2767295597484276,0.01778884984117096,2,1.4285714285714286,0.7867957924694432,7,NA,NA,NA,1,0,7,383.7142857142857,205.7309847719543,7,11,7,1086.904761904762,641.4656456920937,7,1142.857142857143,622.9304359576021,7,1142.857142857143,622.9304359576021,0.2628571428571428,0.15839973544951466,7,0.19255952380952376,0.11065622560231438,7,361.7142857142857,168.42279565200815,7,4,distractor
CogMisp24_S19_531828000,531828000,CogMisp-24,30,87,13,87,0.7995879740565673,0.1988171722520367,6,0.5581761006289309,0.38329966677220584,4,1,0,6,NA,NA,NA,1,0,6,296.6666666666667,190.354056081468,6,7,6,2100,529.6749527356902,6,2100,529.6749527356902,6,2100,529.6749527356902,0.1166666666666667,0.07201851613763421,6,0.0794444444444445,0.0411795076688863,6,435.8333333333333,119.3573067167095,6,5,distractor
CogMisp24_S21_561504000,561504000,CogMisp-24,28,30,65,30,0.6429305757135946,0.25467659245699126,4,0.022012578616352196,0.013341637380878252,2,1,0,4,NA,NA,NA,1,0,4,371.75,256.30629462942704,4,6,4,1670.8333333333335,684.1289406299134,4,1670.8333333333335,684.1289406299134,4,1670.8333333333335,684.1289406299134,0.29249999999999987,0.15002777520623736,4,0.20304166666666668,0.08087829505566435,4,433,155.55277775297574,4,3,distractor
CogMisp24_S22_531552000,531552000,CogMisp-24,31,82,18,82,0.8730773016895762,0.11226467644628856,4,NA,NA,NA,2,0,4,NA,NA,NA,1,0,4,226.25,177.10143044782745,4,2,4,735.4166666666667,282.2999947521024,4,675,493.7573253089987,4,1058.3333333333335,377.4917217635375,0.01750000000000007,0.03708099243547828,4,0.024196969696969717,0.035053522852066824,4,246,248.27001429894833,4,6,distractor
CogMisp24_S25_580872000,580872000,CogMisp-24,28,86,14,86,0.7538522440106814,0.10515813533410007,6,0.5220125786163522,0.035577699682342125,2,1.1666666666666667,0.408248290463863,6,NA,NA,NA,1,0,6,568.8333333333334,317.9228942159823,6,8,6,1643.0555555555557,527.1099576060079,6,1558.3333333333335,680.828743354581,6,1727.7777777777778,422.251460975917,0.30916666666666676,0.1019027313994413,6,0.25198441644562347,0.07507037308381037,6,427.5,114.5508620657217,6,3,distractor
CogMisp24_S39_546540000,546540000,CogMisp-24,24,76,24,76,0.6060314192583879,0.08496414181967575,3,NA,NA,NA,1.6666666666666667,0.5773502691896257,3,NA,NA,NA,1,0,3,627,314.54888332340335,3,6,3,863.8888888888889,337.50857327931243,3,1105.5555555555557,221.94427061597972,3,1105.5555555555557,221.94427061597972,0.16166666666666663,0.012583057392117854,3,0.13216452991452998,0.04186043422932996,3,477.3333333333333,18.77054430040145,3,-1,distractor
CogMisp24_S42_528996000,528996000,CogMisp-24,24,66,34,66,0.6495346796605378,0.24296535724525112,4,NA,NA,NA,2.25,0.5,4,NA,NA,NA,1,0,4,405,52.706735812417755,4,7,4,700,245.32669073132908,4,645.8333333333334,201.55644370746379,4,787.5,280.00496027352403,0.1612499999999999,0.21171423350041138,4,0.10495833333333338,0.2519777740419006,4,383,200.4810880523813,4,-1,distractor
CogMisp24_S43_538080000,538080000,CogMisp-24,24,100,0,100,0.6460541554881177,0.16977711732279904,3,NA,NA,NA,1,0,3,NA,NA,NA,1,0,3,282.6666666666667,178.61224295476873,3,4,3,1666.6666666666667,507.4445782546111,3,1666.6666666666667,507.4445782546111,3,1666.6666666666667,507.4445782546111,0.0949999999999999,0.03041381265149111,3,0.09663247863247859,0.03963059637272944,3,528,34.828149534535996,3,-1,distractor
CogMisp24_S49_568812000,568812000,CogMisp-24,24,98,2,98,0.48332887644926886,0.2777624960686562,4,0.06603773584905664,0.031130487222049336,2,1.5,0.5773502691896257,4,NA,NA,NA,1,0,4,334.25,103.99479153624313,4,6,4,737.5,497.88906246122593,4,629.1666666666667,488.8336458687489,4,845.8333333333334,555.8402048550764,0.12875000000000003,0.14716062652761466,4,0.0320704022988505,0.16021609528584285,4,424.75,168.0225679286367,4,-1,distractor
CogMisp24_S58_574284000,574284000,CogMisp-24,26,17,83,17,0.5902513490156347,0.3106855943027531,6,0.25471698113207547,0.12896916134848976,2,1,0,5,NA,NA,NA,0.8333333333333334,0.408248290463863,6,368.2,341.46185731352193,5,7,6,1723.3333333333335,491.96318742135355,5,1723.3333333333335,491.96318742135355,5,1723.3333333333335,491.96318742135355,0.13250000000000006,0.06570768600399796,6,0.11231944444444457,0.06805043915007841,6,408.1666666666667,166.60062024694466,6,1,distractor
CogMisp24_S59_552972000,552972000,CogMisp-24,26,39,58,39,0.5199350874013542,0.18342410864511216,3,NA,NA,NA,2,0,2,NA,NA,NA,1,0,3,1004.3333333333334,318.3116921090605,3,4,3,508.33333333333337,35.35533905932738,2,466.66666666666674,353.5533905932738,2,783.3333333333335,94.28090415820637,0.1550000000000001,0.10688779163216,3,0.10908333333333342,0.03347148454696582,3,521.6666666666666,52.93706955747866,3,1,distractor
CogMisp24_S70_571500000,571500000,CogMisp-24,24,100,0,100,0.5178125487503592,0.16370005920949365,6,-0.1981132075471698,0.05781376198380572,2,1,0,6,NA,NA,NA,1,0,6,538.1666666666666,273.3052627862601,6,11,6,1319.4444444444446,443.89897082139805,6,1319.4444444444446,443.89897082139805,6,1319.4444444444446,443.89897082139805,0.26833333333333353,0.18993858656593884,6,0.22558333333333339,0.11530753565044123,6,374.5,159.80581966874675,6,-1,distractor
CogMisp24_S71_581112000,581112000,CogMisp-24,25,93,7,93,0.8311478739730974,0.11559447131032916,5,0.7672955974842768,0.008894424920585502,2,1,0,5,NA,NA,NA,1,0,5,241.6,142.04154321887663,5,4,5,2166.666666666667,284.0676758176552,5,2166.666666666667,284.0676758176552,5,2166.666666666667,284.0676758176552,0.20599999999999996,0.0939015441832562,5,0.11269999999999998,0.047749403719371676,5,532.6,80.91538790613316,5,0,distractor
CogMisp24_S74_535680000,535680000,CogMisp-24,25,96,4,96,0.6331238191657321,0.2032048285384742,5,0.5031446540880504,0.0889442492058551,2,1.2,0.44721359549995793,5,NA,NA,NA,0.8,0.44721359549995793,5,359,197.31869315061527,4,6,5,1331.6666666666667,725.584055931649,5,1303.3333333333335,756.4904346902067,5,1360.0000000000002,699.0668383240937,0.18800000000000008,0.126964561984831,5,0.1144166666666667,0.0801115324961948,5,513.2,75.67496283448047,5,0,distractor
CogMisp24_S08_549144000,549144000,CogMisp-24,27,63,37,63,0.7776092115501755,0.3024673665266687,3,NA,NA,NA,2,0,3,NA,NA,NA,1,0,3,132.66666666666666,82.37313477908518,3,1,3,936.1111111111112,367.2659244461147,3,1133.3333333333335,593.2490576852563,3,1138.888888888889,592.6244204415675,0.24333333333333348,0.03175426480542951,3,0.21300641025641007,0.011321879364045063,3,450,60.32412452742269,3,2,distractor
CogMisp24_S11_544008000,544008000,CogMisp-24,24,98,2,98,0.6211913901539796,0.21524636193063496,4,-0.05974842767295599,0.040024912142634796,2,1.75,0.9574271077563381,4,NA,NA,NA,1,0,4,238.5,23.811761799581316,4,8,4,902.7777777777778,382.9305452286822,4,887.5000000000001,502.10206281341004,4,1125,229.9355787397209,0.355,0.3742770809618636,4,0.2571698717948717,0.18667694293617873,4,470.25,83.25613090537738,4,-1,distractor
CogMisp24_S16_528516000,528516000,CogMisp-24,30,81,19,81,0.4461826287715946,0.10149414332750019,3,NA,NA,NA,1.3333333333333333,0.5773502691896257,3,NA,NA,NA,1,0,3,593.3333333333334,258.0413403571864,3,7,3,936.1111111111112,383.90657621257185,3,905.5555555555557,426.33233428777044,3,966.6666666666667,344.3996386628637,0.26499999999999985,0.08411301920630367,3,0.19399999999999995,0.05091066522187001,3,488.3333333333333,9.237604307034012,3,5,distractor
CogMisp24_S17_542916000,542916000,CogMisp-24,24,59,41,59,0.42751012428431784,0.3998216477559066,3,NA,NA,NA,1.5,0.7071067811865476,2,NA,NA,NA,0.6666666666666666,0.5773502691896257,3,339,188.09040379562165,2,5,3,1141.6666666666667,176.7766952966369,2,850,589.2556509887896,2,1433.3333333333335,235.7022603955158,0.2116666666666666,0.05795112883571228,3,0.16086111111111112,0.08209836297822096,3,516.3333333333334,169.03352724632273,3,-1,distractor
CogMisp24_S26_549528000,549528000,CogMisp-24,28,89,11,89,0.71690101349998,0.3823469668091182,2,NA,NA,NA,1,0,2,NA,NA,NA,0.5,0.7071067811865476,2,39,NA,1,1,2,1866.6666666666667,966.3792676216149,2,1866.6666666666667,966.3792676216149,2,1866.6666666666667,966.3792676216149,0.21250000000000036,0.03181980515339459,2,0.16333012820512827,1.223838659743337e-4,2,583,141.4213562373095,2,3,distractor
CogMisp24_S30_561996000,561996000,CogMisp-24,28,72,24,72,0.9147286821705426,NA,1,NA,NA,NA,3,NA,1,NA,NA,NA,1,NA,1,188,NA,1,0,1,650,NA,1,366.6666666666667,NA,1,1100,NA,0.13999999999999968,NA,1,0.049666666666666526,NA,1,600,NA,1,3,distractor
CogMisp24_S31_533496000,533496000,CogMisp-24,27,67,33,67,0.6168442530167879,0.3094212759134163,6,0.11949685534591198,0.25793832269697964,2,1.5,0.8366600265340756,6,NA,NA,NA,1,0,6,585.3333333333334,342.387889193918,6,7,6,1108.3333333333335,710.3011880729033,6,961.1111111111112,774.3575592900413,6,1272.2222222222224,759.1418156683877,0.18083333333333326,0.11693659250494111,6,0.12809722222222217,0.08239003473766775,6,427.5,207.09007701963898,6,2,distractor
CogMisp24_S34_543228000,543228000,CogMisp-24,25,100,0,100,0.8224589293562924,0.09434534969325281,4,NA,NA,NA,1.25,0.5,4,NA,NA,NA,1,0,4,338.25,191.2247804722669,4,3,4,1895.8333333333335,747.1396071636095,4,2037.5000000000002,473.8289658609833,4,2037.5000000000002,473.8289658609833,0.17500000000000004,0.17228851770600762,4,0.12012500000000004,0.13697243065397968,4,341.25,208.96151958355074,4,0,distractor
CogMisp24_S46_567816000,567816000,CogMisp-24,24,29,71,29,0.7901234567901234,NA,1,NA,NA,NA,NA,NA,NA,NA,NA,NA,1,NA,1,238,NA,1,0,1,NA,NA,NA,NA,NA,NA,NA,NA,0.3350000000000004,NA,1,0.2743333333333333,NA,1,150,NA,1,-1,distractor
CogMisp24_S47_581820000,581820000,CogMisp-24,26,100,0,100,0.799207163803938,0.19034174882700983,5,0.7358490566037736,0.04447212460292751,2,1.4,0.5477225575051661,5,NA,NA,NA,1,0,5,171.6,149.65727513221668,5,5,5,1436.6666666666667,714.4733880434052,5,1580,594.5820193865417,5,1580,594.5820193865417,0.44000000000000006,0.22591480695164687,5,0.2596282051282051,0.1637300101097908,5,529.4,102.21692619131139,5,1,distractor
CogMisp24_S50_570504000,570504000,CogMisp-24,25,62,38,62,0.5965452406462389,0.2594004359952929,6,0.26415094339622647,0.05336654952351301,2,1.1666666666666667,0.408248290463863,6,NA,NA,NA,0.8333333333333334,0.408248290463863,6,348.4,105.36270687487105,5,9,6,1320.8333333333335,698.0080785906262,6,1311.1111111111113,705.2711587803711,6,1330.5555555555557,691.4892677456444,0.13083333333333344,0.13701885515018228,6,0.1321623851294904,0.13089834098986558,6,313.6666666666667,204.75611508979816,6,0,distractor
CogMisp24_S53_562644000,562644000,CogMisp-24,31,27,73,27,0.4600235752752375,0.344784991774941,5,-0.09119496855345913,0.01334163738087829,2,1,0,4,NA,NA,NA,0.6,0.5477225575051661,5,882.3333333333334,614.4707750034441,3,4,5,1512.5,702.5581562852736,4,1512.5,702.5581562852736,4,1512.5,702.5581562852736,0.08900000000000015,0.1087083253481536,5,0.07861980548187439,0.0931970338290992,5,459.8,109.36498525579383,5,6,distractor
CogMisp24_S57_576672000,576672000,CogMisp-24,25,90,10,90,0.7806166505124653,0.14592180370438346,8,0.42662473794549266,0.24810237971021917,6,1.5,0.5345224838248488,8,NA,NA,NA,1,0,8,327.75,216.71623975011326,8,8,8,1284.375,695.1138638598419,8,1308.3333333333335,738.5635994795509,8,1418.75,624.20981795018,0.23437500000000006,0.13409584791697104,8,0.15929166666666672,0.10065433738751974,8,443.5,180.0253950339864,8,0,distractor
CogMisp24_S62_588780000,588780000,CogMisp-24,27,38,62,38,0.5515098266269702,0.1475998668847286,5,-0.08176100628930819,0.03557769968234205,2,1.6,0.5477225575051661,5,NA,NA,NA,1,0,5,485,224.75319797502326,5,13,5,856.6666666666667,219.0097663981627,5,946.6666666666667,191.99247670445612,5,946.6666666666667,191.99247670445612,0.11700000000000008,0.10980664825045873,5,0.11383333333333337,0.13965622474888528,5,193.2,69.14622187798838,5,2,distractor
