recording_name,subject_id,dataset_name,age_months,exp_to_target_lang,fre_exp,eng_exp,mean_prop_looking,sd_prop_looking,n_trials_prop_looking,mean_prop_looking_diff,sd_prop_looking_diff,n_trials_prop_looking_diff,mean_number_fixations,sd_number_fixations,n_trials_number_fixations,mean_prop_shift_target_initial,sd_prop_shift_target_initial,n_trials_prop_shift_target_initial,mean_prop_shift_distractor_initial,sd_prop_shift_distractor_initial,n_trials_prop_shift_distractor_initial,mean_RT,sd_RT,n_trials_RT,mean_aoi_switches,n_trials_mean_aoi_switches,mean_duration_of_look,sd_duration_of_look,n_trials_duration_of_look,mean_first_look_dur,sd_first_look_dur,n_trials_first_look_dur,mean_longest_look,sd_longest_look,mean_peak_pupil_size_difference,sd_peak_pupil_size_difference,n_trials_peak_pupil_size_difference,mean_mean_pupil_size_difference,sd_mean_pupil_size_difference,n_trials_mean_pupil_size_difference,mean_peak_pupil_latency,sd_peak_pupil_latency,n_trials_peak_pupil_latency,age_months_centred,data_split
CompMix36_S01_88272000_F1,88272000,CompMix-36,46,65,65,35,0.5045724241741639,0.3224473184507898,8,0.057389937106918254,0.026729559748427632,4,1.1428571428571428,0.3779644730092272,7,NA,NA,NA,0.875,0.3535533905932738,8,443.85714285714283,295.93097650827775,7,1.125,8,1214.2857142857144,637.1543050671545,7,1295.2380952380954,623.959451266985,7,1295.2380952380954,623.959451266985,0.0187500000000001,0.06932068336980772,8,-0.03407291666666662,0.0927066485935738,8,266.375,239.23206754709358,8,21,distractor
CompMix36_S04_82812000_F1,82812000,CompMix-36,39,70,70,30,0.7279809946469261,0.1826158284143309,12,0.48506289308176104,0.20374661507769054,8,1.25,0.45226701686664544,12,NA,NA,NA,1,0,12,377.3333333333333,119.17773841340225,12,1.4166666666666667,12,1554.1666666666667,537.9710761629094,12,1530.5555555555557,576.6865180211344,12,1631.9444444444446,480.3438548115494,0.04041666666666669,0.0749381057738295,12,0.02463888888888895,0.044847754993378806,12,434.3333333333333,229.25941373884473,12,14,distractor
CompMix36_S21_503484000_F1,503484000,CompMix-36,37,50,50,50,0.8606422134121866,0.08455734500107101,7,0.6729559748427674,0.06226097444409859,2,1.8571428571428572,0.6900655593423543,7,NA,NA,NA,1,0,7,268.42857142857144,123.03232250491081,7,0.7142857142857143,7,1107.142857142857,789.2863128154976,7,1195.2380952380952,739.22596440806,7,1195.2380952380952,739.22596440806,0.07071428571428573,0.12343785789580415,7,0.01711904761904773,0.08747626473240834,7,426,193.25371923976004,7,12,distractor
CompMix36_S25_93468000_F1,93468000,CompMix-36,37,90,90,10,0.8241560297691994,0.09029449358549801,6,0.5534591194968553,0.14749735093784366,4,3.1666666666666665,0.752772652709081,6,NA,NA,NA,1,0,6,303.6666666666667,183.06137404342476,6,0.6666666666666666,6,524.5370370370371,207.45679802134103,6,638.8888888888889,261.972574193616,6,772.2222222222223,274.4017060739534,0.09166666666666672,0.1476369420797746,6,0.04937500000000009,0.16612943205357805,6,333.1666666666667,226.90210811419684,6,12,distractor
CompMix36_S28_502428000_F1,502428000,CompMix-36,38,40,40,60,0.6741721356302981,0.1526757246955638,5,NA,NA,NA,1,0,5,NA,NA,NA,1,0,5,522.2,533.0287984715272,5,0.8,5,1506.6666666666667,435.18833726202837,5,1506.6666666666667,435.18833726202837,5,1506.6666666666667,435.18833726202837,0.038000000000000346,0.19781936204527606,5,0.041933333333333246,0.13682054852981682,5,466,177.25687574816385,5,13,distractor
CompMix36_S13_536412000_F2,536412000,CompMix-36,40.43333333333333,70,70,40,0.6753234567806653,0.12190815961194215,11,0.2531446540880503,0.16603257408913258,4,1.8181818181818181,0.873862897505303,11,NA,NA,NA,1,0,11,509.6363636363636,135.8596869768753,11,1.2727272727272727,11,906.0606060606061,477.11649679627675,11,856.0606060606061,524.8424487020806,11,1100,483.73546489791306,0.08727272727272722,0.08019861708170656,11,0.0352521645021645,0.07917214532030616,11,404.27272727272725,169.10889444916307,11,15.43333333333333,distractor
CompMix36_S15_97932000_F2,97932000,CompMix-36,39.46666666666667,45,45,50,0.4580434474236323,0.25032511516411843,8,-0.16352201257861634,0.3049720057064242,4,1.2857142857142858,0.7559289460184544,7,NA,NA,NA,0.75,0.4629100498862757,8,717.3333333333334,471.7302901729617,6,1.25,8,904.7619047619048,539.1792704790178,7,871.4285714285716,573.3038013804276,7,966.6666666666667,511.35259995572676,0.03624999999999984,0.14322185587402497,8,0.06403125000000004,0.08494987945164606,8,362.25,183.75740995749183,8,14.466666666666669,distractor
CompMix36_S17_94332000_F2,94332000,CompMix-36,38,40,40,60,0.5271553499083939,0.22848240491178973,9,0.39308176100628933,0.2699034211652775,4,1.6666666666666667,0.7071067811865476,9,NA,NA,NA,1,0,9,316.6666666666667,195.26072313704054,9,2,9,828.3950617283951,238.90817823357608,9,946.2962962962964,469.02512502128775,9,1025.925925925926,401.56906759533007,0.15722222222222226,0.1281383800601695,9,0.08980820105820116,0.10659976152367087,9,412.55555555555554,199.70735534220512,9,13,distractor
CompMix36_S24_545388000_F2,545388000,CompMix-36,41,40,40,60,0.5940144758508559,0.24064152209001421,13,0.05136268343815514,0.21506920544116873,6,1.1538461538461537,0.3755338080994054,13,NA,NA,NA,1,0,13,373.0769230769231,263.5293979611072,13,1.4615384615384615,13,1435.2564102564104,744.9067323403916,13,1471.7948717948718,706.398816356092,13,1471.7948717948718,706.398816356092,0.02499999999999998,0.15657798908744056,13,-0.022115384615384724,0.12702362230396108,13,284.46153846153845,232.05158025196877,13,16,distractor
CompMix36_S30_109320000_F2,109320000,CompMix-36,40.2,60,60,40,0.5689246681798964,0.21388951410990942,8,0.24213836477987424,0.06670818690439122,2,1.125,0.3535533905932738,8,NA,NA,NA,1,0,8,549.375,282.11747173321766,8,1.5,8,1239.5833333333335,434.60778705797316,8,1343.75,476.00666095112706,8,1343.75,476.00666095112706,0.04937500000000006,0.04118230375849754,8,0.027572916666666725,0.03202728367816396,8,457.875,155.46468363310962,8,15.200000000000003,distractor
CompMix36_S03_86508000_E1,86508000,CompMix-36,43.2,30,70,30,0.8772707388738521,0.05685806674651611,10,0.6619496855345912,0.06448458067424488,2,1.4,0.699205898780101,10,NA,NA,NA,1,0,10,317,141.7227340031702,10,0.9,10,1899.1666666666667,694.0048608717235,10,1805.0000000000002,839.6813769608177,10,2005.0000000000002,597.7349220490945,0.0875,0.14095409024060138,10,0.057688061650992675,0.09829403092169443,10,433,206.64032090137255,10,18.200000000000003,distractor
CompMix36_S05_96120000_E1,96120000,CompMix-36,46,40,60,40,0.8117937526059136,0.12009978430303543,10,0.6108490566037736,0.08096593751280295,4,1.6,1.0749676997731399,10,NA,NA,NA,1,0,10,347.3,266.78874289094983,10,1,10,1515.4166666666667,680.476327587821,10,1658.3333333333335,508.70508568082045,10,1658.3333333333335,508.70508568082045,0.08349999999999999,0.09686904103536437,10,0.060292592592592606,0.09830288274425074,10,335,219.89795613218217,10,21,distractor
CompMix36_S06_93168000_E1,93168000,CompMix-36,44.333333333333336,50,50,50,0.5809789550306429,0.2577104492899339,9,-0.07704402515723269,0.006670818690439126,2,1.3333333333333333,0.5,9,NA,NA,NA,0.8888888888888888,0.3333333333333333,9,512,287.15700036242,8,1.3333333333333333,9,1190.7407407407409,708.2039642209521,9,1327.7777777777778,656.273147739906,9,1327.7777777777778,656.273147739906,0.08777777777777773,0.09906156895812056,9,0.006296296296296195,0.10643466885638306,9,412.44444444444446,217.36438939664836,9,19.333333333333336,distractor
CompMix36_S26_83640000_E1,83640000,CompMix-36,44,40,60,40,0.7674100010980135,0.08260177846425162,6,NA,NA,NA,1.8333333333333333,1.1690451944500122,6,NA,NA,NA,1,0,6,522.8333333333334,194.97427180699168,6,1,6,1297.9166666666667,853.2932526394428,6,1327.7777777777778,799.004009631621,6,1419.4444444444446,734.6515929084773,0.13750000000000004,0.15413468136665412,6,0.09065277777777762,0.10661999521492004,6,299.8333333333333,228.72640133282968,6,19,distractor
CompMix36_S29_98280000_E1,98280000,CompMix-36,40.43333333333333,20,80,20,0.7418776172193047,0.2040978890217994,12,0.34643605870020966,0.3490391330358792,6,1.1666666666666667,0.3892494720807615,12,NA,NA,NA,1,0,12,495.0833333333333,374.4810854146486,12,1.25,12,1755.5555555555557,662.3185222503029,12,1713.888888888889,743.008943124031,12,1854.1666666666667,596.2053828890331,0.050000000000000044,0.12595092839529354,12,0.010675218938149933,0.16364469272262733,12,323.3333333333333,190.57441082319016,12,15.43333333333333,distractor
CompMix36_S07_535140000_E2,535140000,CompMix-36,41.266666666666666,50,50,50,0.5881977902417626,0.23933976986780203,3,NA,NA,NA,2,1,3,NA,NA,NA,1,0,3,398,79.03796556086195,3,2.3333333333333335,3,814.8148148148149,807.4944737290039,3,716.6666666666667,880.4985961248194,3,944.4444444444446,753.0186166603302,0.07833333333333344,0.03785938897200178,3,0.0058611111111111685,0.03618071283821645,3,505,133.83945606584032,3,16.266666666666666,distractor
CompMix36_S14_94020000_E2,94020000,CompMix-36,38,55,45,55,0.6651963472962388,0.2473986462960403,14,0.41132075471698115,0.14735425378949374,10,1.3846153846153846,0.6504436355879909,13,NA,NA,NA,0.9285714285714286,0.2672612419124244,14,341.9230769230769,282.71642492624466,13,1.2857142857142858,14,1447.6495726495727,608.1894026351355,13,1380.769230769231,687.179088531585,13,1548.7179487179487,532.7454024369088,0.08785714285714283,0.12596877338504117,14,0.04095807210031351,0.11083768907847115,14,402,162.68657927721966,14,13,distractor
CompMix36_S20_85212000_E2,85212000,CompMix-36,48,20,80,20,0.614742677268545,0.25983762582983544,7,-0.39308176100628933,0.013341637380878213,2,1.4285714285714286,0.5345224838248488,7,NA,NA,NA,0.8571428571428571,0.3779644730092272,7,339.8333333333333,134.44317262942982,6,1.5714285714285714,7,1175,748.3778754375656,7,1190.4761904761906,747.1462462112175,7,1223.8095238095239,715.7524623091334,0.01857142857142862,0.07498412530408724,7,-0.021122406329302925,0.05102999831010538,7,425.85714285714283,227.38031912153156,7,23,distractor
Mix_20_S29,17328000,Mix-20,21.033333333333335,42,58,42,0.16666666666666666,0.23570226039551584,2,NA,NA,NA,1,NA,1,NA,NA,NA,0,0,2,NA,NA,NA,0.5,2,700,NA,1,700,NA,1,700,NA,0.03500000000000014,0.049497474683058526,2,0.020208333333333384,0.018443701875949358,2,316,400.2224381515859,2,-3.966666666666665,distractor
Mix_20_S36,16464000,Mix-20,21.3,62,38,62,0.3919391761012773,0.26356251188298213,9,-0.2331539920027768,0.08595512739161418,4,1.375,0.5175491695067657,8,NA,NA,NA,0.6666666666666666,0.5,9,418.6666666666667,458.667490309338,6,1.1111111111111112,9,718.75,318.15907721248254,8,620.8333333333334,373.0770804224081,8,816.6666666666667,329.7425643288393,0.08055555555555566,0.15740958604156785,9,0.03951851851851856,0.11945788845529416,9,529.2222222222222,166.04274884632704,9,-3.6999999999999993,distractor
Mix_14_S23,55704000,Mix-14,14.3,77,23,77,0.20194647201946472,0.34978154994699956,3,NA,NA,NA,1,NA,1,NA,NA,NA,0.3333333333333333,0.5773502691896257,3,900,NA,1,0.3333333333333333,3,1383.3333333333335,NA,1,1383.3333333333335,NA,1,1383.3333333333335,NA,0.19999999999999987,0.08529361054615994,3,0.12838888888888875,0.04065815598558484,3,449.6666666666667,261.5135433076714,3,-10.7,distractor
Mix_14_S24,18348000,Mix-14,14,27,73,27,0.8448275862068966,NA,1,NA,NA,NA,1,NA,1,NA,NA,NA,1,NA,1,2,NA,1,1,1,1600,NA,1,1600,NA,1,1600,NA,-0.10000000000000009,NA,1,-0.24634615384615355,NA,1,149,NA,1,-11,distractor
Mix_20_S41,40632000,Mix-20,20.5,29,71,29,0.17333333333333334,0.3002221399786054,3,NA,NA,NA,1,NA,1,NA,NA,NA,0.3333333333333333,0.5773502691896257,3,836,NA,1,0.3333333333333333,3,1083.3333333333335,NA,1,1083.3333333333335,NA,1,1083.3333333333335,NA,-0.05999999999999991,0.14857657958103634,3,-0.12175000000000002,0.1332184140174821,3,133.33333333333334,59.76899976855338,3,-4.5,distractor
Mix_14_S30,62880000,Mix-14,14.466666666666667,24.1,75.9,24.1,0.2693878902225459,0.36368514392821205,7,NA,NA,NA,1,0,3,NA,NA,NA,0.2857142857142857,0.4879500364742666,7,527,224.8599564173221,2,0.42857142857142855,7,1433.3333333333335,600.9252125773315,3,1433.3333333333335,600.9252125773315,3,1433.3333333333335,600.9252125773315,0.07071428571428573,0.06760353611489639,7,0.03320238095238093,0.08183433549316851,7,354.42857142857144,202.59307091051357,7,-10.533333333333333,distractor
Mix_14_S32,72444000,Mix-14,14.133333333333333,69,28,69,0.323310529698799,0.2703416078077245,9,-0.01379895158803579,0.017552295986900182,2,1.1428571428571428,0.3779644730092272,7,NA,NA,NA,0.5555555555555556,0.5270462766947299,9,765.6,392.11962460453316,5,1.4444444444444444,9,836.9047619047619,419.4864900612597,7,890.4761904761906,433.9586452878959,7,890.4761904761906,433.9586452878959,0.006111111111111079,0.0425571511160125,9,-0.01247222222222217,0.039319007807929275,9,355.22222222222223,240.81205211626025,9,-10.866666666666667,distractor
Mix_14_S34,70908000,Mix-14,14.8,57,43,57,0.21230479052935042,0.1843064512430818,7,-0.5825267110970063,0.0742600504625987,2,1,0,4,NA,NA,NA,0.14285714285714285,0.3779644730092272,7,1384,NA,1,0.5714285714285714,7,779.1666666666667,149.303940559741,4,779.1666666666667,149.303940559741,4,779.1666666666667,149.303940559741,-0.016666666666666757,0.0413118223595459,6,-0.0318055555555555,0.04726234896436723,6,330.1666666666667,202.63703182455737,6,-10.2,distractor
Mix_20_S47,61680000,Mix-20,20.2,80,20,80,0.4145326822019741,0.34158930171761726,11,0.04561119947336302,0.014071794899731942,4,1,0,7,NA,NA,NA,0.6363636363636364,0.504524979109513,11,739.8571428571429,420.8726761430463,7,0.6363636363636364,11,1445.2380952380954,382.5734359079756,7,1445.2380952380954,382.5734359079756,7,1445.2380952380954,382.5734359079756,0.054545454545454675,0.07524807457518592,11,0.01303030303030313,0.061255025561709295,11,411.54545454545456,258.8321323315031,11,-4.800000000000001,distractor
Mix_14_S41,68436000,Mix-14,14.866666666666667,85,6,85,0.22387190592117753,0.325499882485362,9,-0.5474452554744526,0.5227011325538148,4,1.3333333333333333,0.5773502691896257,3,NA,NA,NA,0.3333333333333333,0.5,9,562.3333333333334,324.53710625032284,3,0.5555555555555556,9,1269.4444444444446,648.1990720735699,3,1261.1111111111113,661.2978261077341,3,1277.7777777777778,635.158189686574,0.07388888888888874,0.0882743513774593,9,0.037855363984674324,0.07809676538283342,9,433.1111111111111,250.22811814644476,9,-10.133333333333333,distractor
Mix_14_S43,68664000,Mix-14,14,48,52,48,0.31936664163545503,0.2989048436419924,9,-0.5230757486784787,0.09460226433417286,6,1,0,6,NA,NA,NA,0.5555555555555556,0.5270462766947299,9,828.4,440.46203014561877,5,0.8888888888888888,9,1069.4444444444446,522.3256398781072,6,1069.4444444444446,522.3256398781072,6,1069.4444444444446,522.3256398781072,0.08722222222222215,0.13033876800263394,9,0.020576719576719495,0.09524206132201508,9,353.3333333333333,221.06277389013283,9,-11,distractor
Mix_20_S51,49872000,Mix-20,21.7,40,60,40,0.4940644296851068,0.29387842941449754,5,-0.20585561497326205,0.02091069786075732,2,1,0,4,NA,NA,NA,0.8,0.44721359549995793,5,843.5,249.59233428399466,4,0.8,5,1283.3333333333335,279.88092706244447,4,1283.3333333333335,279.88092706244447,4,1283.3333333333335,279.88092706244447,0.03000000000000016,0.10458250331675938,5,0.02031666666666663,0.08825051935635649,5,406.4,141.35876343545172,5,-3.3000000000000007,distractor
Mix_14_S46,51576000,Mix-14,14,29,71,29,0.2627975145327873,0.21421289648252317,4,NA,NA,NA,1,0,2,NA,NA,NA,0.75,0.5,4,1268,133,3,0.75,4,908.3333333333334,106.06601717798213,2,908.3333333333334,106.06601717798213,2,908.3333333333334,106.06601717798213,0.06375000000000008,0.11925987031129386,4,-0.046645833333333386,0.1335112246460255,4,237.5,264.49763704048473,4,-11,distractor
Mix_20_S53,64716000,Mix-20,21.133333333333333,25,73,25,0.38317976981698754,0.27452247965582677,7,-0.24316207670698306,0.36991436482947504,6,1,0,4,NA,NA,NA,0.5714285714285714,0.5345224838248488,7,726.75,238.44129256485758,4,1,7,1291.6666666666667,206.60393313096728,4,1291.6666666666667,206.60393313096728,4,1291.6666666666667,206.60393313096728,0.01857142857142862,0.1292515082347297,7,-0.03995557380040138,0.12798354443784296,7,185.28571428571428,111.66126497240704,7,-3.866666666666667,distractor
Mix_20_S54,68664000,Mix-20,20.3,47,53,47,0.10958772126509449,0.19317430792783946,9,-0.40151236674893664,0.04136517115169957,2,1,0,2,NA,NA,NA,0.2222222222222222,0.44095855184409843,9,509.5,482.95393155041194,2,0.2222222222222222,9,750,707.1067811865476,2,750,707.1067811865476,2,750,707.1067811865476,0.013888888888888888,0.07368759129671097,9,-0.033660774410774516,0.1080365748807461,9,444.1111111111111,182.93608477036756,9,-4.699999999999999,distractor
Mix_14_S48,92556000,Mix-14,15.1,60,40,60,0.22227560154389422,0.27748053199504985,6,NA,NA,NA,1,0,3,NA,NA,NA,0.5,0.5477225575051661,6,773.6666666666666,99.48534230394613,3,0.6666666666666666,6,805.5555555555557,407.3400617738524,3,805.5555555555557,407.3400617738524,3,805.5555555555557,407.3400617738524,0.07499999999999989,0.06549809157525129,6,0.02267451690821261,0.07852282743081,6,363.8333333333333,179.1573796042649,6,-9.9,distractor
Mix_20_S56,91668000,Mix-20,20.2,91.5,8.5,91.5,0.3395563457793582,0.4067286256736442,3,NA,NA,NA,1.5,0.7071067811865476,2,NA,NA,NA,0.6666666666666666,0.5773502691896257,3,768,707.1067811865476,2,1,3,641.6666666666667,247.48737341529167,2,333.33333333333337,188.56180831641268,2,950.0000000000001,683.5365551469961,0.07250000000000001,0.060104076400856826,2,0.0465416666666667,0.018915106396740024,2,558,152.73506473629428,2,-4.800000000000001,distractor
Mix_20_S58,85728000,Mix-20,20.133333333333333,82,18,82,0.46039176275609156,0.20901050604800966,6,0.0689199196022427,0,2,1,0,5,NA,NA,NA,1,0,6,865.5,461.0391523504268,6,1.1666666666666667,6,1240,151.19891240055634,5,1240,151.19891240055634,5,1240,151.19891240055634,0.06333333333333331,0.0338624669312008,6,0.04151388888888885,0.0354905862583724,6,488.5,128.3553660740368,6,-4.866666666666667,distractor
Mix_20_S65,84744000,Mix-20,20.9,67,33,67,0.39401083870323,0.23594611174340474,8,-0.11467259071194327,0.0804576922811993,4,1.2857142857142858,0.7559289460184544,7,NA,NA,NA,0.75,0.4629100498862757,8,754.3333333333334,317.1199562731218,6,1.375,8,876.9841269841271,448.66547166833794,7,861.9047619047619,467.23321618532043,7,888.0952380952382,436.81446668680553,0.09250000000000003,0.05133920807447541,8,0.060989583333333375,0.05764022648572262,8,422.625,224.31797424956514,8,-4.100000000000001,distractor
Mix_20_S01,4224000,Mix-20,22,39,61,39,0.4090580532935898,0.34800021186044405,8,-0.13858062227627446,0.09533077892707054,2,1.1666666666666667,0.408248290463863,6,NA,NA,NA,0.625,0.5175491695067657,8,654.6,502.71841024573587,5,0.875,8,1031.9444444444446,679.8777804107856,6,980.5555555555557,712.5397974590353,6,1083.3333333333335,669.6599468718765,0.02312499999999995,0.24695195455218188,8,-0.005848379629629474,0.15332412355542205,8,489.375,165.68208584946223,8,-3,distractor
Mix_20_S02,5364000,Mix-20,20.533333333333335,64,36,64,0.4085148085650651,0.3482483268311775,9,0.08443768628385134,0.1446417035198291,6,1.1666666666666667,0.408248290463863,6,NA,NA,NA,0.5555555555555556,0.5270462766947299,9,535.2,355.4739090284968,5,0.7777777777777778,9,1256.9444444444446,558.629689176676,6,1241.6666666666667,586.4914511075351,6,1272.2222222222224,531.9426312704811,0.11722222222222228,0.14920856022509035,9,0.02494767783656678,0.12545874156697495,9,518,154.50566332662373,9,-4.466666666666665,distractor
Mix_20_S04,4824000,Mix-20,21.366666666666667,55,45,55,0.5218739859368657,0.23816726048641274,9,0.08907665996685353,0.16566957488830064,6,1.6666666666666667,0.8660254037844386,9,NA,NA,NA,0.8888888888888888,0.3333333333333333,9,381.125,325.58713448608063,8,1.5555555555555556,9,675,305.5366155746151,9,640.7407407407408,355.3276179097014,9,777.7777777777778,349.4042548872772,0.12388888888888897,0.1151026112262927,9,0.0538103448275861,0.08212695771947781,9,377.44444444444446,195.86035274597506,9,-3.633333333333333,distractor
Mix_14_S01,19872000,Mix-14,14,60,40,60,0.2847841588427299,0.3202343788805923,4,NA,NA,NA,1,0,3,NA,NA,NA,0.5,0.5773502691896257,4,626.5,12.020815280171307,2,1,4,861.1111111111112,721.9443910050855,3,861.1111111111112,721.9443910050855,3,861.1111111111112,721.9443910050855,0.02375000000000005,0.11205467415507481,4,-0.0027886904761903475,0.11324984101735949,4,375,219.37638888449231,4,-11,distractor
Mix_14_S02,20520000,Mix-14,14,55,45,55,0.32866915422885573,0.2733922618370741,6,0.31666666666666665,2.9279783900060735e-4,2,1.2,0.44721359549995793,5,NA,NA,NA,0.3333333333333333,0.5163977794943222,6,193.5,270.82189719444773,2,1.1666666666666667,6,736.6666666666667,438.0195327963254,5,823.3333333333335,481.980866379108,5,823.3333333333335,481.980866379108,-0.019166666666666554,0.049740995835092235,6,-0.048305555555555456,0.054746960003543926,6,235.66666666666666,123.03766361024037,6,-11,distractor
Mix_20_S19,21636000,Mix-20,19.633333333333333,50,50,50,0.5280716368845848,0.1753907523019471,12,0.06457573658928634,0.13277786773676653,8,1.1666666666666667,0.3892494720807615,12,NA,NA,NA,0.8333333333333334,0.3892494720807615,12,553.5,383.0907203261389,10,1.4166666666666667,12,994.4444444444445,396.5338034002363,12,995.8333333333334,389.4521534129447,12,1006.9444444444445,378.357583879934,0.09833333333333331,0.32464199396015325,12,-0.05186992296918769,0.14417986688164514,12,301.25,214.08881971572623,12,-5.366666666666667,distractor
Mix_20_S25,7548000,Mix-20,21.2,36,64,36,0.5856671614096126,0.3123550885708152,10,0.23185491016054152,0.3608267441181608,6,1.2222222222222223,0.44095855184409843,9,NA,NA,NA,0.8,0.4216370213557839,10,464.25,394.5303718165615,8,1,10,1191.6666666666667,649.6259607565642,9,1162.962962962963,681.8977693915964,9,1222.2222222222224,626.6090399035821,0.0625,0.11717152668915207,10,-0.009452890410855152,0.1132764051496129,10,434.7,199.7081481673806,10,-3.8000000000000007,distractor
Mix_20_S32,34956000,Mix-20,21.633333333333333,38,62,38,0.5579035079603237,0.36243460536556826,12,0.11962863578287088,0.29498393757896263,10,1.2222222222222223,0.44095855184409843,9,NA,NA,NA,0.75,0.45226701686664544,12,352,212.05364887216632,9,0.8333333333333334,12,1542.5925925925926,572.8741566720531,9,1562.962962962963,564.2582260623343,9,1594.4444444444446,502.00984939430117,-0.030416666666666536,0.14232578398828086,12,-0.07365277777777775,0.13007518141392427,12,344,227.53061732035496,12,-3.366666666666667,distractor
Mix_20_S37,20736000,Mix-20,20.533333333333335,56,43,56,0.5157326342258345,0.28757269097695354,5,NA,NA,NA,1.6,0.8944271909999159,5,NA,NA,NA,0.8,0.44721359549995793,5,826.75,551.2563680660146,4,1,5,629.4444444444445,289.0063863620053,5,623.3333333333334,321.80049029725785,5,660,291.9284539441509,0.08199999999999993,0.10134100848126584,5,0.0566470741901778,0.0693375293663221,5,429.8,54.17287143949451,5,-4.466666666666665,distractor
Mix_20_S39,34344000,Mix-20,21.466666666666665,18,74,18,0.3766033394761825,0.3269023320657246,4,-0.27491382806163833,0.03688224238853193,2,2,1,3,NA,NA,NA,0.75,0.5,4,818,431.18093649882064,3,1,4,502.77777777777783,192.9905965853528,3,488.8888888888889,198.83922409081427,3,522.2222222222223,184.34066692263403,-0.0687500000000002,0.18634086150564697,4,-0.08881249999999996,0.18712916878505415,4,258.5,79.7224351526386,4,-3.533333333333335,distractor
Mix_20_S42,39912000,Mix-20,20.866666666666667,77.5,22.5,77.5,0.18553732725963157,0.24122644181731295,9,-0.3750874260921317,0.07922311754907829,4,1,0,5,NA,NA,NA,0.3333333333333333,0.5,9,852,174.0373523126573,3,0.6666666666666666,9,773.3333333333334,536.0089136903935,5,773.3333333333334,536.0089136903935,5,773.3333333333334,536.0089136903935,0.10666666666666666,0.09124143795447325,9,0.04799074074074072,0.06779114736080101,9,440.44444444444446,221.63940935171655,9,-4.133333333333333,distractor
Mix_20_S43,39540000,Mix-20,21,63,37,63,0.3187957454421079,0.33031141869882485,7,-0.081008086791964945,0.48549233974294753,4,1.75,0.5,4,NA,NA,NA,0.5714285714285714,0.5345224838248488,7,464.25,434.5882150572731,4,1.2857142857142858,7,677.0833333333334,195.9515009912931,4,725,94.77067838462213,4,783.3333333333334,126.92955176439848,0.00285714285714305,0.04906264217449838,7,-0.03217640692640684,0.03969047741514276,7,292.7142857142857,188.89389815953496,7,-4,distractor
Mix_14_S28,62748000,Mix-14,14.3,50,50,50,0.24868614673113307,0.40150378405358095,5,0.24439793782859476,0.010539287433335293,2,1,0,2,NA,NA,NA,0.4,0.5477225575051661,5,94,130.10764773832474,2,0.2,5,1375,1143.1559629182518,2,1375,1143.1559629182518,2,1375,1143.1559629182518,0.12699999999999995,0.1431607488105592,5,0.038652380952381014,0.11998401236326912,5,399.8,225.78906085105186,5,-10.7,distractor
Mix_14_S29,64476000,Mix-14,14.3,50,50,50,0.1545410288310705,0.13412479487380688,3,NA,NA,NA,1,0,2,NA,NA,NA,0.6666666666666666,0.5773502691896257,3,319,376.1808075912433,2,1,3,525,11.785113019775766,2,525,11.785113019775766,2,525,11.785113019775766,0.029999999999999805,0.015000000000000346,3,-0.009722222222222262,0.05113845132289108,3,83.33333333333333,114.89270356873553,3,-10.7,distractor
Mix_14_S33,70656000,Mix-14,14.433333333333334,78,22,78,0.3184524234755384,0.3830490623715006,8,0.5559789609274366,0.0670218213597812,2,1.25,0.5,4,NA,NA,NA,0.5,0.5345224838248488,8,635.25,338.07235418866577,4,0.5,8,1127.0833333333335,430.40543978043837,4,991.6666666666667,575.8246903998421,4,1262.5,430.84219849035213,0.05499999999999999,0.1079020720044668,8,0.040815779610194836,0.0935961439838327,8,443.5,176.19794063982215,8,-10.566666666666666,distractor
Mix_14_S37,64308000,Mix-14,15,66,34,66,0.2949513153894473,0.3931667930983171,5,NA,NA,NA,1.3333333333333333,0.5773502691896257,3,NA,NA,NA,0.8,0.44721359549995793,5,484.5,241.43114960584518,4,1,5,769.4444444444446,806.4123795713493,3,788.888888888889,789.0453678924887,3,788.888888888889,789.0453678924887,0.029999999999999714,0.07607562027351468,5,-0.07569187192118224,0.09645494440821173,5,226.2,107.03363957186545,5,-10,distractor
Mix_20_S63,84924000,Mix-20,20.366666666666667,30.73,69.28,30.73,0.5822135629470612,0.2706966724528316,9,0.4492753623188406,0.08198339492017948,2,1.125,0.3535533905932738,8,NA,NA,NA,1,0,9,845.6666666666666,423.27798194567123,9,1,9,1268.75,468.0623262663225,8,1310.4166666666667,465.72502787299464,8,1310.4166666666667,465.72502787299464,0.15666666666666662,0.09158329542007093,9,0.09149999999999997,0.06226886427688671,9,523.4444444444445,197.78720327103517,9,-4.633333333333333,distractor
Mix_20_S05,4908000,Mix-20,19.166666666666668,26,74,26,0.23978102189781023,0.2512542462416549,5,-0.15181467964314677,0.01964185503295972,2,1,0,3,NA,NA,NA,0.4,0.5477225575051661,5,868,93.33809511662427,2,0.8,5,905.5555555555555,407.3400617738524,3,905.5555555555555,407.3400617738524,3,905.5555555555555,407.3400617738524,0.19700000000000015,0.4073481312096571,5,0.07348333333333343,0.1615076903053776,5,359.8,263.95965600826196,5,-5.833333333333332,distractor
Mix_20_S08,12924000,Mix-20,21.833333333333332,50,50,50,0.5084136417966523,0.38370233137007725,7,NA,NA,NA,1.2,0.44721359549995793,5,NA,NA,NA,0.8571428571428571,0.3779644730092272,7,646.1666666666666,363.1283060664187,6,0.8571428571428571,7,1261.6666666666667,658.9027073686811,5,1306.6666666666667,624.1216049599452,5,1306.6666666666667,624.1216049599452,-0.012142857142857075,0.07175520555199832,7,-0.011472049689440997,0.06488952765008965,7,504.7142857142857,67.5788780752149,7,-3.166666666666668,distractor
Mix_14_S04,17136000,Mix-14,14,56,44,56,0.4033374500571286,0.13287219011497808,5,-0.15736817926598948,0.14834407996920573,2,1.2,0.44721359549995793,5,NA,NA,NA,1,0,5,755,236.9314246781123,5,2,5,768.3333333333334,283.96987320645286,5,776.6666666666667,276.78712237225045,5,776.6666666666667,276.78712237225045,-0.1049999999999999,0.11821590417536888,5,-0.196604761904762,0.1110163647769973,5,126.4,59.87319934661919,5,-11,distractor
Mix_20_S18,21960000,Mix-20,19.366666666666667,68.5,31.5,68.5,0.4887787340668918,0.438085441524928,4,-0.21735604217356044,0.1571348402636772,2,1,0,3,NA,NA,NA,0.5,0.5773502691896257,4,376.5,529.622979108724,2,0.5,4,1494.4444444444446,842.3402145434096,3,1494.4444444444446,842.3402145434096,3,1494.4444444444446,842.3402145434096,-0.0050000000000000044,0.11539786248742506,4,-0.0068749999999999645,0.07038684444106269,4,395.5,142.42307865417504,4,-5.633333333333333,distractor
Mix_20_S21,4188000,Mix-20,20.8,52,48,52,0.5906872627537153,0.27859892261592173,11,0.14071786049421334,0.14605727336487842,4,1,0,10,NA,NA,NA,0.9090909090909091,0.30151134457776363,11,528.4,317.3834694288073,10,1,11,1445,478.29752092031435,10,1445,478.29752092031435,10,1445,478.29752092031435,0.09863636363636367,0.08550119616388147,11,0.03637878787878781,0.0612021055787521,11,511.72727272727275,196.30236417786256,11,-4.199999999999999,distractor
Mix_20_S34,15792000,Mix-20,21.6,68,68,32,0.5959692028985507,0.20617026489522952,4,NA,NA,NA,1,0,4,NA,NA,NA,1,0,4,663.75,273.7570394833102,4,1.5,4,1216.6666666666667,529.6749527356902,4,1216.6666666666667,529.6749527356902,4,1216.6666666666667,529.6749527356902,0.020000000000000018,0.03415650255319854,4,-0.040458333333333485,0.0759079150950286,4,428.75,268.31123097378287,4,-3.3999999999999986,distractor
Mix_20_S38,25368000,Mix-20,20.9,74,74,26,0.4312567378718938,0.3535991011750181,12,0.073069659804689,0.1842341437227902,6,1,0,9,NA,NA,NA,0.6666666666666666,0.49236596391733095,12,647.5,421.894028671385,8,1,12,1338.888888888889,654.4187412420957,9,1338.888888888889,654.4187412420957,9,1338.888888888889,654.4187412420957,0.06791666666666667,0.08208804401188383,12,0.03756944444444447,0.0800074083796176,12,394.25,228.22681102957048,12,-4.100000000000001,distractor
Mix_14_S26,56064000,Mix-14,15.1,33,33,61,0.14669421487603307,0.29338842975206614,4,NA,NA,NA,1,NA,1,NA,NA,NA,0.25,0.5,4,835,NA,1,0.25,4,1183.3333333333335,NA,1,1183.3333333333335,NA,1,1183.3333333333335,NA,0.11500000000000021,0.10008329864001624,4,0.1032291666666666,0.09069347987406086,4,379,277.7516876636396,4,-9.9,distractor
Mix_14_S31,62136000,Mix-14,15.033333333333333,82,82,18,0.3156673334651043,0.2540674707132435,5,-0.6970802919708029,0.06709772376222713,2,1,0,4,NA,NA,NA,0.2,0.44721359549995793,5,669,NA,1,0.8,5,816.6666666666667,555.9443084285278,4,816.6666666666667,555.9443084285278,4,816.6666666666667,555.9443084285278,0.05799999999999983,0.06897463301823371,5,0.016872222222222087,0.05190413096978296,5,413.4,290.0444793475649,5,-9.966666666666667,distractor
Mix_14_S35,72036000,Mix-14,15,42,42,58,0.19717108814653606,0.23480137891745262,3,NA,NA,NA,1,NA,1,NA,NA,NA,0.3333333333333333,0.5773502691896257,3,1234,NA,1,0.6666666666666666,3,1050,NA,1,1050,NA,1,1050,NA,0.08833333333333322,0.06448514040717682,3,0.044083333333333176,0.03908493244774036,3,594,38.1051177665153,3,-10,distractor
Mix_14_S40,49344000,Mix-14,15.233333333333333,40,40,60,0.3829653582702319,0.2757175823259149,6,NA,NA,NA,1.6,1.3416407864998738,5,NA,NA,NA,0.6666666666666666,0.5163977794943222,6,505.75,506.08917198454265,4,1,6,670,341.84954455302574,5,646.6666666666667,366.5530126886303,5,730.0000000000001,311.2251775019353,0.052499999999999915,0.10600707523557094,6,0.0085000000000001,0.049087223954462425,6,458,238.25112801411873,6,-9.766666666666667,distractor
Mix_14_S45,73956000,Mix-14,14,41,41,59,0.35027796155112456,0.22200092959483012,6,-0.16343446981545198,7.372607456849769e-5,2,1,0,5,NA,NA,NA,0.8333333333333334,0.408248290463863,6,951.6,406.1610518008835,5,1.1666666666666667,6,826.6666666666667,333.87456060955327,5,826.6666666666667,333.87456060955327,5,826.6666666666667,333.87456060955327,0.0041666666666668,0.08114287810194236,6,-0.07235119047619036,0.09314144230045801,6,349.6666666666667,235.1175592478509,6,-11,distractor
Mix_14_S47,67584000,Mix-14,14.333333333333334,26,26,74,0.4740258497721184,0.34123807195943173,4,-0.3613138686131387,0.015484090098975474,2,1,0,3,NA,NA,NA,0.75,0.5,4,546.3333333333334,586.834161695903,3,0.75,4,1327.7777777777778,390.9864068869535,3,1327.7777777777778,390.9864068869535,3,1327.7777777777778,390.9864068869535,0.12499999999999978,0.05972157622389638,4,0.06950000000000012,0.10344619732373331,4,416.25,225.0027777606312,4,-10.666666666666666,distractor
Mix_20_S60,85212000,Mix-20,20.633333333333333,86.33,86.33,13.86,0.43480494710899076,0.2665010041206261,10,0.058646982598425434,0.15273986386387134,6,1.375,0.5175491695067657,8,NA,NA,NA,0.9,0.31622776601683794,10,610.6666666666666,361.58747212811454,9,1.6,10,913.5416666666667,422.8338236947436,8,925.0000000000001,440.14788279640607,8,1010.4166666666667,378.2727557963669,0.04049999999999994,0.05673770057613085,10,0.026249608150470217,0.04439410475943984,10,484.5,175.03539324630574,10,-4.366666666666667,distractor
Mix_20_S62,81996000,Mix-20,21.5,90.24,90.24,9.76,0.5781510086927516,0.2081708443261052,11,0.16514478328188262,0.1500347737677714,6,1.0909090909090908,0.30151134457776363,11,NA,NA,NA,1,0,11,692.6363636363636,267.35230417083477,11,1.4545454545454546,11,1241.6666666666667,491.10136993858566,11,1274.2424242424242,468.41124122835794,11,1274.2424242424242,468.41124122835794,0.07181818181818195,0.06911124102751763,11,0.02752988677988681,0.07555473274271803,11,461.54545454545456,205.39784012319294,11,-3.5,distractor
Mix_20_S06,4272000,Mix-20,20.666666666666668,34,34,67,0.33333034206806483,0.43314276543653063,6,NA,NA,NA,1,0,4,NA,NA,NA,0.3333333333333333,0.5163977794943222,6,219,0,2,0.6666666666666666,6,1033.3333333333335,947.8044805408621,4,1033.3333333333335,947.8044805408621,4,1033.3333333333335,947.8044805408621,0.017499999999999998,0.07960841664045341,6,-0.00930555555555553,0.09007610465395152,6,252.66666666666666,181.88091342047593,6,-4.333333333333332,distractor
Mix_20_S07,2220000,Mix-20,21.066666666666666,45.5,45.5,54.5,0.3984868202584801,0.38662734747193456,6,0.08391608391608393,0.03125115284684603,2,1,0,4,NA,NA,NA,0.6666666666666666,0.5163977794943222,6,630.75,365.5109437486106,4,1,6,1295.8333333333335,782.4906815206599,4,1295.8333333333335,782.4906815206599,4,1295.8333333333335,782.4906815206599,0.06333333333333317,0.07840068026915754,6,-0.007069444444444424,0.13428576925375996,6,336,173.59723500102183,6,-3.9333333333333336,distractor
Mix_20_S16,1356000,Mix-20,21.333333333333332,36.5,36.5,63.5,0.5652471575949088,0.3294982800965363,7,NA,NA,NA,1.5,0.5477225575051661,6,NA,NA,NA,0.8571428571428571,0.3779644730092272,7,496.3333333333333,412.69246015243203,6,1.7142857142857142,7,1056.9444444444446,594.1010170993807,6,1169.4444444444446,565.0385106508393,6,1169.4444444444446,565.0385106508393,0.07714285714285696,0.1068822226743509,7,0.030668831168831075,0.10495365555301173,7,392.57142857142856,193.78498148107104,7,-3.666666666666668,distractor
Mix_14_S10,24828000,Mix-14,15.7,50,50,50,0.5046486121899182,0.29329614742273685,11,0.1611649784863039,0.23213180260595137,8,1.2222222222222223,0.44095855184409843,9,NA,NA,NA,0.8181818181818182,0.40451991747794525,11,494.6666666666667,186.76188047886004,9,1.5454545454545454,11,1270.3703703703704,511.4506722289617,9,1214.814814814815,588.7512941979433,9,1325.925925925926,448.3078610415001,0.08999999999999994,0.09246621004453473,11,0.05483333333333353,0.08461191635277453,11,466.1818181818182,208.73227741861976,11,-9.3,distractor
Mix_20_S22,22584000,Mix-20,19.966666666666665,56.5,56.5,43.5,0.22564063018443484,0.3101162584038465,10,-0.5800999979626493,0.3174404489936595,6,1,0,4,NA,NA,NA,0.4,0.5163977794943222,10,1001.5,316.1165396917198,4,0.5,10,1204.1666666666667,326.9882204243699,4,1204.1666666666667,326.9882204243699,4,1204.1666666666667,326.9882204243699,0.02599999999999989,0.06661664790259109,10,-0.015445114942528804,0.06863588068173473,10,323.2,186.62309015172204,10,-5.033333333333335,distractor
Mix_14_S08,24096000,Mix-14,15,91,91,4.5,0.6997302158273382,0.38929026208849316,2,NA,NA,NA,1,0,2,NA,NA,NA,1,0,2,360,482.2468247692254,2,1,2,1466.6666666666667,683.5365551469961,2,1466.6666666666667,683.5365551469961,2,1466.6666666666667,683.5365551469961,-0.014999999999999902,0.007071067811865638,2,-0.10970833333333352,0.01396535892843411,2,99.5,23.33452377915607,2,-10,distractor
Mix_20_S17,3276000,Mix-20,20.7,27,27,73,0.3821746752158226,0.3179328237850458,9,0.18179111882907467,0.20747244392564124,4,1.1666666666666667,0.408248290463863,6,NA,NA,NA,0.6666666666666666,0.5,9,665.5,403.960270323704,6,0.7777777777777778,9,1097.2222222222222,676.544871359589,6,1083.3333333333335,695.141872010471,6,1111.111111111111,659.1801866853391,0.016666666666666607,0.06846531968814586,9,0.0022685185185185278,0.05445326069491744,9,524,181.73744798472327,9,-4.300000000000001,distractor
Mix_20_S20,22680000,Mix-20,19.933333333333334,40,40,60,0.22763711063553344,0.33354660231553374,5,-0.6992753623188406,0.2715699956730943,2,1,NA,1,NA,NA,NA,0.4,0.5477225575051661,5,735,612.3544725075502,2,0.6,5,1783.3333333333335,NA,1,1783.3333333333335,NA,1,1783.3333333333335,NA,-0.0639999999999998,0.08377051987423743,5,-0.04000555555555563,0.08818554285786191,5,506.4,247.49100993773493,5,-5.066666666666666,distractor
Mix_20_S23,18564000,Mix-20,20.4,38,38,62,0.3603216935125385,0.3350076453464187,11,-0.025497266205611557,0.14570038121909692,6,1.125,0.3535533905932738,8,NA,NA,NA,0.7272727272727273,0.46709936649691375,11,818.375,412.1667268403476,8,1.0909090909090908,11,1054.1666666666667,709.2221314553233,8,1052.0833333333335,711.7738572113504,8,1056.25,706.7103254707577,0.024545454545454384,0.0942192800188621,11,-0.013454545454545467,0.07988350340440525,11,410.09090909090907,225.10639908516796,11,-4.600000000000001,distractor
Mix_14_S13,17376000,Mix-14,14.833333333333334,59,59,41,0.1404011244785684,0.20802530298019867,7,-0.37918630612751175,0.043889386418475375,2,1.3333333333333333,0.5773502691896257,3,NA,NA,NA,0.14285714285714285,0.3779644730092272,7,685,NA,1,0.5714285714285714,7,513.8888888888889,278.9281734173261,3,527.7777777777778,286.9055851927857,3,527.7777777777778,286.9055851927857,0.03714285714285724,0.15013486001084567,7,-2.976190476192845e-4,0.11553765076106684,7,364,235.04042205544135,7,-10.166666666666666,distractor
Mix_20_S27,28740000,Mix-20,21.9,52,52,48,0.6889377398156984,0.22026466547947682,4,0.6291575435303931,0.0050502361079426995,2,1.25,0.5,4,NA,NA,NA,1,0,4,455.5,320.3399236228083,4,1,4,1406.25,653.6710790830736,4,1370.8333333333335,701.3710118733853,4,1441.6666666666667,610.4794715509976,0.26249999999999984,0.2524711204606709,4,0.10807142857142849,0.1412106335486492,4,420.25,246.86619182599034,4,-3.1000000000000014,distractor
Mix_14_S15,38472000,Mix-14,14.066666666666666,10.7,10.7,86.5,0.2543362902359865,0.2814964175127413,5,NA,NA,NA,1,0,3,NA,NA,NA,0.6,0.5477225575051661,5,729.3333333333334,355.2187119695883,3,1,5,933.3333333333334,563.4713834792323,3,933.3333333333334,563.4713834792323,3,933.3333333333334,563.4713834792323,-0.007000000000000029,0.06119640512317685,5,-0.059800000000000166,0.09173191995640809,5,413.4,230.51420780507218,5,-10.933333333333334,distractor
Mix_14_S27,15828000,Mix-14,15.333333333333334,63,63,37,0.40221604251701404,0.2473663687908603,6,-0.01137506981806724,0.22977210443599194,4,1.2,0.44721359549995793,5,NA,NA,NA,0.8333333333333334,0.408248290463863,6,911.6,254.9329323567279,5,1,6,955,517.9285665031424,5,950,526.7826876426369,5,960,509.1659847240387,0.02333333333333328,0.05662743740155193,6,0.006238949428604516,0.044866402786837054,6,322,203.80677123196864,6,-9.666666666666666,distractor
Mix_20_S44,58464000,Mix-20,20.333333333333332,31,31,69,0.33001898511957356,0.2663646875877793,8,0.1146118115461181,7.850462293418876e-17,2,1,0,6,NA,NA,NA,0.625,0.5175491695067657,8,901.6,370.4055885107567,5,1.125,8,980.5555555555557,505.6806926934852,6,980.5555555555557,505.6806926934852,6,980.5555555555557,505.6806926934852,0.004999999999999949,0.08952254305081882,8,-0.042654265873015795,0.09472853664965722,8,272.75,219.61898825010556,8,-4.666666666666668,distractor
Mix_14_S36,64872000,Mix-14,14,51,51,49,0.48,0.6788225099390857,2,NA,NA,NA,1,NA,1,NA,NA,NA,0.5,0.7071067811865476,2,86,NA,1,0,2,1816.6666666666667,NA,1,1816.6666666666667,NA,1,1816.6666666666667,NA,0.1124999999999996,0.10960155108391537,2,0.09433820346320365,0.08178179695353135,2,182.5,94.04520189781083,2,-11,distractor
Mix_14_S38,64764000,Mix-14,15.033333333333333,32,32,68,0.4243643208708753,0.325863076931307,7,-0.1800751084311859,0.11695350178622307,2,1.8,0.8366600265340756,5,NA,NA,NA,0.7142857142857143,0.4879500364742666,7,361.8,233.63047746387883,5,1.1428571428571428,7,704.4444444444445,400.35478093471545,5,880,489.95464642715206,5,880,489.95464642715206,0.04928571428571425,0.11681283360674911,7,-0.0015760028149191768,0.08860152870227206,7,354.42857142857144,203.10002227380244,7,-9.966666666666667,distractor
Mix_14_S42,44064000,Mix-14,14.266666666666667,24,24,76,0.4005589194224499,0.5221868370024931,3,0.24158997143763886,0.1867441107830547,2,1.5,0.7071067811865476,2,NA,NA,NA,0.3333333333333333,0.5773502691896257,3,52,NA,1,0.3333333333333333,3,558.3333333333334,483.1896338108075,2,450,329.9831645537222,2,666.6666666666667,636.3961030678928,0.05333333333333353,0.16630794729456955,3,0.0031880341880342242,0.08624686778687253,3,499.6666666666667,44.41095960833692,3,-10.733333333333333,distractor
Mix_14_S44,74748000,Mix-14,14.3,26,26,74,0,0,2,NA,NA,NA,NA,NA,NA,NA,NA,NA,0,0,2,NA,NA,NA,0,2,NA,NA,NA,NA,NA,NA,NA,NA,0.07250000000000023,0.03181980515339459,2,0.03654166666666647,0.009722718241314978,2,474.5,82.73149339882606,2,-10.7,distractor
Mix_14_S49,81696000,Mix-14,14.433333333333334,47,47,51,0.490899502204441,0.2103009343032975,6,-0.21022971232288534,2.7755575615628914e-17,2,1.1666666666666667,0.408248290463863,6,NA,NA,NA,1,0,6,726.8333333333334,269.5228499898787,6,1.8333333333333333,6,1043.0555555555557,562.5442369436546,6,1063.888888888889,541.4401235662236,6,1063.888888888889,541.4401235662236,-0.225,0.5715855141621421,6,-0.2701944444444446,0.6353707724773929,6,205.33333333333334,90.65024361063057,6,-10.566666666666666,distractor
Mix_20_S57,76344000,Mix-20,20.333333333333332,12,12,85,0.4398684375650317,0.3163774774015375,6,-0.11219932243948524,0.3010318557716732,6,2.2,0.8366600265340756,5,NA,NA,NA,0.8333333333333334,0.408248290463863,6,692,292.38074492004426,5,1.5,6,423.33333333333337,170.11025836204,5,300,93.54143466934855,5,596.6666666666667,341.84954455302574,0.0674999999999999,0.1019681322767069,6,0.05192350848385326,0.15966238695031754,6,432.8333333333333,202.00734310085528,6,-4.666666666666668,distractor
Mix_20_S66,82932000,Mix-20,21.366666666666667,80.15,80.15,19.85,0.6164939118230622,0.24803695235148593,9,0.343480492677993,0.360103429888713,8,1.1111111111111112,0.3333333333333333,9,NA,NA,NA,1,0,9,453.6666666666667,272.2870727743056,9,1.3333333333333333,9,1338.888888888889,641.3419091595717,9,1346.2962962962963,631.3993375485835,9,1346.2962962962963,631.3993375485835,0.07833333333333344,0.11208255885729934,9,-0.0035370370370370174,0.18475526281366295,9,322.1111111111111,201.2364557209034,9,-3.633333333333333,distractor
LearnMix36_S03_86508000_F1,86508000,LearnMix-36,43.2,70,70,30,0.8291694597159458,0.09580682163970544,4,NA,NA,NA,1.25,0.5,4,NA,NA,NA,1,0,4,261,117.58684733704985,4,1.25,4,1850.0000000000002,655.60263484432,4,1987.5000000000002,380.63664991597864,4,1987.5000000000002,380.63664991597864,0.04000000000000015,0.03807886552931962,4,-4.999999999999449e-4,0.07931865527146853,4,175,147.68660512495143,4,18.200000000000003,distractor
LearnMix36_S05_96120000_F1,96120000,LearnMix-36,46,60,60,40,0.6699629890857796,0.26110337821505314,3,NA,NA,NA,1.3333333333333333,0.5773502691896257,3,NA,NA,NA,1,0,3,375,325.7499040675223,3,1.3333333333333333,3,1227.7777777777778,134.7150628109126,3,1205.5555555555557,134.7150628109126,3,1250,145.29663145135572,-0.008333333333333451,0.04856267428111163,3,-0.06478065134099624,0.10385432802142758,3,138.33333333333334,67.63381797099238,3,21,distractor
LearnMix36_S06_93168000_F1,93168000,LearnMix-36,44.333333333333336,50,50,50,0.7243247555773078,0.22747135337930594,6,NA,NA,NA,1.1666666666666667,0.408248290463863,6,NA,NA,NA,1,0,6,277.8333333333333,268.39479627344986,6,0.8333333333333334,6,1643.0555555555557,897.9670970628086,6,1602.7777777777778,959.6536798164145,6,1683.3333333333335,843.3399209228876,0.14499999999999993,0.09591663046625457,6,0.06482323232323235,0.07741456748343369,6,574.5,95.2192207487543,6,19.333333333333336,distractor
LearnMix36_S26_83640000_F1,83640000,LearnMix-36,44,60,60,40,0.8515464171614926,0.05323155650916796,6,NA,NA,NA,1.1666666666666667,0.408248290463863,6,NA,NA,NA,1,0,6,302.6666666666667,91.39730120012662,6,1,6,1622.2222222222224,604.1216458321643,6,1708.3333333333335,471.4929008538258,6,1708.3333333333335,471.4929008538258,0.16000000000000028,0.08723531395025774,6,0.11030555555555543,0.06559182847705139,6,438.3333333333333,139.87089285003748,6,19,distractor
LearnMix36_S29_98280000_F1,98280000,LearnMix-36,40.43333333333333,80,80,20,0.7873525911500595,0.16202164072872968,3,NA,NA,NA,1.3333333333333333,0.5773502691896257,3,NA,NA,NA,1,0,3,247.33333333333334,141.5850745429522,3,1,3,1805.5555555555557,887.7770824639191,3,1711.111111111111,1050.969569986228,3,1900,724.7604968386299,0.034999999999999996,0.06763874629234352,3,0.029004789272030578,0.05072696683813063,3,338.3333333333333,260.238992722715,3,15.43333333333333,distractor
LearnMix36_S01_88272000_E1,88272000,LearnMix-36,46,35,65,35,0.5402354985779195,0.34827127870990787,6,NA,NA,NA,1,0,5,NA,NA,NA,0.8333333333333334,0.408248290463863,6,479,415.80283789315337,5,1.1666666666666667,6,1490,516.61290042825,5,1490,516.61290042825,5,1490,516.61290042825,-0.016666666666666757,0.11720352668186511,6,-0.060718885281385214,0.08446674497793207,6,280.3333333333333,223.9264760287775,6,21,distractor
LearnMix36_S04_82812000_E1,82812000,LearnMix-36,39,30,70,30,0.6903706994415358,0.16687423951864755,7,NA,NA,NA,1.1428571428571428,0.3779644730092272,7,NA,NA,NA,1,0,7,564.5714285714286,405.47867068558907,7,1.1428571428571428,7,1715.4761904761906,638.6913083028353,7,1757.1428571428573,554.5983817857433,7,1757.1428571428573,554.5983817857433,0.027857142857142962,0.09205329719140723,7,0.006226190476190473,0.05317475805473775,7,502.14285714285717,229.47725273719294,7,14,distractor
LearnMix36_S21_503484000_E1,503484000,LearnMix-36,37,50,50,50,0.8161256381721194,0.28107559994903186,5,NA,NA,NA,1.6,0.5477225575051661,5,NA,NA,NA,1,0,5,129.2,121.8183073269367,5,0.8,5,1298.3333333333335,954.4377344221514,5,1366.6666666666667,1017.2129679778086,5,1486.6666666666667,872.5282548751965,0.187,0.07694153624668541,5,0.09049999999999994,0.01809024445507699,5,479.4,89.95721205106348,5,12,distractor
LearnMix36_S25_93468000_E1,93468000,LearnMix-36,37,10,90,10,0.7230629736116712,0.157265832291989,4,NA,NA,NA,1.25,0.5,4,NA,NA,NA,1,0,4,269.25,119.05565925230098,4,1.25,4,1514.5833333333335,339.27857831537756,4,1575,258.73624493766715,4,1575,258.73624493766715,0.16375000000000006,0.2285598025317079,4,0.04500000000000015,0.21234922755791802,4,582.75,69.57669629025703,4,12,distractor
LearnMix36_S27_93396000_E1,93396000,LearnMix-36,43,70,30,70,0.8729778033752034,0.15703944994890853,3,NA,NA,NA,1.3333333333333333,0.5773502691896257,3,NA,NA,NA,1,0,3,103.33333333333333,57.735026918962575,3,0.3333333333333333,3,1286.111111111111,366.6982309646347,3,1488.888888888889,133.6801046168441,3,1488.888888888889,133.6801046168441,0.13166666666666668,0.08371578903249562,3,0.03913888888888876,0.023669796350185433,3,571.6666666666666,38.397048497681865,3,18,distractor
LearnMix36_S28_502428000_E1,502428000,LearnMix-36,38,60,40,60,0.8554421768707483,0.09861012934914441,2,NA,NA,NA,1.5,0.7071067811865476,2,NA,NA,NA,1,0,2,369,258.8010819142764,2,0.5,2,1570.8333333333335,630.5035465580049,2,1825,271.05759945484317,2,1825,271.05759945484317,-0.09750000000000036,0.13081475451951133,2,-0.2763598484848484,0.32016402266042704,2,83.5,47.37615433949868,2,13,distractor
LearnMix36_S07_535140000_F2,535140000,LearnMix-36,41.266666666666666,50,50,50,0.8,NA,1,NA,NA,NA,1,NA,1,NA,NA,NA,1,NA,1,236,NA,1,1,1,366.6666666666667,NA,1,366.6666666666667,NA,1,366.6666666666667,NA,-0.025000000000000355,NA,1,-0.06541666666666668,NA,1,50,NA,1,16.266666666666666,distractor
LearnMix36_S14_94020000_F2,94020000,LearnMix-36,38,45,45,55,0.5404672952618158,0.3849441361171414,4,NA,NA,NA,1,0,3,NA,NA,NA,0.75,0.5,4,475,25.534290669607408,3,1,4,1788.888888888889,409.7198681664954,3,1788.888888888889,409.7198681664954,3,1788.888888888889,409.7198681664954,0.19499999999999995,0.11007573150638914,4,0.11013301282051291,0.07287961994453515,4,503.5,101.08247457728103,4,13,distractor
LearnMix36_S20_85212000_F2,85212000,LearnMix-36,48,80,80,20,0.7664294972560051,0.14318218852001852,3,NA,NA,NA,1,0,3,NA,NA,NA,1,0,3,513.6666666666666,208.77100692704755,3,1.3333333333333333,3,1961.1111111111113,372.8022015512804,3,1961.1111111111113,372.8022015512804,3,1961.1111111111113,372.8022015512804,0.07666666666666651,0.06525590650150645,3,0.02694444444444451,0.045705452912381525,3,483.6666666666667,260.0429451712415,3,23,distractor
LearnMix36_S13_536412000_E2,536412000,LearnMix-36,40.43333333333333,40,70,40,0.614477481418723,0.26789846437775144,4,NA,NA,NA,1.25,0.5,4,NA,NA,NA,0.75,0.5,4,485.6666666666667,321.24808689443324,3,1.5,4,1279.1666666666667,827.4654518915423,4,1350.0000000000002,750.9253550712541,4,1350.0000000000002,750.9253550712541,0.047499999999999876,0.09096702699330157,4,0.028760775862069043,0.0779439903424564,4,508,242.66300363535711,4,15.43333333333333,distractor
LearnMix36_S17_94332000_E2,94332000,LearnMix-36,38,60,40,60,0.7791208635839867,0.17808708634337342,5,NA,NA,NA,1.2,0.44721359549995793,5,NA,NA,NA,1,0,5,309,278.48877894809334,5,1,5,1760,529.8846834715812,5,1870,422.03212094710403,5,1870,422.03212094710403,0.10099999999999998,0.10424730212336425,5,0.019700000000000006,0.0848082109166847,5,502.8,194.55513357400775,5,13,distractor
CogMisp24_S03_557712000,557712000,CogMisp-24,25,61,38,61,0.16836968329505642,0.2028801174749768,7,-0.9654088050314465,0.048919337063220256,2,1.5,0.5773502691896257,4,NA,NA,NA,0.5714285714285714,0.5345224838248488,7,825.25,424.6067788750748,4,1.1428571428571428,7,404.1666666666667,78.61650943380506,4,470.83333333333337,143.61406616345073,4,470.83333333333337,143.61406616345073,0.2735714285714286,0.15040817480316365,7,0.23367965367965374,0.11474063822127466,7,463.85714285714283,160.0191952771381,7,0,distractor
CogMisp24_S05_529728000,529728000,CogMisp-24,31,75,25,75,0.5999932124216699,0.24416543481992647,8,0.1831761006289308,0.34989487987245377,4,1.75,0.4629100498862757,8,NA,NA,NA,1,0,8,144.75,101.35193281686485,8,1.25,8,735.4166666666667,230.67146636900156,8,752.0833333333334,227.7281692009556,8,872.9166666666667,243.15020832712403,0.19500000000000006,0.10198039027185564,8,0.1290072787605115,0.07526247089539906,8,406,217.17603130048346,8,6,distractor
CogMisp24_S06_548532000,548532000,CogMisp-24,28,100,0,100,0.6391996910479645,0.11934626441213181,10,0.1910377358490566,0.17605148685397662,4,1.7,0.8232726023485646,10,NA,NA,NA,1,0,10,604.7,229.78301358745674,10,1.5,10,1068.3333333333335,596.2836437581054,10,1055,655.463741216387,10,1196.6666666666667,498.75152773676103,0.11050000000000013,0.15162911623065306,10,0.04541515151515148,0.13372961478835443,10,373,210.85381982153734,10,3,distractor
CogMisp24_S18_554724000,554724000,CogMisp-24,29,95,5,95,0.7861439835544615,0.19557335046660804,13,0.44103773584905664,0.14158179242179536,8,2,1.0801234497346435,13,NA,NA,NA,1,0,13,164.07692307692307,106.03023274712857,13,0.8461538461538461,13,846.965811965812,381.1614273679859,13,976.923076923077,489.11950660129247,13,1062.820512820513,446.9626841534325,0.07000000000000005,0.08225975119502023,13,0.03678978349453463,0.06748203695585833,13,482.9230769230769,146.44365329280606,13,4,distractor
CogMisp24_S23_529692000,529692000,CogMisp-24,31,99,1,99,0.5621687850549215,0.1988777450748372,14,0.06918238993710692,0.1450928927902452,8,1.4285714285714286,0.7559289460184544,14,NA,NA,NA,1,0,14,396.64285714285717,342.05793642032614,14,1.3571428571428572,14,1050.595238095238,538.0050229894744,14,1091.6666666666667,525.818450356245,14,1139.2857142857144,506.0576274934727,0.15678571428571417,0.08427535324657597,14,0.10864448051948052,0.06896857002329776,14,404.7142857142857,173.96879851612144,14,6,distractor
CogMisp24_S24_536832000,536832000,CogMisp-24,27,74,26,74,0.5928344122457098,0.260466964248227,11,0.38312368972746336,0.1403011541468465,6,2,0.816496580927726,10,NA,NA,NA,0.9090909090909091,0.30151134457776363,11,541.5,289.6615841518052,10,1.8181818181818181,11,828.6111111111112,391.8516986977227,10,918.3333333333334,565.4917012631847,10,1038.3333333333335,455.3556471946942,0.1536363636363636,0.1081686393806197,11,0.08550216450216458,0.09666216647661582,11,495.1818181818182,152.98942328266892,11,2,distractor
CogMisp24_S32_554952000,554952000,CogMisp-24,30,76,16,76,0.4951494117803149,0.31914148241957613,6,-0.018867924528301883,0.06226097444409851,2,2,1.224744871391589,5,NA,NA,NA,0.8333333333333334,0.408248290463863,6,458,302.8588780273743,5,1.5,6,690.8333333333334,361.545678687739,5,520.0000000000001,383.76786965270793,5,873.3333333333334,495.05891905240264,0.2399999999999999,0.23119256043393777,6,0.15034092574092575,0.12134033597316146,6,469.1666666666667,243.1356959943699,6,5,distractor
CogMisp24_S35_563376000,563376000,CogMisp-24,28,100,0,100,0.8050788438065007,0.13130240128761939,5,0.7169811320754718,0.15120522364995362,2,2,1.224744871391589,5,NA,NA,NA,1,0,5,361.6,188.97698272541024,5,1.6,5,1218.3333333333335,854.4085023505378,5,1296.6666666666667,786.200426806747,5,1296.6666666666667,786.200426806747,0.33500000000000013,0.21745689227982665,5,0.14124999999999988,0.12641229941917995,5,379.8,180.68951270065455,5,3,distractor
CogMisp24_S38_562800000,562800000,CogMisp-24,28,35,65,35,0.7607466780465028,0.21487436657777131,3,NA,NA,NA,3,1.7320508075688772,3,NA,NA,NA,1,0,3,294,138.351002887583,3,1,3,566.1111111111112,264.2617249229621,3,777.7777777777778,481.9904717054216,3,822.2222222222223,406.99895349760806,0.34833333333333344,0.14648663192705827,3,0.17422222222222214,0.22477744136845257,3,588.6666666666666,67.71508940652248,3,3,distractor
CogMisp24_S52_522864000,522864000,CogMisp-24,31,36,64,36,0.7321120344370791,0.2957233789894485,12,0.3498427672955975,0.14497357195563051,8,1.4166666666666667,0.6685579234215214,12,NA,NA,NA,1,0,12,190.91666666666666,204.34171840030092,12,0.9166666666666666,12,1559.2592592592594,907.1996085849495,12,1626.388888888889,851.5422234094785,12,1629.1666666666667,848.650890138774,0.26541666666666663,0.14443397883609055,12,0.1891907051282052,0.10031383852642595,12,428.8333333333333,184.62238283161724,12,6,distractor
CogMisp24_S56_542736000,542736000,CogMisp-24,29,92,8,92,0.6903543025770452,0.22756528915448887,11,0.2783018867924528,0.2133155882912953,6,1.3636363636363635,0.504524979109513,11,NA,NA,NA,1,0,11,251.9090909090909,190.13387627955967,11,1.3636363636363635,11,1487.1212121212122,759.6359109282007,11,1563.6363636363637,699.635547260071,11,1563.6363636363637,699.635547260071,0.3240909090909092,0.0987374848225886,11,0.22084848484848482,0.05338040654613167,11,525.2727272727273,48.94505267969564,11,4,distractor
CogMisp24_S68_585456000,585456000,CogMisp-24,25,35,65,35,0.66461338202887,0.24323343507579287,12,0.2354559748427673,0.13210154087478881,8,1.5833333333333333,0.6685579234215214,12,NA,NA,NA,1,0,12,303.5833333333333,266.6135979391535,12,1.0833333333333333,12,945.8333333333334,501.49398014453993,12,1033.3333333333335,503.2721215036934,12,1065.2777777777778,483.9055303357902,0.14041666666666672,0.13778207980412951,12,0.07880040792540795,0.12013806815856036,12,373.0833333333333,228.24327465281957,12,0,distractor
CogMisp24_S72_592776000,592776000,CogMisp-24,25,99,1,99,0.32898761683325384,0.1831189785149621,7,-0.16823899371069181,0.07782621805512317,2,1.1666666666666667,0.408248290463863,6,NA,NA,NA,0.8571428571428571,0.3779644730092272,7,327,186.87321905505883,6,1.2857142857142858,7,744.4444444444445,370.83489387936316,6,747.2222222222223,367.0326456365469,6,747.2222222222223,367.0326456365469,0.10714285714285708,0.09578000586661886,7,0.03860714285714284,0.0811006992121426,7,347.42857142857144,219.8445338133724,7,0,distractor
CogMisp24_S75_549624000,549624000,CogMisp-24,24,100,0,100,0.7483700521444889,0.12293667266438597,8,NA,NA,NA,1.25,0.4629100498862757,8,NA,NA,NA,1,0,8,517,380.6505709214911,8,1,8,1663.5416666666667,636.8003085241934,8,1581.25,779.1141438880115,8,1745.8333333333335,506.60322284488615,0.2012500000000001,0.1914185764981324,8,0.11913365800865805,0.18284847310688782,8,432.875,142.79099361354292,8,-1,distractor
CogMisp24_S76_602136000,602136000,CogMisp-24,25,98,2,98,0.8164964994558532,0.14619599363004798,14,0.5963050314465409,0.19558302078880457,8,1.2142857142857142,0.4258153136263201,14,NA,NA,NA,1,0,14,322.5,229.9413804897641,14,0.7857142857142857,14,1851.1904761904764,596.6238448218544,14,1873.8095238095239,653.1552048416377,14,1954.7619047619048,500.7869265341756,0.2496428571428573,0.12442891522895695,14,0.163547619047619,0.10129889720570297,14,458,134.2202552637899,14,0,distractor
CogMisp24_S01_540060000,540060000,CogMisp-24,25,48,52,48,0.6363284207950307,0.16621912681536355,11,0.3081761006289308,0.23838884065683374,6,1.0909090909090908,0.30151134457776363,11,NA,NA,NA,1,0,11,380.6363636363636,362.8920701054992,11,1.3636363636363635,11,1577.2727272727275,510.08020759662713,11,1566.6666666666667,532.3950079071408,11,1587.878787878788,489.2789995431435,0.165,0.10017484714238385,11,0.12574999999999995,0.07252607768550869,11,395.3636363636364,208.3051956756109,11,0,distractor
CogMisp24_S02_587580000,587580000,CogMisp-24,25,38,62,38,0.5835764720826991,0.30120218655009295,4,NA,NA,NA,1.5,0.5773502691896257,4,NA,NA,NA,1,0,4,654.5,366.81830197887706,4,1.25,4,941.6666666666667,755.5351304428758,4,908.3333333333334,844.3165107768357,4,1133.3333333333335,721.3670150279747,0.19999999999999996,0.07427426651719023,4,0.12218390804597701,0.03691011667128289,4,533,54.705270922157645,4,0,distractor
CogMisp24_S07_563760000,563760000,CogMisp-24,27,100,0,100,0.7710739163549782,0.20562638453897886,13,0.4868972746331237,0.26954962801789345,6,1.2307692307692308,0.4385290096535146,13,NA,NA,NA,1,0,13,367.7692307692308,282.14864694759564,13,0.9230769230769231,13,1709.6153846153848,689.1255710729016,13,1691.025641025641,723.27749991296,13,1788.4615384615386,605.468314895074,0.2576923076923076,0.1109357055651191,13,0.19373964497041427,0.06914646990215184,13,404.9230769230769,115.26886074048905,13,2,distractor
CogMisp24_S09_547320000,547320000,CogMisp-24,28,59,40,59,0.708902008513606,0.2991077359177522,6,0.23270440251572327,0.14892076004342175,4,1.1666666666666667,0.408248290463863,6,NA,NA,NA,1,0,6,313.3333333333333,97.74797525609759,6,1.1666666666666667,6,1493.0555555555557,878.1359149842268,6,1366.6666666666667,986.6891889321356,6,1619.4444444444446,871.997494050086,0.16166666666666676,0.07795297727904088,6,0.10670833333333347,0.06429668105310286,6,466.5,90.23469399294265,6,3,distractor
CogMisp24_S12_536196000,536196000,CogMisp-24,30,71,24,71,0.7538363210165627,0.1664611827923558,11,0.422562893081761,0.13164626168915572,8,1.3636363636363635,0.504524979109513,11,NA,NA,NA,1,0,11,412.54545454545456,379.43652002314263,11,1.0909090909090908,11,1375.7575757575758,592.7859664501193,11,1363.6363636363637,638.8278407372444,11,1483.3333333333335,555.9776174551554,0.29454545454545467,0.14278400725316803,11,0.24813567493112962,0.11513495686644057,11,355.8181818181818,163.9370721843099,11,5,distractor
CogMisp24_S15_533280000,533280000,CogMisp-24,26,96,4,96,0.6434481309419506,0.2732547470711015,7,0.3867924528301887,0.28017438499844344,2,1.5714285714285714,0.5345224838248488,7,NA,NA,NA,0.8571428571428571,0.3779644730092272,7,258,135.8204697385486,6,1.2857142857142858,7,872.6190476190477,658.3986304768235,7,802.3809523809525,662.7264512650369,7,1016.6666666666667,673.9875809384469,0.12714285714285709,0.2148033430616854,7,0.10577680652680652,0.15966984245964677,7,528.2857142857143,152.26152313887914,7,1,distractor
CogMisp24_S33_544764000,544764000,CogMisp-24,25,65,35,65,0.48392138619694136,0.16965384769273206,6,-0.0062893081761006275,0.08894424920585502,2,1.1666666666666667,0.408248290463863,6,NA,NA,NA,1,0,6,618.8333333333334,363.91010794791987,6,1.6666666666666667,6,879.1666666666667,348.00023946351916,6,888.8888888888889,341.3480899587964,6,888.8888888888889,341.3480899587964,0.11083333333333341,0.07870302831954216,6,0.08783333333333336,0.04788145082736467,6,333,172.76921021987687,6,0,distractor
CogMisp24_S37_582792000,582792000,CogMisp-24,24,100,0,100,0.44039846480300177,0.1673770022739696,7,0.0628930817610063,0.01778884984117104,2,1.1428571428571428,0.3779644730092272,7,NA,NA,NA,0.8571428571428571,0.3779644730092272,7,554.8333333333334,265.94993263143846,6,1.5714285714285714,7,1016.6666666666667,438.43154793219685,7,1009.5238095238096,443.2473958956262,7,1023.8095238095239,434.38517031601833,0.2457142857142856,0.09580486119488645,7,0.22071428571428564,0.0867859736643413,7,395.14285714285717,85.5831536604967,7,-1,distractor
CogMisp24_S51_574128000,574128000,CogMisp-24,24,71,20,71,0.7077499959565505,0.1765812383338034,10,0.3081761006289308,0.05781376198380576,2,1.4,0.9660917830792959,10,NA,NA,NA,1,0,10,291.6,264.16543637989014,10,1.2,10,1406.6666666666667,697.1037969368003,10,1421.6666666666667,697.7941434740384,10,1463.3333333333335,625.4282483444129,0.2395000000000001,0.19201345438970346,10,0.1481152380952382,0.05988447095598333,10,411.4,156.73913217686118,10,-1,distractor
CogMisp24_S54_607272000,607272000,CogMisp-24,30,45,55,45,0.6129722512168343,0.22803933841676907,7,0.10220125786163521,0.2921821970894746,4,1.5714285714285714,0.7867957924694432,7,NA,NA,NA,1,0,7,323.57142857142856,214.6453331605862,7,1.7142857142857142,7,848.4126984126984,394.1145501749612,7,897.6190476190477,417.158439949576,7,935.7142857142858,359.9676646265878,0.20749999999999993,0.12311579914860649,6,0.15255555555555556,0.08818329307971223,6,505.1666666666667,74.93308125699001,6,5,distractor
CogMisp24_S55_562620000,562620000,CogMisp-24,31,26,74,26,0.5085508241758242,0.2626503987130212,4,0.06289308176100629,0.08894424920585503,2,1.25,0.5,4,NA,NA,NA,1,0,4,496.75,270.44207636140254,4,1.75,4,733.3333333333334,204.5772515502441,4,887.5,413.73971957688036,4,887.5,413.73971957688036,0.13750000000000007,0.21199449678391835,4,0.10729064685314682,0.1291991864630535,4,437,181.81492421324126,4,6,distractor
CogMisp24_S66_576948000,576948000,CogMisp-24,26,87,13,87,0.6273525973443872,0.2485151001770879,12,0.3069968553459119,0.14570439334367785,8,1.5833333333333333,0.90033663737852,12,NA,NA,NA,1,0,12,284.0833333333333,307.9895093648286,12,1.5833333333333333,12,1126.6203703703704,531.4775403425011,12,1066.6666666666667,593.2703405444241,12,1244.4444444444446,513.6683938643869,0.2995833333333333,0.14042886153321607,12,0.18613095238095237,0.10069160948958863,12,523.1666666666666,78.55262663663865,12,1,distractor
CogMisp24_S69_591408000,591408000,CogMisp-24,25,39,61,39,0.6989988062501027,0.2996543557101228,10,0.45990566037735847,0.22555998259894477,4,1,0,9,NA,NA,NA,0.9,0.31622776601683794,10,464.1111111111111,187.37225277802236,9,1,10,1879.6296296296298,533.7093581832211,9,1879.6296296296298,533.7093581832211,9,1879.6296296296298,533.7093581832211,0.11150000000000002,0.16443590443290274,10,0.07616111111111099,0.138238528423666,10,351.5,172.84498514243592,10,0,distractor
CogMisp24_S04_563532000,563532000,CogMisp-24,27,62,38,62,0.7012904032454658,0.23204655607927197,13,0.47327044025157233,0.39611034538334194,6,1.4615384615384615,0.6602252917735247,13,NA,NA,NA,1,0,13,375.38461538461536,309.97944514153903,13,1.5384615384615385,13,1302.7777777777778,717.8715109076551,13,1194.871794871795,821.2846930319273,13,1487.1794871794873,636.183420665255,0.11576923076923076,0.1212409129558128,13,0.0681273726273727,0.10362161054054364,13,448.15384615384613,178.60470605681428,13,2,distractor
CogMisp24_S10_560100000,560100000,CogMisp-24,26,96,0,96,0.5407620653181142,0.3253227643241492,6,0.05136268343815514,0.5154381274411829,6,1.6,0.8944271909999159,5,NA,NA,NA,0.8333333333333334,0.408248290463863,6,524.4,239.22228157092727,5,1.1666666666666667,6,1192.2222222222224,746.0554707473827,5,1146.6666666666667,801.8554871186094,5,1313.3333333333335,655.0445277485596,0.20333333333333337,0.04423422506008977,6,0.11765277777777783,0.06651784256595834,6,452.3333333333333,169.9819598271142,6,1,distractor
CogMisp24_S14_554568000,554568000,CogMisp-24,29,42,58,42,0.6731045616860264,0.2164857781209418,10,0.4968553459119497,0.04878438691077611,4,1.5,0.8498365855987975,10,NA,NA,NA,1,0,10,353.4,190.366430280598,10,1.5,10,1243.0555555555557,690.0965743234814,10,1258.3333333333335,694.4777769778162,10,1331.6666666666667,642.2592261542429,0.27149999999999996,0.1316149687535579,10,0.2076833333333333,0.09607627660315499,10,378.2,150.37641659072298,10,4,distractor
CogMisp24_S19_531828000,531828000,CogMisp-24,30,87,13,87,0.7928210382011938,0.1709627991358272,10,0.5943396226415094,0.30279606252459806,6,1.1,0.31622776601683794,10,NA,NA,NA,1,0,10,376.7,263.9183585884089,10,1.1,10,1985.0000000000002,619.859103863108,10,2033.3333333333335,524.3455650665297,10,2033.3333333333335,524.3455650665297,0.10900000000000003,0.06719788356455561,10,0.06826923076923079,0.05055638107930095,10,438,142.5154962334506,10,5,distractor
CogMisp24_S21_561504000,561504000,CogMisp-24,28,30,65,30,0.6115278220325177,0.30695628712295253,10,0.21305031446540884,0.46614746046745176,4,1.2222222222222223,0.44095855184409843,9,NA,NA,NA,0.9,0.31622776601683794,10,512.2222222222222,304.84085100990717,9,1.2,10,1537.0370370370372,668.1768196710202,9,1433.3333333333335,785.5907189992623,9,1640.7407407407409,610.732205766565,0.19350000000000006,0.14053568151105866,10,0.15478333333333333,0.08971795827501335,10,436.3,115.52012811627245,10,3,distractor
CogMisp24_S22_531552000,531552000,CogMisp-24,31,82,18,82,0.8743714299431068,0.08703199996653002,6,NA,NA,NA,2,0,6,NA,NA,NA,1,0,6,252.33333333333334,143.0100229587656,6,0.6666666666666666,6,847.2222222222223,280.45927941041174,6,794.4444444444445,474.30260695358083,6,1188.888888888889,359.42340656276855,0.04250000000000006,0.04947221442385615,6,0.03636742424242434,0.035328528881606105,6,338.6666666666667,244.62597300096053,6,6,distractor
CogMisp24_S25_580872000,580872000,CogMisp-24,28,86,14,86,0.7343310874142178,0.10464534028793994,9,0.5,0.1449409242556065,6,1.1111111111111112,0.3333333333333333,9,NA,NA,NA,1,0,9,584.5555555555555,254.39345073680215,9,1.3333333333333333,9,1704.6296296296298,452.82889963614184,9,1648.1481481481483,575.0872182912565,9,1761.1111111111113,369.87235035286915,0.32277777777777783,0.10923344013828576,9,0.26075812948226745,0.07790570113497229,9,444.1111111111111,94.05376712876051,9,3,distractor
CogMisp24_S39_546540000,546540000,CogMisp-24,24,76,24,76,0.5257311065154335,0.2388449753955462,10,0.2869496855345912,0.13110794161278597,4,1.4444444444444444,0.7264831572567789,9,NA,NA,NA,1,0,10,531.5,347.91833332934135,10,1.5,10,1120.061728395062,677.6949200517319,9,1207.4074074074074,631.0876364961301,9,1207.4074074074074,631.0876364961301,0.2335000000000001,0.12030170406108144,10,0.20160100732600741,0.09016062715227477,10,389.5,155.37785484996817,10,-1,distractor
CogMisp24_S42_528996000,528996000,CogMisp-24,24,66,34,66,0.6723192762201305,0.24791468469178596,8,0.28223270440251574,0.2083773340663126,4,1.8571428571428572,0.6900655593423543,7,NA,NA,NA,1,0,8,373.625,154.32057311231802,8,1.375,8,1103.5714285714287,627.3817053698684,7,1011.904761904762,671.6283615844824,7,1214.2857142857144,600.5729187099854,0.20812500000000012,0.17766214927697546,8,0.12991666666666674,0.1769472782659125,8,416.375,176.95434237597644,8,-1,distractor
CogMisp24_S43_538080000,538080000,CogMisp-24,24,100,0,100,0.6251196008699114,0.2724808750540258,9,0.2866876310272537,0.4032933558829824,6,1.3333333333333333,0.5,9,NA,NA,NA,0.8888888888888888,0.3333333333333333,9,354.875,265.5933720666129,8,1.3333333333333333,9,1200,479.16666666666674,9,1214.814814814815,474.00806108684344,9,1231.4814814814815,477.3657784338475,0.11722222222222234,0.20948017673384864,9,0.12146743996744006,0.17199451650581224,9,346.22222222222223,191.055474782704,9,-1,distractor
CogMisp24_S49_568812000,568812000,CogMisp-24,24,98,2,98,0.5911115313332687,0.2812498534832867,9,0.2531446540880503,0.21693555259128527,4,1.6666666666666667,1,9,NA,NA,NA,1,0,9,251.22222222222223,139.15259409886846,9,1.3333333333333333,9,1020.8333333333334,709.9919307053192,9,942.5925925925927,755.9078018768372,9,1111.1111111111113,678.8470618138767,0.11166666666666655,0.15862692079215301,9,0.029486677115987476,0.16141308985422992,9,457.1111111111111,169.73541501734724,9,-1,distractor
CogMisp24_S58_574284000,574284000,CogMisp-24,26,17,83,17,0.5901600080474612,0.28627785165249336,11,0.16194968553459121,0.04183690155864802,4,1.1,0.31622776601683794,10,NA,NA,NA,0.7272727272727273,0.46709936649691375,11,431.875,337.34062374486035,8,1.0909090909090908,11,1499.1666666666667,538.3509629036241,10,1523.3333333333335,528.3447247282292,10,1523.3333333333335,528.3447247282292,0.12045454545454551,0.08223303914651778,11,0.08645454545454555,0.07566419198996946,11,360.3636363636364,194.31895055669312,11,1,distractor
CogMisp24_S59_552972000,552972000,CogMisp-24,26,39,58,39,0.6666794484246543,0.19532486975664762,7,0.26257861635220126,0.15732701574023883,4,2,1.0954451150103321,6,NA,NA,NA,1,0,7,695.2857142857143,374.7042007974265,7,1.2857142857142858,7,786.1111111111111,748.6036383877702,6,750,787.0479302078396,6,894.4444444444445,707.7873712937826,0.15166666666666676,0.08891943919451309,6,0.10672152560083596,0.05642178098130482,6,544,80.96418961491555,6,1,distractor
CogMisp24_S70_571500000,571500000,CogMisp-24,24,100,0,100,0.5485730505618139,0.18575515113788288,13,0.06564465408805031,0.23838669247140634,8,1.1538461538461537,0.3755338080994054,13,NA,NA,NA,1,0,13,493.46153846153845,272.5419280846574,13,1.9230769230769231,13,1271.1538461538462,494.1394430459779,13,1229.4871794871797,556.5333275998346,13,1329.4871794871797,480.747577859976,0.286923076923077,0.16212827305278044,13,0.21216715976331366,0.13828010542583374,13,456,134.1820902107779,13,-1,distractor
CogMisp24_S71_581112000,581112000,CogMisp-24,25,93,7,93,0.713474438211984,0.23056604572445602,12,0.434748427672956,0.24742624594917842,8,1.0833333333333333,0.28867513459481287,12,NA,NA,NA,1,0,12,361.8333333333333,246.69702925334192,12,1.1666666666666667,12,1778.4722222222224,622.7024267574058,12,1726.388888888889,703.2557164315144,12,1830.5555555555557,588.2620067216551,0.20124999999999996,0.10093033150734142,12,0.13574999999999995,0.06161532465485544,12,487,88.76219506483193,12,0,distractor
CogMisp24_S74_535680000,535680000,CogMisp-24,25,96,4,96,0.544591850074837,0.2014225043299444,10,0.08254716981132076,0.17666827872833518,4,1.3,0.48304589153964794,10,NA,NA,NA,0.9,0.31622776601683794,10,371.6666666666667,219.12781658201223,9,1.7,10,1115,654.9526417711155,10,1111.6666666666667,653.2468763656522,10,1140,634.4629302619211,0.20650000000000004,0.10249796745952248,10,0.12719166666666668,0.06141359545564903,10,526.4,105.09170598418633,10,0,distractor
CogMisp24_S08_549144000,549144000,CogMisp-24,27,63,37,63,0.6712100388953838,0.24538738859961423,7,0.3113207547169812,0.04002491214263472,2,2,0.5773502691896257,7,NA,NA,NA,1,0,7,316.85714285714283,237.35657323348528,7,1,7,819.4444444444445,364.3339093892637,7,1028.5714285714287,657.134230447172,7,1052.3809523809525,630.2137035715047,0.1342857142857142,0.11248809460814711,7,0.1149567702412529,0.11439544321187645,7,430.85714285714283,184.88323213263428,7,2,distractor
CogMisp24_S11_544008000,544008000,CogMisp-24,24,98,2,98,0.5700344977936548,0.2226300895690412,6,-0.05974842767295599,0.040024912142634796,2,1.5,0.8366600265340756,6,NA,NA,NA,1,0,6,238.33333333333334,27.854383257696924,6,2,6,999.0740740740741,454.89676846384367,6,988.8888888888889,522.1394733494392,6,1147.2222222222224,360.00257200727316,0.3383333333333333,0.2916790473562794,6,0.23201602564102553,0.14999384760284262,6,438.3333333333333,81.4411853220879,6,-1,distractor
CogMisp24_S16_528516000,528516000,CogMisp-24,30,81,19,81,0.41954263195605446,0.09851970263784834,4,NA,NA,NA,1.25,0.5,4,NA,NA,NA,1,0,4,525.25,250.861681676045,4,2.25,4,927.0833333333334,313.9779863715383,4,904.1666666666667,348.109976236757,4,950,283.1698874972146,0.2712499999999999,0.06980627956471162,4,0.20322916666666657,0.045482311122017435,4,491.25,9.535023160258536,4,5,distractor
CogMisp24_S17_542916000,542916000,CogMisp-24,24,59,41,59,0.4839065429546656,0.2930810509342125,5,0.3459119496855346,0.06226097444409855,2,1.5,0.5773502691896257,4,NA,NA,NA,0.8,0.44721359549995793,5,463.5,203.92564004231215,4,2,5,981.2500000000001,468.8626407871776,4,837.5000000000001,536.8590062507964,4,1129.1666666666667,560.4850743048547,0.3759999999999999,0.3790679358637443,5,0.16065000000000004,0.06455094349082406,5,396.4,208.48812915847273,5,-1,distractor
CogMisp24_S26_549528000,549528000,CogMisp-24,28,89,11,89,0.5887725082893577,0.3061613143235912,8,-0.17924528301886788,0.013341637380878252,2,1.125,0.3535533905932738,8,NA,NA,NA,0.75,0.4629100498862757,8,196.83333333333334,255.94797648480574,6,1,8,1354.1666666666667,729.9026897525016,8,1429.1666666666667,702.9840026177751,8,1429.1666666666667,702.9840026177751,0.12375000000000014,0.0858050115086527,8,0.05411538461538462,0.099895439077436,8,505.875,184.10822709948158,8,3,distractor
CogMisp24_S30_561996000,561996000,CogMisp-24,28,72,24,72,0.5600518318092041,0.43597108815545854,4,NA,NA,NA,2,1,3,NA,NA,NA,0.75,0.5,4,271.6666666666667,316.8948300829998,3,0.5,4,702.7777777777778,45.896421227384224,3,455.5555555555556,245.70382652773313,3,1005.5555555555557,239.4051269601694,0.10624999999999984,0.06498397238293978,4,0.02950000000000008,0.021970518967555103,4,412.25,151.29083470807697,4,3,distractor
CogMisp24_S31_533496000,533496000,CogMisp-24,27,67,33,67,0.6392341045710529,0.26500943293291707,8,0.4234800838574424,0.2640810529482783,6,1.5,0.7559289460184544,8,NA,NA,NA,1,0,8,511.125,354.37205529136827,8,1.375,8,1168.75,659.6317816036363,8,1033.3333333333335,733.4415504568227,8,1316.6666666666667,675.8885979400725,0.21000000000000002,0.11910379626911262,8,0.15244791666666663,0.08414886583920089,8,437.25,178.01023245067364,8,2,distractor
CogMisp24_S34_543228000,543228000,CogMisp-24,25,100,0,100,0.6704525360881601,0.2204264714446453,10,-0.03616352201257861,0.006670818690439126,2,1.2,0.4216370213557839,10,NA,NA,NA,1,0,10,514.8,410.22237871671507,10,1.2,10,1514.1666666666667,787.7931553114406,10,1558.3333333333335,767.3205745954756,10,1583.3333333333335,734.8049207816578,0.2475000000000001,0.19098065637941217,10,0.16203333333333342,0.14167851911202983,10,411.3,170.95681715957787,10,0,distractor
CogMisp24_S46_567816000,567816000,CogMisp-24,24,29,71,29,0.639626945786366,0.2128342069513454,2,NA,NA,NA,1,NA,1,NA,NA,NA,1,0,2,313,106.06601717798213,2,1,2,750,NA,1,750,NA,1,750,NA,0.19500000000000028,0.19798989873223347,2,0.15825,0.16416662436547677,2,416.5,376.8879143724298,2,-1,distractor
CogMisp24_S47_581820000,581820000,CogMisp-24,26,100,0,100,0.6557680536958049,0.23346485387894642,11,0.3427672955974843,0.1827582488119239,6,1.2727272727272727,0.46709936649691375,11,NA,NA,NA,1,0,11,421.3636363636364,338.8628845793746,11,1.2727272727272727,11,1289.3939393939395,585.0580563439232,11,1381.818181818182,540.4964048320429,11,1381.818181818182,540.4964048320429,0.395909090909091,0.16484565784117838,11,0.24915903975856948,0.11718658906375906,11,481.3636363636364,129.977130855603,11,1,distractor
CogMisp24_S50_570504000,570504000,CogMisp-24,25,62,38,62,0.5907635078048337,0.25356280920153657,10,0.26415094339622647,0.05336654952351301,2,1.1,0.31622776601683794,10,NA,NA,NA,0.9,0.31622776601683794,10,390.22222222222223,130.7734470159919,9,1.5,10,1325.8333333333335,676.4838514218709,10,1320,680.7222018190554,10,1331.6666666666667,672.7247891785382,0.11850000000000005,0.10703192670102372,10,0.12601409774436095,0.09894651329326463,10,346.5,198.20542093719055,10,0,distractor
CogMisp24_S53_562644000,562644000,CogMisp-24,31,27,73,27,0.6010584861651322,0.3113329806701157,12,-0.13757861635220126,0.21527103889997556,4,1.2727272727272727,0.46709936649691375,11,NA,NA,NA,0.75,0.45226701686664544,12,612.2222222222222,489.11751598613233,9,0.9166666666666666,12,1367.4242424242425,529.051228162455,11,1368.1818181818182,559.0395804638994,11,1434.848484848485,528.175820129715,0.17208333333333337,0.12104579023383401,12,0.11816222737989972,0.07496217200986653,12,480.0833333333333,117.38317854812335,12,6,distractor
CogMisp24_S57_576672000,576672000,CogMisp-24,25,90,10,90,0.6996358083211446,0.21739093689399674,11,0.3920335429769392,0.20266476279399454,6,1.3636363636363635,0.504524979109513,11,NA,NA,NA,1,0,11,368.45454545454544,242.8556623331495,11,1.1818181818181819,11,1255.3030303030305,640.8790916397649,11,1272.7272727272727,674.9597818171889,11,1353.030303030303,596.183145882491,0.24545454545454556,0.13690242045805,11,0.16990151515151516,0.10495586915316828,11,466.27272727272725,156.36565537808545,11,0,distractor
CogMisp24_S62_588780000,588780000,CogMisp-24,27,38,62,38,0.45959152218914184,0.26100272931113855,6,-0.08176100628930819,0.03557769968234205,2,1.6,0.5477225575051661,5,NA,NA,NA,0.8333333333333334,0.408248290463863,6,485,224.75319797502326,5,2.1666666666666665,6,856.6666666666667,219.0097663981627,5,946.6666666666667,191.99247670445612,5,946.6666666666667,191.99247670445612,0.11750000000000009,0.09822168803273529,6,0.11112500000000007,0.12508836598803103,6,180.33333333333334,69.41373543230955,6,2,distractor
Mix_20_S45,58560000,Mix-20,20.366666666666667,91,9,91,0.8333333333333334,NA,1,NA,NA,NA,2,NA,1,NA,NA,NA,1,NA,1,219,NA,1,1,1,291.6666666666667,NA,1,200,NA,1,383.33333333333337,NA,0.009999999999999787,NA,1,0.04408333333333303,NA,1,583,NA,1,-4.633333333333333,distractor
Mix_20_S67,94656000,Mix-20,20.666666666666668,37,37,63,0.7110807528840316,0.13622646124498577,2,0.40363913248962874,0.07615795873620802,2,1,0,2,NA,NA,NA,1,0,2,618.5,259.50818869546293,2,1,2,1416.6666666666667,494.9747468305833,2,1416.6666666666667,494.9747468305833,2,1416.6666666666667,494.9747468305833,0.0800000000000003,0.028284271247461613,2,0.018561781609195416,0.009222866895993503,2,250,70.71067811865476,2,-4.333333333333332,distractor
Mix_14_S05,20568000,Mix-14,14,51.5,51.5,48.5,0,NA,1,NA,NA,NA,NA,NA,NA,NA,NA,NA,0,NA,1,NA,NA,NA,0,1,NA,NA,NA,NA,NA,NA,NA,NA,-0.040000000000000036,NA,1,-0.11950000000000038,NA,1,100,NA,1,-11,distractor
LearnMix36_S15_97932000_E2,97932000,LearnMix-36,39.46666666666667,50,45,50,0.23255813953488372,0.3288868749704872,2,NA,NA,NA,1,NA,1,NA,NA,NA,0.5,0.7071067811865476,2,1285,NA,1,0.5,2,900.0000000000001,NA,1,900.0000000000001,NA,1,900.0000000000001,NA,0.1499999999999997,0.04242640687119289,2,0.06792572463768098,0.038903682870716626,2,316.5,211.4249275747777,2,14.466666666666669,distractor
LearnMix36_S24_545388000_E2,545388000,LearnMix-36,41,60,40,60,0.891566265060241,NA,1,NA,NA,NA,1,NA,1,NA,NA,NA,1,NA,1,170,NA,1,0,1,1066.6666666666667,NA,1,1066.6666666666667,NA,1,1066.6666666666667,NA,0.05999999999999961,NA,1,0.03491666666666671,NA,1,500,NA,1,16,distractor
LearnMix36_S30_109320000_E2,109320000,LearnMix-36,40.2,40,60,40,0.4957096313444289,0.3722961543339278,5,NA,NA,NA,1,0,4,NA,NA,NA,0.6,0.5477225575051661,5,513.6666666666666,292.48304794181377,3,1,5,1570.8333333333335,755.5198112459959,4,1570.8333333333335,755.5198112459959,4,1570.8333333333335,755.5198112459959,0.017999999999999884,0.05596874127582302,5,0.01428333333333338,0.05347317603766931,5,446.4,218.8819316435233,5,15.200000000000003,distractor
