recording_name,subject_id,dataset_name,age_months,mean_prop_looking,sd_prop_looking,n_trials_prop_looking,mean_prop_looking_diff,sd_prop_looking_diff,n_trials_prop_looking_diff,mean_number_fixations,sd_number_fixations,n_trials_number_fixations,mean_prop_shift_target_initial,sd_prop_shift_target_initial,n_trials_prop_shift_target_initial,mean_prop_shift_distractor_initial,sd_prop_shift_distractor_initial,n_trials_prop_shift_distractor_initial,mean_RT,sd_RT,n_trials_RT,mean_aoi_switches,n_trials_mean_aoi_switches,mean_duration_of_look,sd_duration_of_look,n_trials_duration_of_look,mean_first_look_dur,sd_first_look_dur,n_trials_first_look_dur,mean_longest_look,sd_longest_look,age_months_centred,data_split
108_108_pomper_saffran_2016_46,108,pomper_saffran_2016,46,0.802024827024827,0.15840348750203226,3,NA,NA,NA,1,0,3,NA,NA,NA,1,0,3,565,402.33692348577705,3,0.6666666666666666,3,2744.444444444445,555.1109331909688,3,2744.444444444445,555.1109331909688,3,2744.444444444445,555.1109331909688,21,distractor
109_109_pomper_saffran_2016_43,109,pomper_saffran_2016,43,0.8252457415293674,0.1724915325567584,5,0.3537735849056604,0.006670818690439126,2,1.2,0.44721359549995793,5,NA,NA,NA,1,0,5,345,195.57607215607945,5,0.8,5,2506.666666666667,825.7656379923355,5,2413.3333333333335,983.926374842707,5,2600,694.8221195225277,18,distractor
110_110_pomper_saffran_2016_47,110,pomper_saffran_2016,47,0.9100989910527317,0.15476627422848452,4,0.6603773584905661,1.1102230246251565e-16,2,1,0,4,NA,NA,NA,1,0,4,315,406.71447806374766,4,0.25,4,3133.3333333333335,542.2859707516636,4,3133.3333333333335,542.2859707516636,4,3133.3333333333335,542.2859707516636,22,distractor
111_111_pomper_saffran_2016_42,111,pomper_saffran_2016,42,0.6187426840184534,0.2834237596962204,3,NA,NA,NA,1,0,3,NA,NA,NA,1,0,3,415,90.13878188659973,3,1.3333333333333333,3,1911.1111111111113,1174.4186899310057,3,1911.1111111111113,1174.4186899310057,3,1911.1111111111113,1174.4186899310057,17,distractor
112_112_pomper_saffran_2016_43,112,pomper_saffran_2016,43,0.8606920587503112,0.17402855989922975,5,0.5613207547169812,0.31046193720574217,4,1,0,5,NA,NA,NA,1,0,5,80,51.8411033833193,5,0.4,5,2520,796.3807018142909,5,2520,796.3807018142909,5,2520,796.3807018142909,18,distractor
113_113_pomper_saffran_2016_42,113,pomper_saffran_2016,42,0.7571314943584361,0.14537662856145703,4,NA,NA,NA,1,0,4,NA,NA,NA,1,0,4,421.25,170.01838135919303,4,1,4,2308.3333333333335,710.9591851597129,4,2308.3333333333335,710.9591851597129,4,2308.3333333333335,710.9591851597129,17,distractor
114_114_pomper_saffran_2016_42,114,pomper_saffran_2016,42,0.754247572815534,0.24036681416429073,4,NA,NA,NA,1,0,4,NA,NA,NA,0.75,0.5,4,406.6666666666667,28.867513459481287,3,1,4,2600,822.8226036254941,4,2600,822.8226036254941,4,2600,822.8226036254941,17,distractor
115_115_pomper_saffran_2016_42,115,pomper_saffran_2016,42,0.7294489648218718,0.1317796107912086,5,0.3113207547169812,0.040024912142634796,2,1,0,5,NA,NA,NA,1,0,5,565,182.8592354790974,5,1.2,5,2466.666666666667,512.6185499743233,5,2466.666666666667,512.6185499743233,5,2466.666666666667,512.6185499743233,17,distractor
116_116_pomper_saffran_2016_45,116,pomper_saffran_2016,45,0.804648455295527,0.26334408630558387,5,0.4929245283018868,0.13614028009114917,4,1.2,0.44721359549995793,5,NA,NA,NA,1,0,5,180,180.79684731764544,5,0.8,5,2476.666666666667,1154.0749060996384,5,2580,1004.0473649739395,5,2580,1004.0473649739395,20,distractor
117_117_pomper_saffran_2016_43,117,pomper_saffran_2016,43,0.9517130321135175,0.04070696749114509,4,NA,NA,NA,1,0,4,NA,NA,NA,1,0,4,208.75,94.37293044088437,4,0,4,3275.0000000000005,125.83057392117938,4,3275.0000000000005,125.83057392117938,4,3275.0000000000005,125.83057392117938,18,distractor
118_118_pomper_saffran_2016_42,118,pomper_saffran_2016,42,0.8461554621848739,0.15227597783190877,4,NA,NA,NA,1.5,0.5773502691896257,4,NA,NA,NA,1,0,4,96.25,162.5,4,1,4,2154.166666666667,1391.2008535128257,4,2258.3333333333335,1284.487215743079,4,2258.3333333333335,1284.487215743079,17,distractor
119_119_pomper_saffran_2016_43,119,pomper_saffran_2016,43,0.8047750186706497,0.20464933409122885,4,0.42452830188679247,0.026683274761756505,2,1,0,4,NA,NA,NA,1,0,4,315,73.59800721939872,4,0.5,4,2758.3333333333335,734.0274492798592,4,2758.3333333333335,734.0274492798592,4,2758.3333333333335,734.0274492798592,18,distractor
120_120_pomper_saffran_2016_42,120,pomper_saffran_2016,42,0.5320624730218335,0.25214604447960454,5,0.13679245283018868,0.04669573083307392,2,1.2,0.44721359549995793,5,NA,NA,NA,0.8,0.44721359549995793,5,483.75,423.46536654922164,4,1,5,1350.0000000000002,530.1991240195623,5,1260.0000000000002,599.258801446513,5,1440.0000000000002,533.0207417269156,17,distractor
121_121_pomper_saffran_2016_42,121,pomper_saffran_2016,42,0.9445014936519791,0.044067249181052426,4,NA,NA,NA,1,0,4,NA,NA,NA,1,0,4,221.25,110.63265039459795,4,0,4,3258.3333333333335,147.51020052613075,4,3258.3333333333335,147.51020052613075,4,3258.3333333333335,147.51020052613075,17,distractor
122_122_pomper_saffran_2016_44,122,pomper_saffran_2016,44,0.6230317884729649,0.1956830541073002,4,NA,NA,NA,1.25,0.5,4,NA,NA,NA,1,0,4,652.5,329.4566233461799,4,1.25,4,1754.1666666666667,724.361148926469,4,1633.3333333333335,881.9171036881969,4,1875,623.2382577521424,19,distractor
123_123_pomper_saffran_2016_43,123,pomper_saffran_2016,43,0.7637540453074434,0.04377912381381449,3,NA,NA,NA,1,0,3,NA,NA,NA,1,0,3,698.3333333333334,112.73124382057236,3,1,3,2622.2222222222226,150.30832509409646,3,2622.2222222222226,150.30832509409646,3,2622.2222222222226,150.30832509409646,18,distractor
124_124_pomper_saffran_2016_42,124,pomper_saffran_2016,42,0.8085851390647718,0.16815772702943094,3,NA,NA,NA,1.6666666666666667,0.5773502691896257,3,NA,NA,NA,1,0,3,248.33333333333334,62.91528696058958,3,0.6666666666666666,3,1716.6666666666667,1227.1240089466644,3,1866.6666666666667,1101.5141094572205,3,1866.6666666666667,1101.5141094572205,17,distractor
125_125_pomper_saffran_2016_43,125,pomper_saffran_2016,43,0.9288461538461539,0.10891306722803168,5,NA,NA,NA,1,0,5,NA,NA,NA,1,0,5,265,271.56951228000537,5,0.2,5,3200.0000000000005,362.09268304000716,5,3200.0000000000005,362.09268304000716,5,3200.0000000000005,362.09268304000716,18,distractor
126_126_pomper_saffran_2016_44,126,pomper_saffran_2016,44,0.7083527583527583,0.2180798008731959,4,NA,NA,NA,1.25,0.5,4,NA,NA,NA,1,0,4,408.75,117.92476415070755,4,1.5,4,2187.5,1098.936775723261,4,2308.3333333333335,925.512870831127,4,2308.3333333333335,925.512870831127,19,distractor
127_127_pomper_saffran_2016_41,127,pomper_saffran_2016,41,0.7903289707435371,0.121957822913526,7,0.6509433962264151,0.15842316626176106,4,1,0,7,NA,NA,NA,1,0,7,575.7142857142857,227.6954942356965,7,1,7,2685.714285714286,453.3239961690154,7,2685.714285714286,453.3239961690154,7,2685.714285714286,453.3239961690154,16,distractor
128_128_pomper_saffran_2016_47,128,pomper_saffran_2016,47,0.912621359223301,0.03883495145631072,3,0.7641509433962265,0,2,1,0,3,NA,NA,NA,1,0,3,315,100,3,0.3333333333333333,3,3133.3333333333335,133.33333333333348,3,3133.3333333333335,133.33333333333348,3,3133.3333333333335,133.33333333333348,22,distractor
129_129_pomper_saffran_2016_45,129,pomper_saffran_2016,45,0.9108361426963574,0.04496885647120082,4,NA,NA,NA,1.25,0.5,4,NA,NA,NA,1,0,4,308.75,124.79149276559947,4,0.25,4,2604.166666666667,1002.0696176007526,4,2658.3333333333335,894.9963790533002,4,2658.3333333333335,894.9963790533002,20,distractor
130_130_pomper_saffran_2016_44,130,pomper_saffran_2016,44,0.7896440129449838,0.1999937159285486,3,NA,NA,NA,1,0,3,NA,NA,NA,1,0,3,631.6666666666666,514.9838185160125,3,0.6666666666666666,3,2711.1111111111113,686.6450913546834,3,2711.1111111111113,686.6450913546834,3,2711.1111111111113,686.6450913546834,19,distractor
131_131_pomper_saffran_2016_42,131,pomper_saffran_2016,42,0.9143765782025861,0.06428242143987287,4,NA,NA,NA,1.5,0.5773502691896257,4,NA,NA,NA,1,0,4,283.75,166.30168369562588,4,0.25,4,2154.166666666667,1147.0876972512544,4,2408.3333333333335,914.239210126832,4,2408.3333333333335,914.239210126832,17,distractor
132_132_pomper_saffran_2016_41,132,pomper_saffran_2016,41,0.8435355186004038,0.20568369534251651,5,NA,NA,NA,1.2,0.44721359549995793,5,NA,NA,NA,1,0,5,240,211.39418156609705,5,0.6,5,2706.666666666667,1096.306931880342,5,2660,1198.0076052438992,5,2753.3333333333335,995.1549293116793,16,distractor
133_133_pomper_saffran_2016_45,133,pomper_saffran_2016,45,0.4761153198653199,0.4215952782189961,3,NA,NA,NA,2,0,2,NA,NA,NA,0.6666666666666666,0.5773502691896257,3,152.5,53.033008588991066,2,1.3333333333333333,3,1158.3333333333335,176.7766952966369,2,1050,117.85113019775797,2,1266.6666666666667,235.70226039551594,20,distractor
134_134_pomper_saffran_2016_44,134,pomper_saffran_2016,44,0.7810694351637121,0.0741015997590492,4,NA,NA,NA,1,0,4,NA,NA,NA,1,0,4,565,104.08329997330664,4,1,4,2650,350.1322501464162,4,2650,350.1322501464162,4,2650,350.1322501464162,19,distractor
135_135_pomper_saffran_2016_46,135,pomper_saffran_2016,46,0.8297684458398744,0.09116349200148391,2,0.6320754716981132,0.04002491214263484,2,1.5,0.7071067811865476,2,NA,NA,NA,1,0,2,365,35.35533905932738,2,0.5,2,2175,1308.147545195113,2,2183.3333333333335,1296.362432175337,2,2183.3333333333335,1296.362432175337,21,distractor
136_136_pomper_saffran_2016_42,136,pomper_saffran_2016,42,0.7617523374728364,0.25729905663206887,4,0.6226415094339623,0.02668327476175658,2,1.25,0.5,4,NA,NA,NA,1,0,4,252.5,184.27786989579985,4,1,4,2395.8333333333335,1266.1091609365315,4,2450,1171.418892720372,4,2450,1171.418892720372,17,distractor
137_137_pomper_saffran_2016_45,137,pomper_saffran_2016,45,0.7129289215686274,0.1980072297807918,2,NA,NA,NA,1,0,2,NA,NA,NA,1,0,2,802.5,441.9417382415922,2,1,2,2366.666666666667,754.2472332656506,2,2366.666666666667,754.2472332656506,2,2366.666666666667,754.2472332656506,20,distractor
138_138_pomper_saffran_2016_43,138,pomper_saffran_2016,43,0.6035500515995872,0.3180089768035652,5,-0.05660377358490565,0,2,1,0,5,NA,NA,NA,0.8,0.44721359549995793,5,452.5,331.9764047840348,4,0.8,5,1986.6666666666667,1139.8342959492938,5,1986.6666666666667,1139.8342959492938,5,1986.6666666666667,1139.8342959492938,18,distractor
139_139_pomper_saffran_2016_45,139,pomper_saffran_2016,45,0.816311924321633,0.16291509593902206,3,NA,NA,NA,1.3333333333333333,0.5773502691896257,3,NA,NA,NA,1,0,3,531.6666666666666,458.4848234492973,3,0.6666666666666666,3,2155.5555555555557,611.3130979323964,3,2433.3333333333335,176.3834207376394,3,2433.3333333333335,176.3834207376394,20,distractor
140_140_pomper_saffran_2016_46,140,pomper_saffran_2016,46,0.8167351462947419,0.2754844130577813,7,0.2641509433962264,0.1600996485705391,2,1.1428571428571428,0.3779644730092272,7,NA,NA,NA,1,0,7,207.85714285714286,77.3443136703847,7,0.42857142857142855,7,2607.1428571428573,1172.124422310047,7,2685.714285714286,1083.693468833108,7,2685.714285714286,1083.693468833108,21,distractor
141_141_pomper_saffran_2016_47,141,pomper_saffran_2016,47,0.73332785660941,0.2002826707899231,5,0.7216981132075472,0.006670818690439047,2,1,0,5,NA,NA,NA,1,0,5,460,343.874977280988,5,0.8,5,2446.666666666667,858.1634136016546,5,2313.3333333333335,1138.6151432527342,5,2446.666666666667,858.1634136016546,22,distractor
142_142_pomper_saffran_2016_46,142,pomper_saffran_2016,46,0.9451338063231267,0.06892815290065712,6,0.8537735849056605,0.020012456071317377,2,1,0,6,NA,NA,NA,1,0,6,206.66666666666666,196.0017006728938,6,0.16666666666666666,6,3266.666666666667,261.6188916046478,6,3266.666666666667,261.6188916046478,6,3266.666666666667,261.6188916046478,21,distractor
143_143_pomper_saffran_2016_45,143,pomper_saffran_2016,45,0.8857142857142857,NA,1,NA,NA,NA,1,NA,1,NA,NA,NA,1,NA,1,340,NA,1,1,1,3100,NA,1,3100,NA,1,3100,NA,20,distractor
144_144_pomper_saffran_2016_46,144,pomper_saffran_2016,46,0.9257746489185666,0.04259148490546558,5,0.7688679245283019,0.006670818690439126,2,1,0,5,NA,NA,NA,1,0,5,290,121.19199643540823,5,0.2,5,3166.666666666667,161.58932858054445,5,3166.666666666667,161.58932858054445,5,3166.666666666667,161.58932858054445,21,distractor
145_145_pomper_saffran_2016_47,145,pomper_saffran_2016,47,0.7323749735666428,0.17369097870527825,3,NA,NA,NA,1.3333333333333333,0.5773502691896257,3,NA,NA,NA,1,0,3,456.6666666666667,487.55341587700246,3,1,3,2133.3333333333335,1134.8029687032802,3,2255.5555555555557,951.2175433699774,3,2255.5555555555557,951.2175433699774,22,distractor
146_146_pomper_saffran_2016_43,146,pomper_saffran_2016,43,0.6373447553526361,0.27836910294641626,4,NA,NA,NA,1,0,4,NA,NA,NA,0.75,0.5,4,298.3333333333333,166.45820296198482,3,1,4,2108.3333333333335,1110.346959454733,4,2108.3333333333335,1110.346959454733,4,2108.3333333333335,1110.346959454733,18,distractor
147_147_pomper_saffran_2016_46,147,pomper_saffran_2016,46,0.7594786919822281,0.1854735428659103,7,0.7051886792452831,0.03390543813340857,4,1,0,7,NA,NA,NA,1,0,7,304.2857142857143,128.17398889233115,7,0.7142857142857143,7,2419.0476190476193,775.2794341772526,7,2419.0476190476193,775.2794341772526,7,2419.0476190476193,775.2794341772526,21,distractor
148_148_pomper_saffran_2016_44,148,pomper_saffran_2016,44,0.659502122195576,0.19437145439639686,4,0.3113207547169811,0.10102124782521393,4,1.25,0.5,4,NA,NA,NA,1,0,4,271.25,89.8494110535326,4,1,4,1937.5,823.0898200390112,4,2008.3333333333335,753.4488603649123,4,2008.3333333333335,753.4488603649123,19,distractor
149_149_pomper_saffran_2016_44,149,pomper_saffran_2016,44,0.821240446188804,0.15989569420432054,4,NA,NA,NA,1.5,0.5773502691896257,4,NA,NA,NA,1,0,4,221.25,143.43262065048756,4,0.75,4,2179.166666666667,1278.9879534949441,4,1975.0000000000002,1514.7118048829793,4,2383.3333333333335,1050.7492917314169,19,distractor
150_150_pomper_saffran_2016_43,150,pomper_saffran_2016,43,0.8946667609351433,0.08127853870940593,4,0.7547169811320755,0.013341637380878252,2,1.5,0.5773502691896257,4,NA,NA,NA,1,0,4,146.25,150.5199322349037,4,1,4,2345.8333333333335,1117.3194609321804,4,2233.3333333333335,1266.3742352494794,4,2458.3333333333335,987.8427675158297,18,distractor
151_151_pomper_saffran_2016_45,151,pomper_saffran_2016,45,0.8085637572180976,0.13627587743710987,3,NA,NA,NA,1.3333333333333333,0.5773502691896257,3,NA,NA,NA,1,0,3,481.6666666666667,242.81337140555777,3,0.6666666666666666,3,2338.888888888889,1104.8294656408057,3,2366.666666666667,1058.8253449512397,3,2366.666666666667,1058.8253449512397,20,distractor
152_152_pomper_saffran_2016_46,152,pomper_saffran_2016,46,0.7706304454973514,0.11393791610747653,4,0.7169811320754718,0.013341637380878252,2,1.25,0.5,4,NA,NA,NA,1,0,4,465,61.237243569579455,4,1.5,4,2262.5,947.7434212868969,4,2250,969.7269566070495,4,2275,925.912962872221,21,distractor
153_153_pomper_saffran_2016_45,153,pomper_saffran_2016,45,0.7065373257233722,0.31446768192605873,3,0.6886792452830188,0.12007473642790435,2,1,0,3,NA,NA,NA,1,0,3,356.6666666666667,104.08329997330664,3,1,3,2088.888888888889,1242.905794827112,3,1966.6666666666667,1452.966314513558,3,2088.888888888889,1242.905794827112,20,distractor
154_154_pomper_saffran_2016_41,154,pomper_saffran_2016,41,0.7175228475228476,0.19366974761884592,3,0.339622641509434,0.040024912142634754,2,1.6666666666666667,0.5773502691896257,3,NA,NA,NA,1,0,3,340,173.20508075688772,3,2,3,1711.1111111111113,1119.5650610509092,3,1488.8888888888891,1285.0997943667574,3,1966.666666666667,1053.565375285274,16,distractor
155_155_pomper_saffran_2016_44,155,pomper_saffran_2016,44,0.7080033936651584,0.473218773262845,4,-0.08490566037735847,0.026683274761756495,2,1.3333333333333333,0.5773502691896257,3,NA,NA,NA,0.75,0.5,4,206.66666666666666,104.08329997330664,3,0,4,2594.444444444445,1229.3102552666287,3,2466.666666666667,1449.52099367726,3,2722.2222222222226,1009.5837059200487,19,distractor
156_156_pomper_saffran_2016_46,156,pomper_saffran_2016,46,0.5913994312052565,0.4311544016922725,4,NA,NA,NA,1.3333333333333333,0.5773502691896257,3,NA,NA,NA,0.75,0.5,4,323.3333333333333,76.37626158259734,3,0.75,4,2116.666666666667,1257.3119475028197,3,1708.3333333333335,1340.0870618483464,4,2200,1115.0485789118488,21,distractor
157_157_pomper_saffran_2016_46,157,pomper_saffran_2016,46,0.8629787605206709,0.15394747949918888,4,NA,NA,NA,1.25,0.5,4,NA,NA,NA,1,0,4,315,485.1975542669879,4,0.75,4,2583.3333333333335,1090.1919640680346,4,2775.0000000000005,803.4070966595721,4,2775.0000000000005,803.4070966595721,21,distractor
158_158_pomper_saffran_2016_47,158,pomper_saffran_2016,47,0.6435147309540513,0.23522156771308764,4,0.5,0.026683274761756505,2,1.5,0.5773502691896257,4,NA,NA,NA,0.75,0.5,4,506.6666666666667,202.07259421636903,3,1.25,4,1579.1666666666667,1066.4387777395696,4,1516.6666666666667,1116.3764133554132,4,1641.6666666666667,1021.391570721406,22,distractor
159_159_pomper_saffran_2016_47,159,pomper_saffran_2016,47,0.4393203883495146,0.5080416565780312,4,NA,NA,NA,1,0,2,NA,NA,NA,0.5,0.5773502691896257,4,402.5,123.74368670764582,2,0.25,4,3016.666666666667,164.9915822768612,2,3016.666666666667,164.9915822768612,2,3016.666666666667,164.9915822768612,22,distractor
160_160_pomper_saffran_2016_43,160,pomper_saffran_2016,43,0.6680263157894737,0.2811181259518653,4,NA,NA,NA,1.5,1,4,NA,NA,NA,1,0,4,271.25,195.1228245661349,4,1.25,4,1800.0000000000002,1165.8727457399712,4,1716.6666666666667,1274.3916486206563,4,1950.0000000000002,1011.233203861796,18,distractor
161_161_pomper_saffran_2016_44,161,pomper_saffran_2016,44,0.7496591576883642,0.1918740082418123,5,0.3726415094339623,0.05021609881343179,4,1.2,0.44721359549995793,5,NA,NA,NA,1,0,5,335,161.43884290962941,5,1.4,5,2200,861.8455649231931,5,2366.666666666667,721.4953607304456,5,2366.666666666667,721.4953607304456,19,distractor
162_162_pomper_saffran_2016_45,162,pomper_saffran_2016,45,0.5503542510121457,0.003220628051963021,2,NA,NA,NA,1,0,2,NA,NA,NA,0.5,0.7071067811865476,2,1240,NA,1,1,2,1650,353.55339059327395,2,1650,353.55339059327395,2,1650,353.55339059327395,20,distractor
163_163_pomper_saffran_2016_46,163,pomper_saffran_2016,46,0.8592233009708738,0.19908831703310562,2,NA,NA,NA,1,0,2,NA,NA,NA,1,0,2,452.5,512.652416360247,2,0.5,2,2950,683.5365551469959,2,2950,683.5365551469959,2,2950,683.5365551469959,21,distractor
164_164_pomper_saffran_2016_45,164,pomper_saffran_2016,45,0.5644297812903023,0.3079777786224433,6,-0.24056603773584903,0.02001245607131734,2,1.5,0.5477225575051661,6,NA,NA,NA,0.6666666666666666,0.5163977794943222,6,440,331.03373443402006,4,1.5,6,1380.5555555555557,1072.4021150185672,6,1494.4444444444446,1051.0136200971087,6,1511.111111111111,1042.3619901543411,20,distractor
165_165_pomper_saffran_2016_46,165,pomper_saffran_2016,46,0.8970588235294118,NA,1,NA,NA,NA,1,NA,1,NA,NA,NA,1,NA,1,215,NA,1,0,1,2033.3333333333335,NA,1,2033.3333333333335,NA,1,2033.3333333333335,NA,21,distractor
166_166_pomper_saffran_2016_47,166,pomper_saffran_2016,47,0.884605426935524,0.14085067370849863,5,0.7075471698113207,0,2,1,0,5,NA,NA,NA,1,0,5,370,361.5936946352909,5,0.4,5,3060,482.1249261803879,5,3060,482.1249261803879,5,3060,482.1249261803879,22,distractor
167_167_pomper_saffran_2016_46,167,pomper_saffran_2016,46,0.9346047156726769,0.06015789187534917,4,NA,NA,NA,1,0,4,NA,NA,NA,1,0,4,227.5,192.0286436967152,4,0.5,4,3250,256.03819159562033,4,3250,256.03819159562033,4,3250,256.03819159562033,21,distractor
439_769_swingley_aslin_2002_15,439,swingley_aslin_2002,15,0.4223357035121741,0.3322235362092706,5,-0.12264150943396229,0.006670818690439126,2,1,0,4,NA,NA,NA,0.8,0.44721359549995793,5,515,546.5802777268862,4,0.8,5,1758.3333333333335,1000.5091296527577,4,1758.3333333333335,1000.5091296527577,4,1758.3333333333335,1000.5091296527577,-10,distractor
440_770_swingley_aslin_2002_15,440,swingley_aslin_2002,15,0.449424992434111,0.3587764718686525,5,-0.2193396226415094,0.05670195886873259,2,1.5,0.5773502691896257,4,NA,NA,NA,0.6,0.5477225575051661,5,681.6666666666666,440.4070087241271,3,1,5,1154.1666666666667,385.71122377777414,4,1358.3333333333335,734.0274492798593,4,1416.6666666666667,712.0653320005385,-10,distractor
441_771_swingley_aslin_2002_15,441,swingley_aslin_2002,15,0.6064024114268388,0.20205697094350905,6,0.17688679245283018,0.24797446918580923,4,1,0,6,NA,NA,NA,0.8333333333333334,0.408248290463863,6,620,337.9164097820643,5,1,6,2066.666666666667,724.1853660800145,6,2066.666666666667,724.1853660800145,6,2066.666666666667,724.1853660800145,-10,distractor
442_772_swingley_aslin_2002_15,442,swingley_aslin_2002,15,0.50504569687738,0.11188620894666715,3,NA,NA,NA,1,0,3,NA,NA,NA,1,0,3,1198.3333333333333,101.03629710818451,3,1.3333333333333333,3,1733.3333333333335,384.41875315569314,3,1733.3333333333335,384.41875315569314,3,1733.3333333333335,384.41875315569314,-10,distractor
443_773_swingley_aslin_2002_16,443,swingley_aslin_2002,16,0.32857142857142857,0.268305621025018,4,-0.6603773584905661,0.02668327476175658,2,1,0,3,NA,NA,NA,0.5,0.5773502691896257,4,865,106.06601717798213,2,1,4,1522.2222222222224,673.5753140545634,3,1522.2222222222224,673.5753140545634,3,1522.2222222222224,673.5753140545634,-9,distractor
444_774_swingley_aslin_2002_15,444,swingley_aslin_2002,15,0.18768969126111984,0.15849885126179775,4,-0.3726415094339623,0.04669573083307396,2,1,0,3,NA,NA,NA,0.5,0.5773502691896257,4,1077.5,194.45436482630058,2,1.25,4,822.2222222222223,433.7604732431808,3,822.2222222222223,433.7604732431808,3,822.2222222222223,433.7604732431808,-10,distractor
445_775_swingley_aslin_2002_15,445,swingley_aslin_2002,15,0.13851132686084142,0.18988519737447138,5,-0.6273584905660377,0.020012456071317377,2,1,0,2,NA,NA,NA,0.4,0.5477225575051661,5,1140,70.71067811865476,2,0.8,5,1150,117.85113019775797,2,1150,117.85113019775797,2,1150,117.85113019775797,-10,distractor
446_776_swingley_aslin_2002_14,446,swingley_aslin_2002,14,0.16826923076923078,0.23796862828393428,2,NA,NA,NA,1,NA,1,NA,NA,NA,0.5,0.7071067811865476,2,1340,NA,1,1,2,1166.6666666666667,NA,1,1166.6666666666667,NA,1,1166.6666666666667,NA,-11,distractor
447_777_swingley_aslin_2002_15,447,swingley_aslin_2002,15,0.3203097803721937,0.3408876964019946,5,-0.9528301886792453,0.05336654952351301,2,1,0,3,NA,NA,NA,0.4,0.5477225575051661,5,902.5,265.1650429449553,2,0.6,5,1844.4444444444443,910.6367328739046,3,1844.4444444444443,910.6367328739046,3,1844.4444444444443,910.6367328739046,-10,distractor
448_778_swingley_aslin_2002_15,448,swingley_aslin_2002,15,0.4233959093663252,0.30537414122349976,6,-0.0695754716981132,0.34438000538597996,4,1.1666666666666667,0.408248290463863,6,NA,NA,NA,0.8333333333333334,0.408248290463863,6,815,647.5916923494309,5,1.5,6,1288.8888888888891,1168.221186565601,6,1316.6666666666667,1152.340613225486,6,1316.6666666666667,1152.340613225486,-10,distractor
449_779_swingley_aslin_2002_14,449,swingley_aslin_2002,14,0.4273459383753501,0.2792802491691179,5,-0.2476415094339623,0.15717766332209956,4,1.25,0.5,4,NA,NA,NA,0.8,0.44721359549995793,5,815,485.1975542669879,4,1,5,1283.3333333333335,544.6711546122731,4,1093.3333333333335,634.8228099241552,5,1283.3333333333335,544.6711546122731,-11,distractor
450_780_swingley_aslin_2002_14,450,swingley_aslin_2002,14,0.6614135067768706,0.20561868447951095,8,0.3608490566037736,0.18600702031255054,4,1.125,0.3535533905932738,8,NA,NA,NA,1,0,8,661.875,497.9309870425247,8,1,8,2095.8333333333335,891.8391021518311,8,2158.3333333333335,815.6699456995216,8,2158.3333333333335,815.6699456995216,-11,distractor
451_781_swingley_aslin_2002_15,451,swingley_aslin_2002,15,0.19951923076923078,0.39903846153846156,4,-0.9386792452830188,0.08672064297570864,2,1,NA,1,NA,NA,NA,0.25,0.5,4,590,NA,1,0.25,4,2766.666666666667,NA,1,2766.666666666667,NA,1,2766.666666666667,NA,-10,distractor
452_782_swingley_aslin_2002_15,452,swingley_aslin_2002,15,0.6920629984186312,0.1237680408553296,5,0.36556603773584906,0.150031640980695,4,1,0,5,NA,NA,NA,1,0,5,565,244.94897427831782,5,1.4,5,2360,438.0512400266535,5,2360,438.0512400266535,5,2360,438.0512400266535,-10,distractor
453_783_swingley_aslin_2002_15,453,swingley_aslin_2002,15,0,NA,1,NA,NA,NA,NA,NA,NA,NA,NA,NA,0,NA,1,NA,NA,NA,0,1,NA,NA,NA,NA,NA,NA,NA,NA,-10,distractor
454_784_swingley_aslin_2002_15,454,swingley_aslin_2002,15,0.38874736374736374,0.2613010864270081,5,-0.10495283018867925,0.258140716057766,4,1.25,0.5,4,NA,NA,NA,0.8,0.44721359549995793,5,602.5,532.8774092916055,4,1.2,5,1375.0000000000002,380.42374035044423,4,1500.0000000000002,355.9026084010437,4,1500.0000000000002,355.9026084010437,-10,distractor
455_785_swingley_aslin_2002_14,455,swingley_aslin_2002,14,0.48997164288426426,0.2028101555150889,6,0.2547169811320755,0.02001245607131742,2,1.1666666666666667,0.408248290463863,6,NA,NA,NA,1,0,6,790,523.2112384114088,6,1.3333333333333333,6,1547.2222222222222,799.6121745131384,6,1577.7777777777778,765.844970290018,6,1577.7777777777778,765.844970290018,-11,distractor
456_786_swingley_aslin_2002_15,456,swingley_aslin_2002,15,0.37373421025159204,0.3767909601201396,5,-0.6839622641509434,0.020012456071317457,2,1,0,4,NA,NA,NA,0.8,0.44721359549995793,5,377.5,292.61749776799064,4,1.2,5,1516.6666666666667,1372.88557965142,4,1491.6666666666667,1399.8346463197136,4,1516.6666666666667,1372.88557965142,-10,distractor
457_787_swingley_aslin_2002_14,457,swingley_aslin_2002,14,0.35500142792093314,0.16971364285281648,7,-0.29952830188679247,0.06948547105026527,4,1.2857142857142858,0.4879500364742666,7,NA,NA,NA,0.8571428571428571,0.3779644730092272,7,823.3333333333334,320.0260406071148,6,2,7,1000.0000000000001,598.4548004220104,7,976.1904761904763,606.9700968027161,7,1042.857142857143,583.9565831509146,-11,distractor
458_788_swingley_aslin_2002_15,458,swingley_aslin_2002,15,0.45182227498767974,0.22419342734908748,4,NA,NA,NA,1.25,0.5,4,NA,NA,NA,0.75,0.5,4,406.6666666666667,158.77132402714707,3,1.5,4,1279.1666666666667,676.5072335437642,4,1183.3333333333335,743.6147947445392,4,1375.0000000000002,660.1767440112787,-10,distractor
459_789_swingley_aslin_2002_15,459,swingley_aslin_2002,15,0.4545515513897867,0.21059213790871867,6,-0.04009433962264149,0.11697732799657777,4,1.1666666666666667,0.408248290463863,6,NA,NA,NA,0.8333333333333334,0.408248290463863,6,580,320.44890388328685,5,1.6666666666666667,6,1427.7777777777778,811.4230754713643,6,1450,789.0218980202992,6,1450,789.0218980202992,-10,distractor
460_790_swingley_aslin_2002_15,460,swingley_aslin_2002,15,0.600305122317701,0.24228456305125684,5,-0.0400943396226415,0.010006228035658768,2,1,0,5,NA,NA,NA,0.6,0.5477225575051661,5,673.3333333333334,578.9717897560582,3,1,5,2013.3333333333335,898.0225188960711,5,2013.3333333333335,898.0225188960711,5,2013.3333333333335,898.0225188960711,-10,distractor
461_791_swingley_aslin_2002_14,461,swingley_aslin_2002,14,0.5961538461538461,0.5194977945861576,3,0.7735849056603774,0,2,1,0,2,NA,NA,NA,0.6666666666666666,0.5773502691896257,3,340,212.13203435596427,2,0.3333333333333333,3,3100,282.8427124746193,2,3100,282.8427124746193,2,3100,282.8427124746193,-11,distractor
462_792_swingley_aslin_2002_14,462,swingley_aslin_2002,14,0.5102610261026103,0.26152445951504133,6,0.014150943396226393,0.2948320747411835,6,1.2,0.44721359549995793,5,NA,NA,NA,0.8333333333333334,0.408248290463863,6,685,370.1351104664349,5,1.5,6,1796.6666666666667,525.5156198122628,5,1840.0000000000002,460.3139025587745,5,1840.0000000000002,460.3139025587745,-11,distractor
463_793_swingley_aslin_2002_15,463,swingley_aslin_2002,15,0.39617872244323576,0.27104059356729077,7,-0.1540880503144654,0.29532471022011597,6,1,0,6,NA,NA,NA,0.5714285714285714,0.5345224838248488,7,752.5,289.0357532670771,4,1.1428571428571428,7,1550.0000000000002,801.8728078691782,6,1550.0000000000002,801.8728078691782,6,1550.0000000000002,801.8728078691782,-10,distractor
464_794_swingley_aslin_2002_15,464,swingley_aslin_2002,15,0.32775260378528787,0.3240886483238358,7,-0.08018867924528303,0.12044476730946889,4,1,0,4,NA,NA,NA,0.42857142857142855,0.5345224838248488,7,573.3333333333334,589.6679856778162,3,0.5714285714285714,7,1766.6666666666667,897.3211159808875,4,1453.3333333333335,1046.316289550047,5,1766.6666666666667,897.3211159808875,-10,distractor
465_795_swingley_aslin_2002_15,465,swingley_aslin_2002,15,0.4303228376663617,0.28159105628885017,6,-0.13443396226415094,0.2384603863955391,4,1,0,5,NA,NA,NA,0.5,0.5477225575051661,6,515,283.94541729001367,3,1,6,1773.3333333333335,746.2498836776384,5,1773.3333333333335,746.2498836776384,5,1773.3333333333335,746.2498836776384,-10,distractor
466_796_swingley_aslin_2002_15,466,swingley_aslin_2002,15,0.47982843137254905,0.419297716735395,4,NA,NA,NA,1,0,3,NA,NA,NA,0.75,0.5,4,356.6666666666667,152.75252316519467,3,0.75,4,2188.888888888889,1159.6615087234788,3,2188.888888888889,1159.6615087234788,3,2188.888888888889,1159.6615087234788,-10,distractor
467_797_swingley_aslin_2002_14,467,swingley_aslin_2002,14,0.20383948881221425,0.1967290236492086,6,-0.7004716981132075,0.016677046726097856,2,1,0,4,NA,NA,NA,0.3333333333333333,0.5163977794943222,6,765,106.06601717798213,2,1,6,991.6666666666667,463.7807591875633,4,991.6666666666667,463.7807591875633,4,991.6666666666667,463.7807591875633,-11,distractor
468_798_swingley_aslin_2002_14,468,swingley_aslin_2002,14,0.4530612244897959,0.22968503706187351,7,-0.037735849056603765,0.10900207554991834,4,1,0,6,NA,NA,NA,0.7142857142857143,0.4879500364742666,7,1020,614.7662157275723,5,0.8571428571428571,7,1838.888888888889,435.3372468770832,6,1838.888888888889,435.3372468770832,6,1838.888888888889,435.3372468770832,-11,distractor
469_799_swingley_aslin_2002_14,469,swingley_aslin_2002,14,0.446973097082184,0.07318376815098475,4,0.018867924528301883,0,2,1,0,4,NA,NA,NA,1,0,4,1021.25,363.07425778574094,4,1.5,4,1433.3333333333335,404.60314346740284,4,1433.3333333333335,404.60314346740284,4,1433.3333333333335,404.60314346740284,-11,distractor
470_800_swingley_aslin_2002_14,470,swingley_aslin_2002,14,0.46211835413777164,0.4309027453033741,5,0.14150943396226418,0.5941149620314637,4,1.3333333333333333,0.5773502691896257,3,NA,NA,NA,0.6,0.5477225575051661,5,415,195.25624189766637,3,0.6,5,2150,691.8172526839087,3,2177.777777777778,650.0712211693366,3,2177.777777777778,650.0712211693366,-11,distractor
471_801_swingley_aslin_2002_14,471,swingley_aslin_2002,14,0.4501246850606198,0.15109969996545478,5,-0.24056603773584903,0.02001245607131742,2,1,0,5,NA,NA,NA,0.8,0.44721359549995793,5,802.5,505.5937104039171,4,1.2,5,1440,590.8562524938795,5,1440,590.8562524938795,5,1440,590.8562524938795,-11,distractor
472_802_swingley_aslin_2002_15,472,swingley_aslin_2002,15,0.41430414946167615,0.20924956131104158,8,-0.06957547169811319,0.0913337969531732,4,1,0,7,NA,NA,NA,0.75,0.4629100498862757,8,940,429.8255460067491,6,1.25,8,1633.3333333333335,473.36463120312874,7,1633.3333333333335,473.36463120312874,7,1633.3333333333335,473.36463120312874,-10,distractor
473_803_swingley_aslin_2002_15,473,swingley_aslin_2002,15,0.5182920425988037,0.3103175582280586,5,-0.4009433962264151,0.020012456071317377,2,1.25,0.5,4,NA,NA,NA,0.8,0.44721359549995793,5,627.5,378.86893072231015,4,1.2,5,1962.5,773.205808450908,4,1966.6666666666667,766.4250827102459,4,1966.6666666666667,766.4250827102459,-10,distractor
474_804_swingley_aslin_2002_14,474,swingley_aslin_2002,14,0.14272247360482654,0.2640132038961282,5,-0.5931603773584906,0.36680152352451134,4,1,NA,1,NA,NA,NA,0.2,0.44721359549995793,5,1115,NA,1,0.2,5,2066.666666666667,NA,1,1216.6666666666667,1202.081528017131,2,2066.666666666667,NA,-11,distractor
475_805_swingley_aslin_2002_15,475,swingley_aslin_2002,15,0.2832115735845429,0.21277902599735649,4,-0.2641509433962264,0.2801743849984434,2,1.3333333333333333,0.5773502691896257,3,NA,NA,NA,0.5,0.5773502691896257,4,877.5,371.23106012293744,2,1.5,4,911.1111111111112,76.98003589195012,3,788.8888888888889,258.91511550513434,3,1033.3333333333335,185.59214542766745,-10,distractor
476_806_swingley_aslin_2002_15,476,swingley_aslin_2002,15,0.4353320907786927,0.24030779378417905,5,0.09905660377358488,0.006670818690439126,2,1,0,5,NA,NA,NA,1,0,5,620,378.07076057267375,5,1.6,5,1453.3333333333335,880.2146202931294,5,1453.3333333333335,880.2146202931294,5,1453.3333333333335,880.2146202931294,-10,distractor
477_807_swingley_aslin_2002_15,477,swingley_aslin_2002,15,0.3463178181577508,0.3780091415395535,5,-0.16509433962264147,0.6786554042423659,4,1.3333333333333333,0.5773502691896257,3,NA,NA,NA,0.6,0.5477225575051661,5,540,427.20018726587654,3,1,5,1400,1183.6853936376472,3,1322.2222222222224,1258.011364254152,3,1477.7777777777778,1120.6810098890435,-10,distractor
478_808_swingley_aslin_2002_15,478,swingley_aslin_2002,15,0.32615291262135926,0.2727666098060379,4,-0.14622641509433965,0.006670818690439047,2,1,0,3,NA,NA,NA,0.25,0.5,4,1040,NA,1,0.75,4,1500.0000000000002,702.3769168568493,3,1500.0000000000002,702.3769168568493,3,1500.0000000000002,702.3769168568493,-10,distractor
479_809_swingley_aslin_2002_14,479,swingley_aslin_2002,14,0.4941088920428308,0.12657956440245102,4,-0.009433962264150927,0.14756437995786245,4,1.25,0.5,4,NA,NA,NA,1,0,4,646.25,551.6547078260701,4,1.5,4,1483.3333333333335,685.5654600401044,4,1475,698.8747569671737,4,1491.6666666666667,672.4058518704531,-11,distractor
480_810_swingley_aslin_2002_14,480,swingley_aslin_2002,14,0.4533224180761414,0.1748271999163946,4,NA,NA,NA,1.25,0.5,4,NA,NA,NA,1,0,4,452.5,280.2528620133373,4,2,4,1245.8333333333335,564.2719005743401,4,875,494.69406932186104,4,1266.6666666666667,540.9182864283595,-11,distractor
481_811_swingley_aslin_2002_14,481,swingley_aslin_2002,14,0.36694466248037677,0.0734934413921852,4,-0.3490566037735849,0.026683274761756505,2,1.5,0.5773502691896257,4,NA,NA,NA,0.75,0.5,4,798.3333333333334,444.64405239847,3,2,4,883.3333333333334,275.54659483638324,4,991.6666666666667,191.24349420065005,4,991.6666666666667,191.24349420065005,-11,distractor
482_812_swingley_aslin_2002_15,482,swingley_aslin_2002,15,0.3548865090590692,0.308136125009898,3,NA,NA,NA,2,0,2,NA,NA,NA,0.6666666666666666,0.5773502691896257,3,365,176.7766952966369,2,1.6666666666666667,3,883.3333333333334,70.71067811865476,2,1050,353.5533905932738,2,1083.3333333333335,306.41293851417055,-10,distractor
483_813_swingley_aslin_2002_14,483,swingley_aslin_2002,14,0.45374768839574664,0.3709895337450346,4,-0.13207547169811318,0.013341637380878232,2,1,0,3,NA,NA,NA,0.75,0.5,4,531.6666666666666,526.9803917920792,3,0.75,4,2100,917.1210994798404,3,2100,917.1210994798404,3,2100,917.1210994798404,-11,distractor
484_814_swingley_aslin_2002_14,484,swingley_aslin_2002,14,0.31384927549976094,0.2273918971377996,9,-0.3805031446540881,0.20691728316959182,6,1,0,7,NA,NA,NA,0.6666666666666666,0.5,9,635.8333333333334,284.7879327967859,6,1.3333333333333333,9,1400,560.7534613753575,7,1400,560.7534613753575,7,1400,560.7534613753575,-11,distractor
485_815_swingley_aslin_2002_14,485,swingley_aslin_2002,14,0.12247284878863826,0.2039369382136444,3,NA,NA,NA,1,NA,1,NA,NA,NA,0.3333333333333333,0.5773502691896257,3,590,NA,1,0.6666666666666666,3,933.3333333333334,NA,1,933.3333333333334,NA,1,933.3333333333334,NA,-11,distractor
486_816_swingley_aslin_2002_15,486,swingley_aslin_2002,15,0.4717821782178218,0.04986211750106518,6,-0.03183962264150944,0.01558508459245206,4,1.3333333333333333,0.5163977794943222,6,NA,NA,NA,1,0,6,565,390.83244491725605,6,2,6,1227.7777777777778,373.22419039539267,6,1350,215.76736443576348,6,1350,215.76736443576348,-10,distractor
487_817_swingley_aslin_2002_14,487,swingley_aslin_2002,14,0.4749956487449349,0.3141998386917725,5,0.49528301886792453,0.060037368213952134,2,1.4,0.5477225575051661,5,NA,NA,NA,1,0,5,550,310.5438777371082,5,2,5,1310,1220.1775827039824,5,1313.3333333333335,1215.7759296478573,5,1340,1200.3240303258858,-11,distractor
488_818_swingley_aslin_2002_14,488,swingley_aslin_2002,14,0.3450161087537325,0.2736970777316821,3,0,0.026683274761756505,2,1,0,2,NA,NA,NA,1,0,3,656.6666666666666,505.18148554092255,3,1,3,1566.6666666666667,565.685424949238,2,1566.6666666666667,565.685424949238,2,1566.6666666666667,565.685424949238,-11,distractor
969_1299_potter_remix_23,969,potter_remix,23,0.8787341500107457,0.09303346824152867,3,NA,NA,NA,1,0,3,NA,NA,NA,1,0,3,365,198.4313483298443,3,0.3333333333333333,3,2600.0000000000005,351.1884584284246,3,2600.0000000000005,351.1884584284246,3,2600.0000000000005,351.1884584284246,-2,distractor
970_1300_potter_remix_20,970,potter_remix,20,0.29563492063492064,0.2564594460492263,3,NA,NA,NA,1,0,2,NA,NA,NA,0.3333333333333333,0.5773502691896257,3,1440,NA,1,0.6666666666666666,3,1433.3333333333335,47.14045207910322,2,1433.3333333333335,47.14045207910322,2,1433.3333333333335,47.14045207910322,-5,distractor
971_1301_potter_remix_22,971,potter_remix,22,0.06443298969072164,0.12886597938144329,4,-0.679245283018868,1.1102230246251565e-16,2,1,NA,1,NA,NA,NA,0,0,4,NA,NA,NA,0.25,4,833.3333333333334,NA,1,833.3333333333334,NA,1,833.3333333333334,NA,-3,distractor
972_1302_potter_remix_28,972,potter_remix,28,0.5282415996701711,0.4313283634431032,4,NA,NA,NA,1,0,3,NA,NA,NA,0.75,0.5,4,415,100,3,0.75,4,2311.1111111111113,1007.9315085490314,3,2311.1111111111113,1007.9315085490314,3,2311.1111111111113,1007.9315085490314,3,distractor
973_1303_potter_remix_25,973,potter_remix,25,0.5222323049001815,0.48140002496703377,3,-0.2688679245283019,0.006670818690439165,2,1,0,2,NA,NA,NA,0.6666666666666666,0.5773502691896257,3,477.5,477.29707730091957,2,0.3333333333333333,3,1700,188.56180831641274,2,1700,188.56180831641274,2,1700,188.56180831641274,0,distractor
974_1304_potter_remix_27,974,potter_remix,27,0.5879043600562588,0.0457481180514503,2,NA,NA,NA,1,0,2,NA,NA,NA,1,0,2,752.5,335.87572106361006,2,1,2,1566.6666666666667,94.28090415820644,2,1566.6666666666667,94.28090415820644,2,1566.6666666666667,94.28090415820644,2,distractor
975_1305_potter_remix_19,975,potter_remix,19,0,NA,1,NA,NA,NA,NA,NA,NA,NA,NA,NA,0,NA,1,NA,NA,NA,0,1,NA,NA,NA,NA,NA,NA,NA,NA,-6,distractor
976_1306_potter_remix_29,976,potter_remix,29,0.6190476190476191,0.26937401188058957,2,NA,NA,NA,1,0,2,NA,NA,NA,0.5,0.7071067811865476,2,540,NA,1,1,2,2166.666666666667,942.8090415820635,2,2166.666666666667,942.8090415820635,2,2166.666666666667,942.8090415820635,4,distractor
977_1307_potter_remix_25,977,potter_remix,25,0.10797817047817049,0.05751674181688914,2,NA,NA,NA,NA,NA,NA,NA,NA,NA,0,0,2,NA,NA,NA,0,2,NA,NA,NA,300,94.28090415820634,2,NA,NA,0,distractor
978_1308_potter_remix_25,978,potter_remix,25,0.4567307692307692,0.6459148481992502,2,-0.09433962264150941,0.013341637380878242,2,1,NA,1,NA,NA,NA,0.5,0.7071067811865476,2,40,NA,1,0,2,3166.666666666667,NA,1,3166.666666666667,NA,1,3166.666666666667,NA,0,distractor
979_1309_potter_remix_18,979,potter_remix,18,0.22934674419822934,0.23016302707402705,3,NA,NA,NA,1,0,2,NA,NA,NA,0.3333333333333333,0.5773502691896257,3,540,NA,1,1,3,866.6666666666667,141.4213562373095,2,866.6666666666667,141.4213562373095,2,866.6666666666667,141.4213562373095,-7,distractor
980_1310_potter_remix_21,980,potter_remix,21,0.43537111408597357,0.3804288726476652,3,-0.31603773584905664,0.2334786541653695,2,1,0,2,NA,NA,NA,0.6666666666666666,0.5773502691896257,3,1115,35.35533905932738,2,0.6666666666666666,3,1466.6666666666667,282.842712474619,2,1466.6666666666667,282.842712474619,2,1466.6666666666667,282.842712474619,-4,distractor
981_1311_potter_remix_23,981,potter_remix,23,0.5368256578947368,0.19454000260567764,4,0.17924528301886794,0.09339146166614777,2,1.25,0.5,4,NA,NA,NA,0.75,0.5,4,490,163.93596310755,3,1.75,4,1320.8333333333335,694.0721224131619,4,1383.3333333333335,647.2162612982534,4,1383.3333333333335,647.2162612982534,-2,distractor
982_1312_potter_remix_28,982,potter_remix,28,0.42696629213483145,0.6038215210132316,2,0.03773584905660375,0.2268078354749303,2,1,NA,1,NA,NA,NA,0.5,0.7071067811865476,2,440,NA,1,0.5,2,2533.3333333333335,NA,1,2533.3333333333335,NA,1,2533.3333333333335,NA,3,distractor
983_1313_potter_remix_21,983,potter_remix,21,0.6223381942902262,0.15561542225472802,3,0.1462264150943396,0.07337900559483039,2,1,0,3,NA,NA,NA,1,0,3,815,360.5551275463989,3,1,3,1555.5555555555557,535.7583756107198,3,1555.5555555555557,535.7583756107198,3,1555.5555555555557,535.7583756107198,-4,distractor
984_1314_potter_remix_26,984,potter_remix,26,0.3942307692307692,NA,1,NA,NA,NA,1,NA,1,NA,NA,NA,0,NA,1,NA,NA,NA,1,1,1366.6666666666667,NA,1,1366.6666666666667,NA,1,1366.6666666666667,NA,1,distractor
985_1315_potter_remix_19,985,potter_remix,19,0.4773890429958391,0.29644195371709353,4,-0.15094339622641512,0.013341637380878194,2,1,0,3,NA,NA,NA,0.75,0.5,4,890,163.93596310755,3,0.75,4,2077.777777777778,686.6450913546834,3,1641.6666666666667,1036.8667188180902,4,2077.777777777778,686.6450913546834,-6,distractor
986_1316_potter_remix_18,986,potter_remix,18,0.5386120357233802,0.3809252707520696,4,-0.33018867924528306,0.08004982428526955,2,1,0,3,NA,NA,NA,0.75,0.5,4,765,352.6683994916471,3,0.5,4,2311.1111111111113,625.6848100133817,3,2311.1111111111113,625.6848100133817,3,2311.1111111111113,625.6848100133817,-7,distractor
987_1317_potter_remix_20,987,potter_remix,20,0.6111111111111112,NA,1,NA,NA,NA,1,NA,1,NA,NA,NA,1,NA,1,1015,NA,1,1,1,1833.3333333333335,NA,1,1833.3333333333335,NA,1,1833.3333333333335,NA,-5,distractor
988_1318_potter_remix_19,988,potter_remix,19,0.5475849477023812,0.13505635542874225,5,0.21226415094339626,0.12674555511834346,2,1,0,5,NA,NA,NA,0.8,0.44721359549995793,5,865,365.7184709581948,4,1.4,5,1486.6666666666667,230.4584802325814,5,1486.6666666666667,230.4584802325814,5,1486.6666666666667,230.4584802325814,-6,distractor
989_1319_potter_remix_20,989,potter_remix,20,0.5,NA,1,NA,NA,NA,1,NA,1,NA,NA,NA,1,NA,1,1390,NA,1,1,1,1700.0000000000002,NA,1,1700.0000000000002,NA,1,1700.0000000000002,NA,-5,distractor
990_1320_potter_remix_18,990,potter_remix,18,0.19295270397588093,0.26472744261320696,5,-0.4056603773584906,0.13341637380878255,2,1,0,2,NA,NA,NA,0.4,0.5477225575051661,5,1065,176.7766952966369,2,0.4,5,1200,377.12361663282536,2,1200,377.12361663282536,2,1200,377.12361663282536,-7,distractor
991_1321_potter_remix_26,991,potter_remix,26,0.6625806451612903,0.024634687860692672,2,NA,NA,NA,1,0,2,NA,NA,NA,1,0,2,615,424.26406871192853,2,1,2,2133.3333333333335,188.56180831641274,2,2133.3333333333335,188.56180831641274,2,2133.3333333333335,188.56180831641274,1,distractor
992_1322_potter_remix_23,992,potter_remix,23,0.6280725865439503,0.2578274317218548,4,NA,NA,NA,1,0,4,NA,NA,NA,1,0,4,365,238.04761428476166,4,1,4,1858.3333333333335,850.8710134218238,4,1858.3333333333335,850.8710134218238,4,1858.3333333333335,850.8710134218238,-2,distractor
993_1323_potter_remix_20,993,potter_remix,20,0.6218805704099821,0.253176206098731,3,0.4716981132075472,0.0933914616661478,2,1,0,3,NA,NA,NA,0.6666666666666666,0.5773502691896257,3,677.5,194.45436482630058,2,1,3,1944.4444444444448,819.439736332991,3,1944.4444444444448,819.439736332991,3,1944.4444444444448,819.439736332991,-5,distractor
994_1324_potter_remix_22,994,potter_remix,22,0.3933333333333333,0.5562573345334174,2,NA,NA,NA,1,NA,1,NA,NA,NA,0.5,0.7071067811865476,2,515,NA,1,0.5,2,1966.6666666666667,NA,1,1966.6666666666667,NA,1,1966.6666666666667,NA,-3,distractor
995_1325_potter_remix_28,995,potter_remix,28,0.2346853146853147,0.336375121563655,5,-0.30424528301886794,0.5419056578590951,4,1,0,2,NA,NA,NA,0.4,0.5477225575051661,5,565,212.13203435596427,2,0.4,5,1550,824.9579113843055,2,1550,824.9579113843055,2,1550,824.9579113843055,3,distractor
996_1326_potter_remix_25,996,potter_remix,25,0.5220856593688499,0.2734613632499293,3,NA,NA,NA,1,0,3,NA,NA,NA,1,0,3,898.3333333333334,166.45820296198482,3,1,3,1444.4444444444446,914.2898478742537,3,1444.4444444444446,914.2898478742537,3,1444.4444444444446,914.2898478742537,0,distractor
997_1327_potter_remix_27,997,potter_remix,27,0.45161290322580644,0.6386770926846236,2,NA,NA,NA,1,NA,1,NA,NA,NA,0.5,0.7071067811865476,2,315,NA,1,0,2,2800,NA,1,2800,NA,1,2800,NA,2,distractor
998_1328_potter_remix_19,998,potter_remix,19,0.23837209302325582,0.3371090468447494,2,NA,NA,NA,1,NA,1,NA,NA,NA,0.5,0.7071067811865476,2,1290,NA,1,0.5,2,1366.6666666666667,NA,1,1366.6666666666667,NA,1,1366.6666666666667,NA,-6,distractor
999_1329_potter_remix_29,999,potter_remix,29,0.865546218487395,0.07922765055311452,2,NA,NA,NA,1,0,2,NA,NA,NA,1,0,2,365,247.48737341529164,2,0.5,2,2983.3333333333335,212.13203435596427,2,2983.3333333333335,212.13203435596427,2,2983.3333333333335,212.13203435596427,4,distractor
1000_1330_potter_remix_25,1000,potter_remix,25,0.4145770929427691,0.3366649643596446,4,-0.2924528301886793,0.026683274761756543,2,1,0,3,NA,NA,NA,0.75,0.5,4,956.6666666666666,144.33756729740642,3,1,4,1833.3333333333335,793.7253933193773,3,1833.3333333333335,793.7253933193773,3,1833.3333333333335,793.7253933193773,0,distractor
1001_1331_potter_remix_25,1001,potter_remix,25,0.24175824175824176,0.341897784309979,2,NA,NA,NA,2,NA,1,NA,NA,NA,0.5,0.7071067811865476,2,690,NA,1,1.5,2,733.3333333333334,NA,1,800,NA,1,800,NA,0,distractor
1003_1333_potter_remix_23,1003,potter_remix,23,0.8247272633462914,0.225093297940931,4,0.32075471698113206,0.013341637380878173,2,1,0,4,NA,NA,NA,1,0,4,258.75,51.53882032022076,4,0.25,4,2316.666666666667,664.7193782731566,4,2316.666666666667,664.7193782731566,4,2316.666666666667,664.7193782731566,-2,distractor
1004_1334_potter_remix_21,1004,potter_remix,21,0.34923101442346005,0.34831822329395135,3,NA,NA,NA,1,0,2,NA,NA,NA,0.3333333333333333,0.5773502691896257,3,390,NA,1,0.6666666666666666,3,1583.3333333333335,683.5365551469962,2,1583.3333333333335,683.5365551469962,2,1583.3333333333335,683.5365551469962,-4,distractor
1005_1335_potter_remix_26,1005,potter_remix,26,0.4533333333333333,NA,1,NA,NA,NA,1,NA,1,NA,NA,NA,1,NA,1,590,NA,1,2,1,1133.3333333333335,NA,1,1133.3333333333335,NA,1,1133.3333333333335,NA,1,distractor
1006_1336_potter_remix_19,1006,potter_remix,19,0.04587301587301587,0.04502539805647045,3,-0.8349056603773586,0.03335409345219563,2,NA,NA,NA,NA,NA,NA,0,0,3,NA,NA,NA,0,3,NA,NA,NA,300,NA,1,NA,NA,-6,distractor
1007_1337_potter_remix_18,1007,potter_remix,18,0.25958853238265006,0.4113772370069402,4,-0.1273584905660377,0.06003736821395213,2,1,0,2,NA,NA,NA,0.25,0.5,4,340,NA,1,0.25,4,1216.6666666666667,1060.6601717798212,2,1216.6666666666667,1060.6601717798212,2,1216.6666666666667,1060.6601717798212,-7,distractor
1008_1338_potter_remix_20,1008,potter_remix,20,0.2807017543859649,NA,1,NA,NA,NA,1,NA,1,NA,NA,NA,1,NA,1,1140,NA,1,1,1,533.3333333333334,NA,1,533.3333333333334,NA,1,533.3333333333334,NA,-5,distractor
1009_1339_potter_remix_19,1009,potter_remix,19,0.8421052631578947,NA,1,NA,NA,NA,1,NA,1,NA,NA,NA,1,NA,1,440,NA,1,1,1,2666.666666666667,NA,1,2666.666666666667,NA,1,2666.666666666667,NA,-6,distractor
1011_1341_potter_remix_18,1011,potter_remix,18,0.5924137589818537,0.1988152115462631,4,-0.042452830188679236,0.046695730833073885,2,1,0,4,NA,NA,NA,0.75,0.5,4,848.3333333333334,310.5774192264037,3,1,4,1675.0000000000002,526.6068883093108,4,1675.0000000000002,526.6068883093108,4,1675.0000000000002,526.6068883093108,-7,distractor
1413_1803_garrison_bergelson_2020_17,1413,garrison_bergelson_2020,17,0.5095321928380981,0.2803981800038651,7,NA,NA,NA,1.1666666666666667,0.408248290463863,6,NA,NA,NA,0.8571428571428571,0.3779644730092272,7,556.6666666666666,515.9134294304295,6,1,7,112.5,62.551578717087544,6,NA,NA,NA,115,59.3397000329459,-8,distractor
1414_1804_garrison_bergelson_2020_16,1414,garrison_bergelson_2020,16,0.6212938005390836,0.22644316986757973,7,NA,NA,NA,1.1428571428571428,0.3779644730092272,7,NA,NA,NA,1,0,7,432.85714285714283,227.17205562556072,7,1.5714285714285714,7,126,56.768535886234254,7,NA,NA,NA,126.28571428571429,56.266373278404586,-9,distractor
1415_1805_garrison_bergelson_2020_15,1415,garrison_bergelson_2020,15,0.6711590296495957,0.20814868319437038,7,NA,NA,NA,1,0,7,NA,NA,NA,1,0,7,372.14285714285717,169.99649856338078,7,1.1428571428571428,7,138.57142857142858,48.83597425005854,7,NA,NA,NA,138.57142857142858,48.83597425005854,-10,distractor
1416_1806_garrison_bergelson_2020_15,1416,garrison_bergelson_2020,15,0.27712264150943394,0.35488818128745164,8,NA,NA,NA,1,0,4,NA,NA,NA,0.375,0.5175491695067657,8,531.6666666666666,401.8187817080398,3,0.625,8,117.5,63.27453410864964,4,NA,NA,NA,117.5,63.27453410864964,-10,distractor
1417_1807_garrison_bergelson_2020_17,1417,garrison_bergelson_2020,17,0.7111750948824543,0.3264850522631199,8,NA,NA,NA,1,0,7,NA,NA,NA,0.875,0.3535533905932738,8,379.2857142857143,492.41267052670173,7,0.375,8,149.42857142857142,50.4343042741649,7,205,1.4142135623730951,2,149.42857142857142,50.4343042741649,-8,distractor
1418_1808_garrison_bergelson_2020_17,1418,garrison_bergelson_2020,17,0.5742094073877225,0.2435393231762104,6,NA,NA,NA,1,0,6,NA,NA,NA,0.8333333333333334,0.408248290463863,6,395,216.072904363319,5,1.1666666666666667,6,113,54.18117754349752,6,NA,NA,NA,113,54.18117754349752,-8,distractor
1421_1811_garrison_bergelson_2020_14,1421,garrison_bergelson_2020,14,0.49466814134243614,0.19251537588585677,7,NA,NA,NA,1.1666666666666667,0.408248290463863,6,NA,NA,NA,0.8571428571428571,0.3779644730092272,7,660.8333333333334,295.55738303528585,6,1.5714285714285714,7,90.66666666666667,38.505410875183074,6,NA,NA,NA,92.33333333333333,37.10345895825168,-11,distractor
1422_1812_garrison_bergelson_2020_17,1422,garrison_bergelson_2020,17,0.5687237945492662,0.29800082430719343,8,NA,NA,NA,1.125,0.3535533905932738,8,NA,NA,NA,1,0,8,452.5,295.8039891549808,8,1.25,8,102.25,52.65996039280155,8,NA,NA,NA,103.25,52.426138518872435,-8,distractor
1423_1813_garrison_bergelson_2020_12,1423,garrison_bergelson_2020,12,0.3188046479521399,0.2568548187019404,5,NA,NA,NA,1.3333333333333333,0.5773502691896257,3,NA,NA,NA,0.8,0.44721359549995793,5,471.25,330.64016190817875,4,1,5,75,26.664583251946766,3,NA,NA,NA,77.33333333333333,22.744962812309307,-13,distractor
1424_1814_garrison_bergelson_2020_12,1424,garrison_bergelson_2020,12,0.7148723640399556,0.12368147349296187,4,NA,NA,NA,1,0,4,NA,NA,NA,1,0,4,290,179.11821050170565,4,1.75,4,145.5,36.16167400254953,4,NA,NA,NA,145.5,36.16167400254953,-13,distractor
1425_1815_garrison_bergelson_2020_14,1425,garrison_bergelson_2020,14,0.5177940148805853,0.3113752121650818,6,NA,NA,NA,1,0,5,NA,NA,NA,0.8333333333333334,0.408248290463863,6,340,256.7829823021767,5,1,6,114.8,27.44448942866309,5,NA,NA,NA,114.8,27.44448942866309,-11,distractor
1429_1819_garrison_bergelson_2020_13,1429,garrison_bergelson_2020,13,0,0,6,NA,NA,NA,NA,NA,NA,NA,NA,NA,0,0,6,NA,NA,NA,0,6,NA,NA,NA,NA,NA,NA,NA,NA,-12,distractor
1430_1820_garrison_bergelson_2020_15,1430,garrison_bergelson_2020,15,0.7957587485889372,0.12765695075663389,9,NA,NA,NA,1.4444444444444444,0.5270462766947299,9,NA,NA,NA,1,0,9,176.11111111111111,205.43821726035083,9,1.3333333333333333,9,129.44444444444446,51.69891466730977,9,208,2.8284271247461903,2,136.88888888888889,45.078943101087795,-10,distractor
1431_1821_garrison_bergelson_2020_12,1431,garrison_bergelson_2020,12,0.4200147983721791,0.3302372025268047,9,NA,NA,NA,1,0,7,NA,NA,NA,0.6666666666666666,0.5,9,552.5,300.72828267391145,6,1.1111111111111112,9,113.14285714285714,57.96386394823523,7,NA,NA,NA,113.14285714285714,57.96386394823523,-13,distractor
1432_1822_garrison_bergelson_2020_13,1432,garrison_bergelson_2020,13,0.2574123989218329,0.32226403521505503,7,NA,NA,NA,1,0,4,NA,NA,NA,0.42857142857142855,0.5345224838248488,7,556.6666666666666,177.3649721149397,3,0.8571428571428571,7,95.5,64.21578206848116,4,NA,NA,NA,95.5,64.21578206848116,-12,distractor
1433_1823_garrison_bergelson_2020_14,1433,garrison_bergelson_2020,14,0.3872112451468722,0.33461219887423294,6,NA,NA,NA,1,0,5,NA,NA,NA,0.6666666666666666,0.5163977794943222,6,352.5,388.6407938787006,4,0.6666666666666666,6,77.6,58.624227073796035,5,NA,NA,NA,77.6,58.624227073796035,-11,distractor
1434_1824_garrison_bergelson_2020_15,1434,garrison_bergelson_2020,15,0.7167476181580422,0.30400330689177285,10,NA,NA,NA,1.1,0.31622776601683794,10,NA,NA,NA,1,0,10,285,238.57214143035785,10,0.9,10,141.3,70.62585299386558,10,206.66666666666666,4.163331998932265,3,145,67.91661554190306,-10,distractor
1435_1825_garrison_bergelson_2020_12,1435,garrison_bergelson_2020,12,0.4085366841380587,0.3881466405355921,5,NA,NA,NA,1,0,3,NA,NA,NA,0.6,0.5477225575051661,5,540,336.34060117684277,3,0.6,5,127.33333333333333,38.4360941477322,3,NA,NA,NA,127.33333333333333,38.4360941477322,-13,distractor
1436_1826_garrison_bergelson_2020_12,1436,garrison_bergelson_2020,12,0.32075471698113206,0.2921652741971556,10,NA,NA,NA,1,0,7,NA,NA,NA,0.5,0.5270462766947299,10,710,606.0631155251077,5,0.7,10,96,51.94869263674175,7,NA,NA,NA,96,51.94869263674175,-13,distractor
1437_1827_garrison_bergelson_2020_14,1437,garrison_bergelson_2020,14,0.333101621979477,0.3167713192180235,9,NA,NA,NA,1,0,6,NA,NA,NA,0.5555555555555556,0.5270462766947299,9,745,345.23542691908085,5,0.8888888888888888,9,100,61.67008999506973,6,NA,NA,NA,100,61.67008999506973,-11,distractor
1438_1828_garrison_bergelson_2020_16,1438,garrison_bergelson_2020,16,0.6086302135054618,0.28989323795016925,6,NA,NA,NA,1.5,0.5477225575051661,6,NA,NA,NA,1,0,6,331.6666666666667,247.3189573539939,6,1.8333333333333333,6,95.66666666666667,73.13731377803444,6,212,NA,1,103,70.7643978282865,-9,distractor
1439_1829_garrison_bergelson_2020_15,1439,garrison_bergelson_2020,15,0.5805634530886534,0.2326294223501233,5,NA,NA,NA,1,0,5,NA,NA,NA,1,0,5,1005,454.69770177558627,5,1.2,5,110.4,55.84621741890851,5,NA,NA,NA,110.4,55.84621741890851,-10,distractor
1440_1830_garrison_bergelson_2020_15,1440,garrison_bergelson_2020,15,0.47219720979828794,0.22107055624397817,10,NA,NA,NA,1.2,0.4216370213557839,10,NA,NA,NA,1,0,10,605,406.5778591556057,10,1.8,10,84.6,43.67608041021996,10,NA,NA,NA,84.8,43.51449311564035,-10,distractor
1441_1831_garrison_bergelson_2020_17,1441,garrison_bergelson_2020,17,0.6212797491152378,0.19743712618631,9,NA,NA,NA,1.5555555555555556,0.5270462766947299,9,NA,NA,NA,1,0,9,159.44444444444446,113.72786719963484,9,1.5555555555555556,9,93.44444444444444,55.56777643362903,9,NA,NA,NA,98.66666666666667,51.32250968142536,-8,distractor
1442_1832_garrison_bergelson_2020_18,1442,garrison_bergelson_2020,18,0.6997551152113716,0.2786497220622287,9,NA,NA,NA,1.1111111111111112,0.3333333333333333,9,NA,NA,NA,0.8888888888888888,0.3333333333333333,9,115,135.62026818605375,8,0.6666666666666666,9,126.22222222222223,63.76867918064827,9,212,NA,1,128.66666666666666,61.554853586049575,-7,distractor
1443_1833_garrison_bergelson_2020_17,1443,garrison_bergelson_2020,17,0.7295597484276729,0.06872346354539743,6,NA,NA,NA,1.6666666666666667,0.816496580927726,6,NA,NA,NA,1,0,6,365,231.8404623873926,6,2.1666666666666665,6,114.83333333333333,56.79583318049544,6,NA,NA,NA,124,47.3962023795156,-8,distractor
1444_1834_garrison_bergelson_2020_14,1444,garrison_bergelson_2020,14,0.6118598382749326,0.21280006222645165,7,NA,NA,NA,1.4285714285714286,0.5345224838248488,7,NA,NA,NA,1,0,7,250.71428571428572,219.78073488950625,7,1.4285714285714286,7,98.42857142857143,53.596819379689386,7,204,NA,1,105.42857142857143,53.33809502552918,-11,distractor
1445_1835_garrison_bergelson_2020_13,1445,garrison_bergelson_2020,13,0.43216531895777177,0.3951303312360221,7,NA,NA,NA,1.25,0.5,4,NA,NA,NA,0.5714285714285714,0.5345224838248488,7,302.5,214.57321982639553,4,0.8571428571428571,7,132.25,62.88812818542675,4,204,NA,1,135.5,59.31554040328162,-12,distractor
1446_1836_garrison_bergelson_2020_14,1446,garrison_bergelson_2020,14,0.09898989898989899,0.2213481432272519,5,NA,NA,NA,1,NA,1,NA,NA,NA,0.2,0.44721359549995793,5,640,NA,1,0.4,5,98,NA,1,NA,NA,NA,98,NA,-11,distractor
1447_1837_garrison_bergelson_2020_17,1447,garrison_bergelson_2020,17,0.7291644204851752,0.2956765829769653,10,NA,NA,NA,1,0,9,NA,NA,NA,0.9,0.31622776601683794,10,353.8888888888889,255.90254221306813,9,0.7,10,171.55555555555554,33.0420607374567,9,206,8.48528137423857,2,171.55555555555554,33.0420607374567,-8,distractor
1526_1916_frank_tablet_2016_14,1526,frank_tablet_2016,14,0.1111111111111111,0.2222222222222222,4,NA,NA,NA,1,NA,1,NA,NA,NA,0.25,0.5,4,1415,NA,1,0.25,4,358.33333333333337,NA,1,358.33333333333337,NA,1,358.33333333333337,NA,-11,distractor
1528_1918_frank_tablet_2016_15,1528,frank_tablet_2016,15,0.46501782531194297,0.36836355936144116,2,NA,NA,NA,1,NA,1,NA,NA,NA,1,0,2,527.5,335.87572106361006,2,0.5,2,608.3333333333334,NA,1,608.3333333333334,NA,1,608.3333333333334,NA,-10,distractor
1530_1920_frank_tablet_2016_17,1530,frank_tablet_2016,17,0.4001326801388038,0.5209100368865461,3,NA,NA,NA,1.5,0.7071067811865476,2,NA,NA,NA,0.6666666666666666,0.5773502691896257,3,565,707.1067811865476,2,0.6666666666666666,3,245.83333333333334,170.884138786749,2,508.33333333333337,NA,1,316.6666666666667,271.0575994548432,-8,distractor
1533_1923_frank_tablet_2016_20,1533,frank_tablet_2016,20,0.5386446309355275,0.26120829458778094,3,NA,NA,NA,1.3333333333333333,0.5773502691896257,3,NA,NA,NA,1,0,3,540,217.94494717703367,3,1.3333333333333333,3,287.5,108.57345183996152,3,350,70.71067811865476,2,294.44444444444446,108.44011831079519,-5,distractor
1535_1925_frank_tablet_2016_22,1535,frank_tablet_2016,22,0.45833880196232146,0.3052431571434708,6,NA,NA,NA,1,0,3,NA,NA,NA,0.8333333333333334,0.408248290463863,6,430,236.90715480964266,5,0.6666666666666666,6,291.6666666666667,44.09585518440984,3,291.6666666666667,44.09585518440984,3,291.6666666666667,44.09585518440984,-3,distractor
1536_1926_frank_tablet_2016_22,1536,frank_tablet_2016,22,0.35890197676805935,0.3238503931714877,7,NA,NA,NA,1,0,5,NA,NA,NA,0.7142857142857143,0.4879500364742666,7,625,313.04951684997053,5,1.1428571428571428,7,393.33333333333337,246.8833507729691,5,447.9166666666667,247.80284501998764,4,393.33333333333337,246.8833507729691,-3,distractor
1540_1930_frank_tablet_2016_24,1540,frank_tablet_2016,24,0.34132795467746924,0.33866844539118773,5,NA,NA,NA,1.3333333333333333,0.5773502691896257,3,NA,NA,NA,0.4,0.5477225575051661,5,915,176.7766952966369,2,0.6,5,395.83333333333337,200.30358902869858,3,394.44444444444446,201.7860069296,3,397.22222222222223,198.8392240908142,-1,distractor
1542_1932_frank_tablet_2016_26,1542,frank_tablet_2016,26,0.6981827649791671,0.23640769274358708,10,NA,NA,NA,1.2,0.4216370213557839,10,NA,NA,NA,1,0,10,412.5,298.94490387955364,10,1,10,520.8333333333334,245.93139914703806,10,558.3333333333334,229.22978928641953,10,558.3333333333334,229.22978928641953,1,distractor
1545_1935_frank_tablet_2016_27,1545,frank_tablet_2016,27,0.2820970873786408,0.23602831931390136,5,NA,NA,NA,1,0,2,NA,NA,NA,0.6,0.5477225575051661,5,815,330.7189138830738,3,0.6,5,379.1666666666667,218.02459086585216,2,379.1666666666667,218.02459086585216,2,379.1666666666667,218.02459086585216,2,distractor
1546_1936_frank_tablet_2016_28,1546,frank_tablet_2016,28,0.6138192602812538,0.20595408653881536,6,NA,NA,NA,1,0,6,NA,NA,NA,1,0,6,406.6666666666667,130.06408676751116,6,1.5,6,526.3888888888889,181.00158583303647,6,526.3888888888889,181.00158583303647,6,526.3888888888889,181.00158583303647,3,distractor
1550_1940_frank_tablet_2016_32,1550,frank_tablet_2016,32,0.38215790052398235,0.20242329194918535,7,NA,NA,NA,1.4,0.5477225575051661,5,NA,NA,NA,0.7142857142857143,0.4879500364742666,7,505,431.05974063927613,5,1,7,145,24.00810048481322,5,NA,NA,NA,156.66666666666669,31.402406135694616,7,distractor
1551_1941_frank_tablet_2016_34,1551,frank_tablet_2016,34,0.575318401405358,0.15575674572500184,4,NA,NA,NA,1.5,0.5773502691896257,4,NA,NA,NA,1,0,4,527.5,445.580146176495,4,1.5,4,207.29166666666669,82.80212635934919,4,295.83333333333337,29.462782549439492,2,227.08333333333334,81.47227431145814,9,distractor
1553_1943_frank_tablet_2016_36,1553,frank_tablet_2016,36,0.713195050099812,0.21445840994255108,7,NA,NA,NA,1,0,7,NA,NA,NA,0.8571428571428571,0.3779644730092272,7,610.8333333333334,325.73634532650277,6,0.7142857142857143,7,591.6666666666667,210.21373602791712,7,591.6666666666667,210.21373602791712,7,591.6666666666667,210.21373602791712,11,distractor
1554_1944_frank_tablet_2016_38,1554,frank_tablet_2016,38,0.48829040975549964,0.14206788896775752,4,NA,NA,NA,1,0,4,NA,NA,NA,0.5,0.5773502691896257,4,1227.5,229.80970388562795,2,1,4,389.58333333333337,113.32005641185141,4,389.58333333333337,113.32005641185141,4,389.58333333333337,113.32005641185141,13,distractor
1555_1945_frank_tablet_2016_38,1555,frank_tablet_2016,38,0.5490588526337989,0.12844557267275988,8,NA,NA,NA,1.625,0.5175491695067657,8,NA,NA,NA,1,0,8,474.375,354.2944447369004,8,1.875,8,221.35416666666669,92.05646289702376,8,353.33333333333337,98.53087502571634,5,276.0416666666667,132.3953240314658,13,distractor
1556_1946_frank_tablet_2016_38,1556,frank_tablet_2016,38,0.34566546572625595,0.33436718601525034,3,NA,NA,NA,1,0,2,NA,NA,NA,1,0,3,423.3333333333333,226.84429314693665,3,1,3,270.83333333333337,17.67766952966369,2,270.83333333333337,17.67766952966369,2,270.83333333333337,17.67766952966369,13,distractor
1560_1950_frank_tablet_2016_43,1560,frank_tablet_2016,43,0.7068785825951016,0.10648976537931856,2,NA,NA,NA,1,NA,1,NA,NA,NA,1,0,2,290,70.71067811865476,2,0.5,2,566.6666666666667,NA,1,566.6666666666667,NA,1,566.6666666666667,NA,18,distractor
1561_1951_frank_tablet_2016_44,1561,frank_tablet_2016,44,0.7193831378222081,0.20105376021736526,7,NA,NA,NA,1.1428571428571428,0.3779644730092272,7,NA,NA,NA,1,0,7,797.1428571428571,380.7104886793588,7,0.8571428571428571,7,409.5238095238095,201.12119592359093,7,430.5555555555556,205.11965794158803,6,422.61904761904765,200.21483170828986,19,distractor
1563_1953_frank_tablet_2016_46,1563,frank_tablet_2016,46,0.7132394008631633,0.24940917103235632,4,NA,NA,NA,1.5,1,4,NA,NA,NA,1,0,4,371.25,207.5401567568712,4,1.25,4,472.9166666666667,205.07169026500986,4,533.3333333333334,157.3801719357255,4,533.3333333333334,157.3801719357255,21,distractor
1564_1954_frank_tablet_2016_47,1564,frank_tablet_2016,47,0.6699137113889365,0.15890755553526487,7,NA,NA,NA,1.5714285714285714,0.7867957924694432,7,NA,NA,NA,0.8571428571428571,0.3779644730092272,7,377.5,166.39561292293737,6,1.8571428571428572,7,384.72222222222223,212.58168364706827,7,421.42857142857144,187.9382004696416,7,421.42857142857144,187.9382004696416,22,distractor
1566_1956_frank_tablet_2016_51,1566,frank_tablet_2016,51,0.7582499478840943,0.10933305025068518,3,NA,NA,NA,1.3333333333333333,0.5773502691896257,3,NA,NA,NA,1,0,3,398.3333333333333,80.36375634160795,3,2,3,484.72222222222223,243.82418149453815,3,522.2222222222222,189.35807741282514,3,522.2222222222222,189.35807741282514,26,distractor
1567_1957_frank_tablet_2016_51,1567,frank_tablet_2016,51,0.775,0.31819805153394637,2,NA,NA,NA,1,0,2,NA,NA,NA,1,0,2,477.5,477.29707730091957,2,1,2,258.33333333333337,94.28090415820633,2,325,NA,1,258.33333333333337,94.28090415820633,26,distractor
1568_1958_frank_tablet_2016_53,1568,frank_tablet_2016,53,0.8150549282456335,0.12109898080161767,8,NA,NA,NA,1.125,0.3535533905932738,8,NA,NA,NA,1,0,8,471.25,359.25269657999786,8,0.75,8,631.25,137.49098094518726,8,644.7916666666667,118.26603552470237,8,644.7916666666667,118.26603552470237,28,distractor
1569_1959_frank_tablet_2016_54,1569,frank_tablet_2016,54,0.5205574348597927,0.255964584345277,5,NA,NA,NA,1.2,0.44721359549995793,5,NA,NA,NA,0.8,0.44721359549995793,5,583.75,306.44126680328156,4,1.2,5,376.6666666666667,209.4470232673541,5,395.00000000000006,201.26337084637248,5,395.00000000000006,201.26337084637248,29,distractor
1570_1960_frank_tablet_2016_56,1570,frank_tablet_2016,56,0.7761487690899456,0.1532489785406553,5,NA,NA,NA,1.8,0.8366600265340756,5,NA,NA,NA,1,0,5,355,384.3013140752969,5,1,5,197.5,67.03025850730069,5,272.9166666666667,49.70980602270357,4,241.66666666666669,82.07381501496755,31,distractor
1571_1961_frank_tablet_2016_58,1571,frank_tablet_2016,58,0.850251839552781,0.10450100626766044,7,NA,NA,NA,1.7142857142857142,0.7559289460184544,7,NA,NA,NA,1,0,7,354.2857142857143,190.3161530066171,7,0.5714285714285714,7,388.4920634920635,263.2798946179767,7,506.6666666666667,268.9614801003627,5,445.2380952380953,261.3558461310523,33,distractor
1572_1962_frank_tablet_2016_59,1572,frank_tablet_2016,59,0.8137200533240136,0.0840497657119389,6,NA,NA,NA,1.3333333333333333,0.5163977794943222,6,NA,NA,NA,1,0,6,515,217.3706511928416,6,0.8333333333333334,6,529.8611111111111,169.93496849830092,6,544.4444444444445,154.08030614176732,6,544.4444444444445,154.08030614176732,34,distractor
1573_1963_frank_tablet_2016_60,1573,frank_tablet_2016,60,0.7669764098460767,0.13765692901294307,6,NA,NA,NA,1.5,0.5477225575051661,6,NA,NA,NA,1,0,6,410.8333333333333,299.7568459045876,6,1,6,350,200.46820196729456,6,363.8888888888889,190.5158688831361,6,375,183.1817555204545,35,distractor
1575_1965_frank_tablet_2016_12,1575,frank_tablet_2016,12,0.45926240741767854,0.24449772193361616,6,NA,NA,NA,1,0,5,NA,NA,NA,0.6666666666666666,0.5163977794943222,6,721.25,573.5034873477231,4,0.8333333333333334,6,358.33333333333337,92.60879487872029,5,358.33333333333337,92.60879487872029,5,358.33333333333337,92.60879487872029,-13,distractor
1581_1971_frank_tablet_2016_17,1581,frank_tablet_2016,17,0.4069552349241583,0.42780802899704107,3,NA,NA,NA,1,0,2,NA,NA,NA,0.3333333333333333,0.5773502691896257,3,415,NA,1,0.6666666666666666,3,504.1666666666667,253.37992992517957,2,504.1666666666667,253.37992992517957,2,504.1666666666667,253.37992992517957,-8,distractor
1583_1973_frank_tablet_2016_17,1583,frank_tablet_2016,17,0.30743869739585256,0.17080780107059618,7,NA,NA,NA,1.2,0.44721359549995793,5,NA,NA,NA,0.2857142857142857,0.4879500364742666,7,865,601.0407640085654,2,0.7142857142857143,7,147.5,72.26494462892933,5,275,NA,1,148.33333333333334,72.02430145443967,-8,distractor
1585_1975_frank_tablet_2016_19,1585,frank_tablet_2016,19,0.29192847796981497,0.27577806740914645,8,NA,NA,NA,1,0,3,NA,NA,NA,0.375,0.5175491695067657,8,615,411.5519408288582,3,0.75,8,188.88888888888891,96.58521472618727,3,300,NA,1,188.88888888888891,96.58521472618727,-6,distractor
1588_1978_frank_tablet_2016_19,1588,frank_tablet_2016,19,0.27456083274680854,0.2519811258268421,8,NA,NA,NA,1,0,5,NA,NA,NA,0.25,0.4629100498862757,8,1165,70.71067811865476,2,0.625,8,368.33333333333337,127.25739445880718,5,368.33333333333337,127.25739445880718,5,368.33333333333337,127.25739445880718,-6,distractor
1591_1981_frank_tablet_2016_23,1591,frank_tablet_2016,23,0.4050902698035736,0.35050770090750777,8,NA,NA,NA,1.2,0.44721359549995793,5,NA,NA,NA,0.5,0.5345224838248488,8,383.75,146.30874888399532,4,1,8,456.6666666666667,293.11544938243475,5,533.3333333333334,274.5366466801297,4,460,288.8194360957494,-2,distractor
1593_1983_frank_tablet_2016_24,1593,frank_tablet_2016,24,0.23902078630805074,0.3260490200961049,7,NA,NA,NA,1.3333333333333333,0.5773502691896257,3,NA,NA,NA,0.42857142857142855,0.5345224838248488,7,640,132.28756555322954,3,0.7142857142857143,7,340.27777777777783,154.24172347085357,3,420.83333333333337,100.17346066809425,2,341.6666666666667,154.33549314543444,-1,distractor
1595_1985_frank_tablet_2016_28,1595,frank_tablet_2016,28,0.5219675739675098,0.18945809309507902,8,NA,NA,NA,1.125,0.3535533905932738,8,NA,NA,NA,0.875,0.3535533905932738,8,400.7142857142857,172.51638983558857,7,1.625,8,365.1041666666667,196.52155537291702,8,381.25000000000006,188.9166062763783,8,381.25000000000006,188.9166062763783,3,distractor
1596_1986_frank_tablet_2016_28,1596,frank_tablet_2016,28,0.4242024082360217,0.2461314454993382,7,NA,NA,NA,1,0,6,NA,NA,NA,0.8571428571428571,0.3779644730092272,7,727.5,176.59983012449362,6,1.4285714285714286,7,426.3888888888889,155.939506314563,6,426.3888888888889,155.939506314563,6,426.3888888888889,155.939506314563,3,distractor
1597_1987_frank_tablet_2016_30,1597,frank_tablet_2016,30,0.8484470822693428,0.11145011300614141,3,NA,NA,NA,1.3333333333333333,0.5773502691896257,3,NA,NA,NA,1,0,3,298.3333333333333,144.33756729740642,3,0.3333333333333333,3,391.6666666666667,30.046260628866595,3,447.22222222222223,93.66508500048535,3,447.22222222222223,93.66508500048535,5,distractor
1598_1988_frank_tablet_2016_31,1598,frank_tablet_2016,31,0.6518351499015448,0.1284874694730422,5,NA,NA,NA,1,0,5,NA,NA,NA,1,0,5,820,203.40845606807991,5,1,5,468.33333333333337,186.9343319041327,5,537.5,121.23973801552886,4,468.33333333333337,186.9343319041327,6,distractor
1600_1990_frank_tablet_2016_31,1600,frank_tablet_2016,31,0.30430529035084053,0.20567584934299274,6,NA,NA,NA,1.25,0.5,4,NA,NA,NA,0.6666666666666666,0.5163977794943222,6,1127.5,123.32207155790618,4,1,6,183.33333333333334,51.81877251716009,4,275,47.140452079103184,2,208.33333333333334,82.77591347639634,6,distractor
1603_1993_frank_tablet_2016_33,1603,frank_tablet_2016,33,0.47368421052631576,0.6698906348083081,2,NA,NA,NA,NA,NA,NA,NA,NA,NA,0.5,0.7071067811865476,2,90,NA,1,0,1,NA,NA,NA,NA,NA,NA,NA,NA,8,distractor
1605_1995_frank_tablet_2016_34,1605,frank_tablet_2016,34,0.66302688395544,0.30781921160391607,5,NA,NA,NA,1.5,1,4,NA,NA,NA,1,0,5,440,317.70662567847086,5,0.6,5,541.6666666666667,330.6839153207363,4,547.9166666666667,322.20126847578894,4,552.0833333333334,316.6940777609978,9,distractor
1606_1996_frank_tablet_2016_35,1606,frank_tablet_2016,35,0.7246272019385227,0.20656172340251086,6,NA,NA,NA,2,0.7071067811865476,5,NA,NA,NA,1,0,6,473.3333333333333,281.36571693556886,6,0.8333333333333334,6,368.33333333333337,172.86896932519602,5,408.33333333333337,136.80379299485003,5,425.00000000000006,131.62974165776095,10,distractor
1608_1998_frank_tablet_2016_38,1608,frank_tablet_2016,38,0.41919191919191917,0.5928268973584185,2,NA,NA,NA,2,NA,1,NA,NA,NA,0.5,0.7071067811865476,2,440,NA,1,0.5,2,337.5,NA,1,308.33333333333337,NA,1,366.6666666666667,NA,13,distractor
1609_1999_frank_tablet_2016_38,1609,frank_tablet_2016,38,0.7438208076809019,0.18612859465143886,5,NA,NA,NA,1,0,5,NA,NA,NA,1,0,5,310,136.24426593438713,5,1,5,595,196.55010670168676,5,595,196.55010670168676,5,595,196.55010670168676,13,distractor
1615_2005_frank_tablet_2016_43,1615,frank_tablet_2016,43,0.5850063894183204,0.31572823628167934,5,NA,NA,NA,1.4,0.5477225575051661,5,NA,NA,NA,0.8,0.44721359549995793,5,671.25,443.1774475308959,4,1.2,5,310.83333333333337,185.3955980539392,5,450,214.5192730700869,4,383.33333333333337,238.19343213260754,18,distractor
1616_2006_frank_tablet_2016_44,1616,frank_tablet_2016,44,0.8645977011494254,0.16557518142979433,3,NA,NA,NA,1.3333333333333333,0.5773502691896257,3,NA,NA,NA,1,0,3,65,66.14378277661477,3,0.3333333333333333,3,509.72222222222223,344.6599908014553,3,522.2222222222223,328.3305132422601,3,522.2222222222223,328.3305132422601,19,distractor
1617_2007_frank_tablet_2016_44,1617,frank_tablet_2016,44,0.708594626023565,0.22765859280671844,6,NA,NA,NA,1.3333333333333333,0.5163977794943222,6,NA,NA,NA,1,0,6,281.6666666666667,140.23789311975088,6,1.3333333333333333,6,454.1666666666667,204.63381929681125,6,466.6666666666667,203.100960115899,6,484.72222222222223,187.78065415285482,19,distractor
1618_2008_frank_tablet_2016_44,1618,frank_tablet_2016,44,0.6416309133700439,0.22620930532434613,3,NA,NA,NA,1,0,3,NA,NA,NA,1,0,3,623.3333333333334,200.5201569252661,3,1.6666666666666667,3,533.3333333333334,216.66666666666666,3,533.3333333333334,216.66666666666666,3,533.3333333333334,216.66666666666666,19,distractor
1619_2009_frank_tablet_2016_45,1619,frank_tablet_2016,45,0.7088911846789998,0.18068078666775456,6,NA,NA,NA,1.1666666666666667,0.408248290463863,6,NA,NA,NA,1,0,6,606.6666666666666,174.40374613713624,6,1.1666666666666667,6,508.33333333333337,190.75871903765997,6,527.7777777777778,170.10345435994293,6,527.7777777777778,170.10345435994293,20,distractor
1621_2011_frank_tablet_2016_47,1621,frank_tablet_2016,47,0.6876124856456832,0.19020723615143503,5,NA,NA,NA,1,0,5,NA,NA,NA,1,0,5,510,129.18010682763813,5,1.4,5,590,181.563426321982,5,590,181.563426321982,5,590,181.563426321982,22,distractor
1622_2012_frank_tablet_2016_47,1622,frank_tablet_2016,47,0.5020940721649485,0.13554398672873574,2,NA,NA,NA,2,NA,1,NA,NA,NA,1,0,2,815,353.5533905932738,2,1.5,2,233.33333333333337,NA,1,216.66666666666669,NA,1,250.00000000000003,NA,22,distractor
1624_2014_frank_tablet_2016_49,1624,frank_tablet_2016,49,0.8623050379572119,0.04594454965216976,3,NA,NA,NA,1.6666666666666667,1.1547005383792515,3,NA,NA,NA,1,0,3,273.3333333333333,251.66114784235833,3,0.3333333333333333,3,450.925925925926,270.249846297585,3,477.77777777777783,229.17929258148118,3,477.77777777777783,229.17929258148118,24,distractor
1625_2015_frank_tablet_2016_50,1625,frank_tablet_2016,50,0.7779970450711036,0.17643180313890533,8,NA,NA,NA,1.5,0.7559289460184544,8,NA,NA,NA,0.875,0.3535533905932738,8,400.7142857142857,428.6259885905638,7,0.875,8,378.47222222222223,204.55435063404474,8,438.5416666666667,183.11336912519786,8,438.5416666666667,183.11336912519786,25,distractor
1626_2016_frank_tablet_2016_51,1626,frank_tablet_2016,51,0.8275141751470299,0.11347199776329898,11,NA,NA,NA,1.6363636363636365,0.504524979109513,11,NA,NA,NA,1,0,11,326.3636363636364,116.38494123147782,11,1,11,462.50000000000006,204.46406910642165,11,492.42424242424244,193.45019978790356,11,499.2424242424243,183.50198853957906,26,distractor
1628_2018_frank_tablet_2016_54,1628,frank_tablet_2016,54,0.5841269841269842,0.5081051307407844,3,NA,NA,NA,1.5,0.7071067811865476,2,NA,NA,NA,0.6666666666666666,0.5773502691896257,3,215,35.35533905932738,2,0,3,516.6666666666667,412.47895569215274,2,566.6666666666667,341.768277573498,2,566.6666666666667,341.768277573498,29,distractor
1631_2021_frank_tablet_2016_56,1631,frank_tablet_2016,56,0.33204581809232975,0.20160060043662936,3,NA,NA,NA,1,0,2,NA,NA,NA,1,0,3,1140,238.4848003542364,3,1,3,262.5,147.3139127471974,2,366.6666666666667,NA,1,262.5,147.3139127471974,31,distractor
1632_2022_frank_tablet_2016_58,1632,frank_tablet_2016,58,0.5787874797489131,0.2650334973116327,7,NA,NA,NA,1.1428571428571428,0.3779644730092272,7,NA,NA,NA,0.8571428571428571,0.3779644730092272,7,406.6666666666667,318.8521078284832,6,1.2857142857142858,7,369.64285714285717,214.4749495121842,7,382.14285714285717,207.35484500255052,7,382.14285714285717,207.35484500255052,33,distractor
1633_2023_frank_tablet_2016_60,1633,frank_tablet_2016,60,0.6746071464317887,0.36397098438584896,3,NA,NA,NA,1.3333333333333333,0.5773502691896257,3,NA,NA,NA,1,0,3,573.3333333333334,493.9213837579148,3,1,3,411.11111111111114,244.71260543596702,3,419.44444444444446,239.4051269601694,3,419.44444444444446,239.4051269601694,35,distractor
