recording_name,age_months,mean_prop_looking,sd_prop_looking,n_trials_prop_looking,mean_prop_looking_diff,sd_prop_looking_diff,n_trials_prop_looking_diff,mean_number_fixations,sd_number_fixations,n_trials_number_fixations,mean_prop_shift_target_initial,sd_prop_shift_target_initial,n_trials_prop_shift_target_initial,mean_prop_shift_distractor_initial,sd_prop_shift_distractor_initial,n_trials_prop_shift_distractor_initial,mean_RT,sd_RT,n_trials_RT,total_aoi_switches,n_trials_total_aoi_switches,mean_duration_of_look,sd_duration_of_look,n_trials_duration_of_look,mean_first_look_dur,sd_first_look_dur,n_trials_first_look_dur,mean_longest_look,sd_longest_look,age_months_centred
108_pomper_saffran_2016_46,46,0.9455128205128205,0.09437456323291958,3,NA,NA,NA,1,0,3,1,0,3,NA,NA,NA,NA,NA,NA,1,3,1400,394.0530139178963,3,1400,394.0530139178963,3,2800,788.1060278357926,21
109_pomper_saffran_2016_43,43,0.8716339869281046,0.1229624920279595,3,0.7452830188679245,0.026683274761756505,2,1,0,3,0.6666666666666666,0.5773502691896257,3,NA,NA,NA,NA,NA,NA,2,3,1494.4444444444446,247.39382309124795,3,1494.4444444444446,247.39382309124795,3,2988.888888888889,494.7876461824959,18
110_pomper_saffran_2016_47,47,0.7854575163398693,0.2512493877788405,4,NA,NA,NA,1.25,0.5,4,0.5,0.5773502691896257,4,NA,NA,NA,NA,NA,NA,2,4,1016.6666666666667,539.0320542932077,4,983.3333333333334,585.1558829982037,4,2100,995.1735378165812,22
111_pomper_saffran_2016_42,42,0.7618702153720527,0.1497763299277616,4,0.41509433962264153,0.026683274761756505,2,1.5,0.5773502691896257,4,0,0,4,NA,NA,NA,NA,NA,NA,4,4,945.8333333333334,466.7906581311568,4,854.1666666666667,564.5999895042048,4,2075,815.3049872423339,17
112_pomper_saffran_2016_43,43,0.98679867986798675,0.022865357195628763,3,NA,NA,NA,1,0,3,0.6666666666666666,0.5773502691896257,3,NA,NA,NA,NA,NA,NA,0,3,1661.111111111111,91.79284245476839,3,1661.111111111111,91.79284245476839,3,3322.222222222222,183.58568490953678,18
113_pomper_saffran_2016_42,42,0.6628946450375022,0.2244587496986313,3,NA,NA,NA,1.3333333333333333,0.5773502691896257,3,0,0,3,NA,NA,NA,NA,NA,NA,3,3,869.4444444444446,404.51731638986644,3,811.1111111111112,492.8188007476688,3,1855.5555555555557,647.5023237481541,17
114_pomper_saffran_2016_42,42,0.775,0.2215851980616034,4,NA,NA,NA,1,0,4,0.25,0.5,4,NA,NA,NA,NA,NA,NA,3,4,1195.8333333333335,436.1818767780588,4,1195.8333333333335,436.1818767780588,4,2391.666666666667,872.3637535561176,17
115_pomper_saffran_2016_42,42,0.8489491054368594,0.14750638412289996,3,NA,NA,NA,1,0,3,0.3333333333333333,0.5773502691896257,3,NA,NA,NA,NA,NA,NA,2,3,1338.888888888889,385.98119317070547,3,1338.888888888889,385.98119317070547,3,2677.777777777778,771.9623863414109,17
116_pomper_saffran_2016_45,45,0.8556209150326798,0.17791460757010813,3,NA,NA,NA,1,0,3,0.6666666666666666,0.5773502691896257,3,NA,NA,NA,NA,NA,NA,1,3,1444.4444444444446,325.0356105846683,3,1444.4444444444446,325.0356105846683,3,2888.888888888889,650.0712211693366,20
117_pomper_saffran_2016_43,43,0.941614576406437,0.07809588702766859,4,NA,NA,NA,1,0,4,0.75,0.5,4,NA,NA,NA,NA,NA,NA,1,4,1525,304.74640337561056,4,1525,304.74640337561056,4,3050,609.4928067512211,18
118_pomper_saffran_2016_42,42,0.7463707132337472,0.28818895737079103,3,0.4386792452830189,0.060037368213952134,2,1.3333333333333333,0.5773502691896257,3,0.3333333333333333,0.5773502691896257,3,NA,NA,NA,NA,NA,NA,3,3,980.5555555555557,684.4672164321462,3,872.2222222222223,780.0166190062401,3,2177.777777777778,1263.2996184302147,17
119_pomper_saffran_2016_43,43,1,0,3,NA,NA,NA,1,0,3,1,0,3,NA,NA,NA,NA,NA,NA,0,3,1761.1111111111113,9.622504486493675,3,1761.1111111111113,9.622504486493675,3,3522.2222222222226,19.24500897298735,18
120_pomper_saffran_2016_42,42,0.5659709618874773,0.4431288049795188,2,NA,NA,NA,1,0,2,0,0,2,NA,NA,NA,NA,NA,NA,1,2,491.6666666666667,341.768277573498,2,491.6666666666667,341.768277573498,2,983.3333333333334,683.536555146996,17
121_pomper_saffran_2016_42,42,0.8616578152660627,0.10638425972824637,4,NA,NA,NA,1,0,4,0.5,0.5773502691896257,4,NA,NA,NA,NA,NA,NA,3,4,1370.8333333333335,297.0144652918315,4,1370.8333333333335,297.0144652918315,4,2741.666666666667,594.028930583663,17
122_pomper_saffran_2016_44,44,0.9426485148514852,0.08015047178672467,4,NA,NA,NA,1,0,4,0.75,0.5,4,NA,NA,NA,NA,NA,NA,1,4,1608.3333333333335,212.78575558006173,4,1608.3333333333335,212.78575558006173,4,3216.666666666667,425.57151116012346,19
123_pomper_saffran_2016_43,43,0.7734823196605375,0.1416439129133891,5,0.5188679245283019,0,2,1.2,0.44721359549995793,5,0.4,0.5477225575051661,5,NA,NA,NA,NA,NA,NA,5,5,1126.6666666666667,393.6298317511574,5,1146.6666666666667,367.12093072688975,5,2293.3333333333335,734.2418614537795,18
124_pomper_saffran_2016_42,42,0.7666666666666666,0.3299831645537222,2,NA,NA,NA,2,0,2,0.5,0.7071067811865476,2,NA,NA,NA,NA,NA,NA,3,2,579.1666666666667,276.9501559647311,2,533.3333333333334,377.12361663282536,2,1300,424.2640687119285,17
125_pomper_saffran_2016_43,43,1,0,3,NA,NA,NA,1,0,3,1,0,3,NA,NA,NA,NA,NA,NA,0,3,1766.6666666666667,0,3,1766.6666666666667,0,3,3533.3333333333335,0,18
126_pomper_saffran_2016_44,44,0.8424735702220906,0.158979696008257,4,NA,NA,NA,1.25,0.5,4,0.5,0.5773502691896257,4,NA,NA,NA,NA,NA,NA,4,4,1210.4166666666667,443.5429224709533,4,1195.8333333333335,465.94686551309854,4,2450,843.9325934114776,19
127_pomper_saffran_2016_41,41,0.74,NA,1,NA,NA,NA,2,NA,1,0,NA,1,NA,NA,NA,NA,NA,NA,2,1,616.6666666666667,NA,1,266.6666666666667,NA,1,1933.3333333333335,NA,16
128_pomper_saffran_2016_47,47,0.7408282828282828,0.17141340333049432,5,0.18396226415094338,0.006670818690439165,2,1.4,0.5477225575051661,5,0.2,0.44721359549995793,5,NA,NA,NA,NA,NA,NA,6,5,993.3333333333334,493.23197156893406,5,973.3333333333334,532.8904411060704,5,2120,855.2452539736449,22
129_pomper_saffran_2016_45,45,0.8339517625231911,0.2017790495012323,4,0.4245283018867924,0.08004982428526951,2,1.25,0.5,4,0.5,0.5773502691896257,4,NA,NA,NA,NA,NA,NA,2,4,858.3333333333334,250,4,900,215.1657414559676,4,1800,430.3314829119352,20
130_pomper_saffran_2016_44,44,0.9338235294117647,0.13235294117647056,4,NA,NA,NA,1.25,0.5,4,0.75,0.5,4,NA,NA,NA,NA,NA,NA,2,4,1477.0833333333335,568.1098860190629,4,1441.6666666666667,638.937196241337,4,3025,994.5685831890462,19
131_pomper_saffran_2016_42,42,0.982843137254902,0.03431372549019607,4,1,0,2,1,0,4,1,0,4,NA,NA,NA,NA,NA,NA,0,4,1720.8333333333335,91.66666666666663,4,1720.8333333333335,91.66666666666663,4,3441.666666666667,183.33333333333326,17
132_pomper_saffran_2016_41,41,0.9166666666666666,0.14433756729740643,3,NA,NA,NA,1,0,3,0.6666666666666666,0.5773502691896257,3,NA,NA,NA,NA,NA,NA,1,3,1572.2222222222224,336.7876570272817,3,1572.2222222222224,336.7876570272817,3,3144.444444444445,673.5753140545634,16
133_pomper_saffran_2016_45,45,0.8180147058823529,0.007798971851322188,2,NA,NA,NA,1,0,2,0.5,0.7071067811865476,2,NA,NA,NA,NA,NA,NA,2,2,1241.6666666666667,58.92556509887907,2,1241.6666666666667,58.92556509887907,2,2483.3333333333335,117.85113019775814,20
134_pomper_saffran_2016_44,44,0.6028069153069153,0.1045963119412502,2,NA,NA,NA,1.5,0.7071067811865476,2,0,0,2,NA,NA,NA,NA,NA,NA,3,2,737.5,253.37992992517957,2,766.6666666666667,212.13203435596427,2,1533.3333333333335,424.26406871192853,19
135_pomper_saffran_2016_46,46,0.8741496598639455,0.21797918326547094,3,0.37264150943396224,0.28684520368888244,2,1.6666666666666667,0.5773502691896257,3,0.6666666666666666,0.5773502691896257,3,NA,NA,NA,NA,NA,NA,2,3,638.8888888888889,122.00106253332082,3,738.8888888888889,333.4721932990871,3,1622.2222222222224,462.2809791714382,21
136_pomper_saffran_2016_42,42,0.7778459125585718,0.12168351569451168,4,0.33490566037735847,0.046695730833073885,2,1.75,0.5,4,0.25,0.5,4,NA,NA,NA,NA,NA,NA,6,4,829.1666666666667,474.4148442496762,4,833.3333333333334,494.4132324730443,4,1950,802.5422568775268,17
137_pomper_saffran_2016_45,45,0.8451178451178452,0.2682637614416443,3,NA,NA,NA,1,0,3,1,0,3,NA,NA,NA,NA,NA,NA,1,3,1472.2222222222222,509.99273778416944,3,1472.2222222222222,509.99273778416944,3,2944.4444444444443,1019.9854755683389,20
138_pomper_saffran_2016_43,43,0.6851743997929205,0.3045078218881068,3,NA,NA,NA,1,0,3,0.6666666666666666,0.5773502691896257,3,NA,NA,NA,NA,NA,NA,2,3,1100,425.2450274057691,3,1100,425.2450274057691,3,2200,850.4900548115382,18
139_pomper_saffran_2016_45,45,0.5451388888888888,0.5060756444153091,3,NA,NA,NA,1.5,0.7071067811865476,2,0.3333333333333333,0.5773502691896257,3,NA,NA,NA,NA,NA,NA,2,3,1100,942.8090415820634,2,1158.3333333333335,860.3132504436329,2,2316.666666666667,1720.6265008872658,20
140_pomper_saffran_2016_46,46,0.8761904761904762,NA,1,NA,NA,NA,1,NA,1,1,NA,1,NA,NA,NA,NA,NA,NA,1,1,1533.3333333333335,NA,1,1533.3333333333335,NA,1,3066.666666666667,NA,21
141_pomper_saffran_2016_47,47,0.60394652216698,0.13324662192743375,3,NA,NA,NA,1.3333333333333333,0.5773502691896257,3,0,0,3,NA,NA,NA,NA,NA,NA,4,3,833.3333333333334,334.5809983314122,3,833.3333333333334,334.5809983314122,3,1666.6666666666667,669.1619966628244,22
142_pomper_saffran_2016_46,46,0.8235294117647058,0.24956709924231088,2,0.6415094339622642,0.02668327476175658,2,1.5,0.7071067811865476,2,0.5,0.7071067811865476,2,NA,NA,NA,NA,NA,NA,2,2,1158.3333333333335,860.3132504436329,2,1175,836.7430244040812,2,2350,1673.4860488081624,21
143_pomper_saffran_2016_45,45,1,0,2,NA,NA,NA,1,0,2,1,0,2,NA,NA,NA,NA,NA,NA,0,2,1766.6666666666667,0,2,1766.6666666666667,0,2,3533.3333333333335,0,20
144_pomper_saffran_2016_46,46,1,NA,1,NA,NA,NA,1,NA,1,1,NA,1,NA,NA,NA,NA,NA,NA,0,1,1766.6666666666667,NA,1,1766.6666666666667,NA,1,3533.3333333333335,NA,21
145_pomper_saffran_2016_47,47,0.8946384803921569,0.09627239527973198,4,0.5943396226415094,0.040024912142634754,2,2,0,4,0.5,0.5773502691896257,4,NA,NA,NA,NA,NA,NA,3,4,631.25,60.61986900776442,4,887.5,266.1018323596912,4,1816.6666666666667,471.79719434582546,22
146_pomper_saffran_2016_43,43,0.9094551282051282,0.10955023179943975,4,0.6603773584905661,0.04002491214263484,2,1.25,0.5,4,1,0,4,NA,NA,NA,NA,NA,NA,1,4,1183.3333333333335,392.75852538074747,4,1162.5,427.60638702225,4,2408.3333333333335,718.7308773623644,18
147_pomper_saffran_2016_46,46,1,NA,1,NA,NA,NA,1,NA,1,1,NA,1,NA,NA,NA,NA,NA,NA,0,1,1766.6666666666667,NA,1,1766.6666666666667,NA,1,3533.3333333333335,NA,21
148_pomper_saffran_2016_44,44,0.7140522875816994,0.3304534054927563,4,NA,NA,NA,1.25,0.5,4,0.5,0.5773502691896257,4,NA,NA,NA,NA,NA,NA,3,4,1054.1666666666667,822.977318439984,4,1083.3333333333335,791.9736247011148,4,2166.666666666667,1583.9472494022295,19
149_pomper_saffran_2016_44,44,0.9296875,0.140625,4,1,0,2,1,0,4,0.75,0.5,4,NA,NA,NA,NA,NA,NA,1,4,1612.5,308.33333333333337,4,1612.5,308.33333333333337,4,3225,616.6666666666667,19
150_pomper_saffran_2016_43,43,0.9458762886597938,0.10824742268041238,4,0.7594339622641508,0.060037368213952134,2,1.25,0.5,4,0.75,0.5,4,NA,NA,NA,NA,NA,NA,2,4,1483.3333333333335,566.6666666666666,4,1512.5,508.33333333333337,4,3025,1016.6666666666667,18
151_pomper_saffran_2016_45,45,0.5902716138922314,0.08753125012253869,5,0.2735849056603773,0.0667081869043913,2,1.8,0.44721359549995793,5,0,0,5,NA,NA,NA,NA,NA,NA,10,5,531.6666666666667,248.49547279578357,5,516.6666666666667,320.3730464456848,5,1306.6666666666667,396.7926970654128,20
152_pomper_saffran_2016_46,46,0.5254854368932038,0.3175115400959012,2,NA,NA,NA,1,0,2,0,0,2,NA,NA,NA,NA,NA,NA,3,2,533.3333333333334,212.13203435596427,2,533.3333333333334,212.13203435596427,2,1066.6666666666667,424.26406871192853,21
153_pomper_saffran_2016_45,45,0.7059343434343435,0.340982128352694,4,0.4528301886792453,0.040024912142634754,2,1,0,4,0.5,0.5773502691896257,4,NA,NA,NA,NA,NA,NA,3,4,1212.5,644.2588334236826,4,1212.5,644.2588334236826,4,2425,1288.5176668473653,20
154_pomper_saffran_2016_41,41,0.8400558069381598,0.10421769422351612,5,0.490566037735849,0.013341637380878252,2,1,0,5,0.4,0.5477225575051661,5,NA,NA,NA,NA,NA,NA,4,5,1433.3333333333335,216.3459164291195,5,1433.3333333333335,216.3459164291195,5,2866.666666666667,432.691832858239,16
155_pomper_saffran_2016_44,44,0.903061224489796,0.19387755102040816,4,NA,NA,NA,1,0,4,1,0,4,NA,NA,NA,NA,NA,NA,1,4,1575,383.3333333333333,4,1575,383.3333333333333,4,3150,766.6666666666666,19
156_pomper_saffran_2016_46,46,0.7934086255861568,0.18791390174569042,3,NA,NA,NA,1.6666666666666667,0.5773502691896257,3,0.6666666666666666,0.5773502691896257,3,NA,NA,NA,NA,NA,NA,3,3,816.6666666666667,409.60685758148367,3,816.6666666666667,503.32229568471666,3,1944.4444444444446,555.1109331909689,21
157_pomper_saffran_2016_46,46,0.860344137655062,0.1636904131400338,4,NA,NA,NA,1.5,0.5773502691896257,4,0.5,0.5773502691896257,4,NA,NA,NA,NA,NA,NA,4,4,1183.3333333333335,673.7127643802579,4,1212.5,642.8200312627109,4,2458.3333333333335,1243.1665065319944,21
158_pomper_saffran_2016_47,47,0.7494162467739953,0.3500067273152998,3,NA,NA,NA,1,0,3,0.6666666666666666,0.5773502691896257,3,NA,NA,NA,NA,NA,NA,1,3,966.6666666666667,319.2874010111337,3,966.6666666666667,319.2874010111337,3,1933.3333333333335,638.5748020222674,22
159_pomper_saffran_2016_47,47,0.6828231292517006,0.3126049733449372,3,0.6603773584905661,0.053366549523513086,2,1,0,3,0.3333333333333333,0.5773502691896257,3,NA,NA,NA,NA,NA,NA,2,3,1022.2222222222223,725.7818262117476,3,1022.2222222222223,725.7818262117476,3,2044.4444444444446,1451.5636524234951,22
160_pomper_saffran_2016_43,43,0.7481301799070144,0.354774109575232,4,NA,NA,NA,1,0,4,0.5,0.5773502691896257,4,NA,NA,NA,NA,NA,NA,2,4,1270.8333333333335,676.6440882932638,4,1270.8333333333335,676.6440882932638,4,2541.666666666667,1353.2881765865277,18
161_pomper_saffran_2016_44,44,0.5954491725768322,0.3805209227413098,3,NA,NA,NA,1,0,3,0.6666666666666666,0.5773502691896257,3,NA,NA,NA,NA,NA,NA,2,3,733.3333333333334,513.4307266916455,3,733.3333333333334,513.4307266916455,3,1466.6666666666667,1026.861453383291,19
162_pomper_saffran_2016_45,45,0.7956160544490041,0.20666117516411958,2,NA,NA,NA,1.5,0.7071067811865476,2,0.5,0.7071067811865476,2,NA,NA,NA,NA,NA,NA,2,2,1070.8333333333335,771.9249027953144,2,1108.3333333333335,718.8918942063234,2,2216.666666666667,1437.7837884126468,20
163_pomper_saffran_2016_46,46,0.8247352916770392,0.17192929088799216,6,0.6981132075471699,0.10673309904702609,2,1.3333333333333333,0.5163977794943222,6,0.3333333333333333,0.5163977794943222,6,NA,NA,NA,NA,NA,NA,5,6,1170.8333333333335,554.670823301733,6,1172.2222222222224,552.3351103035857,6,2350,1098.0285363626333,21
165_pomper_saffran_2016_46,46,0.7869505494505494,0.18727334043949562,3,NA,NA,NA,1.3333333333333333,0.5773502691896257,3,0.6666666666666666,0.5773502691896257,3,NA,NA,NA,NA,NA,NA,3,3,813.8888888888889,326.2085790365377,3,822.2222222222223,311.95322536369906,3,1644.4444444444446,623.9064507273981,21
166_pomper_saffran_2016_47,47,0.9934640522875817,0.011320593513522097,3,NA,NA,NA,1.3333333333333333,0.5773502691896257,3,1,0,3,NA,NA,NA,NA,NA,NA,0,3,1408.3333333333335,536.3845013918032,3,1550,292.97326385411577,3,3100,585.9465277082315,22
167_pomper_saffran_2016_46,46,0.9611504007543612,0.04487656378760461,4,NA,NA,NA,1,0,4,0.5,0.5773502691896257,4,NA,NA,NA,NA,NA,NA,0,4,1675,109.29064207170003,4,1675,109.29064207170003,4,3350,218.58128414340007,21
769_swingley_aslin_2002_15,15,0.80765639589169,0.24885344922168956,6,NA,NA,NA,1.3333333333333333,0.5163977794943222,6,0.6666666666666666,0.5163977794943222,6,NA,NA,NA,NA,NA,NA,5,6,1230.5555555555557,620.6105118408867,6,1172.2222222222224,694.9553676049728,6,2655.5555555555557,1065.5549762482494,-10
770_swingley_aslin_2002_15,15,0.535,0.6576093065034891,2,NA,NA,NA,2,NA,1,0.5,0.7071067811865476,2,NA,NA,NA,NA,NA,NA,0,2,691.6666666666667,NA,1,600,NA,1,1566.6666666666667,NA,-10
771_swingley_aslin_2002_15,15,0.7428571428571429,0.36365491603879585,2,NA,NA,NA,1,0,2,0.5,0.7071067811865476,2,NA,NA,NA,NA,NA,NA,1,2,1308.3333333333335,648.1812160876685,2,1308.3333333333335,648.1812160876685,2,2616.666666666667,1296.362432175337,-10
772_swingley_aslin_2002_15,15,0.6639194139194139,0.11641387843981439,4,NA,NA,NA,1.5,0.5773502691896257,4,0,0,4,NA,NA,NA,NA,NA,NA,6,4,775,142.23741238324567,4,779.1666666666667,170.7147284756606,4,1733.3333333333335,98.1306762925317,-10
773_swingley_aslin_2002_16,16,0.5855572475442754,0.29123148608682337,7,NA,NA,NA,1.4285714285714286,0.5345224838248488,7,0.2857142857142857,0.4879500364742666,7,NA,NA,NA,NA,NA,NA,9,7,771.4285714285714,461.274832284909,7,735.7142857142858,488.6137393109063,7,1652.3809523809525,911.2175702418498,-9
774_swingley_aslin_2002_15,15,0.8962264150943396,NA,1,NA,NA,NA,2,NA,1,0,NA,1,NA,NA,NA,NA,NA,NA,0,1,791.6666666666667,NA,1,816.6666666666667,NA,1,1633.3333333333335,NA,-10
775_swingley_aslin_2002_15,15,0.8411104253720503,0.13186316589903047,6,NA,NA,NA,1.3333333333333333,0.5163977794943222,6,0.6666666666666666,0.5163977794943222,6,NA,NA,NA,NA,NA,NA,6,6,1206.9444444444446,503.27860261673345,6,1152.7777777777778,594.1769907159787,6,2616.666666666667,802.9805587794624,-10
776_swingley_aslin_2002_14,14,0.8843537414965986,0.16175797000308334,7,NA,NA,NA,1.2857142857142858,0.4879500364742666,7,0.8571428571428571,0.3779644730092272,7,NA,NA,NA,NA,NA,NA,4,7,1338.095238095238,496.8152542197118,7,1385.7142857142858,425.61813125240997,7,2771.4285714285716,851.2362625048199,-11
777_swingley_aslin_2002_15,15,0.7152930402930403,0.35516361255592344,3,NA,NA,NA,1,0,3,0.6666666666666666,0.5773502691896257,3,NA,NA,NA,NA,NA,NA,2,3,1233.3333333333335,668.5390373377193,3,1233.3333333333335,668.5390373377193,3,2466.666666666667,1337.0780746754385,-10
778_swingley_aslin_2002_15,15,0.6656593406593406,0.212861036063042,3,NA,NA,NA,1.3333333333333333,0.5773502691896257,3,0.3333333333333333,0.5773502691896257,3,NA,NA,NA,NA,NA,NA,4,3,802.7777777777778,220.84643567001058,3,927.7777777777778,170.23948273382848,3,1855.5555555555557,340.47896546765696,-10
779_swingley_aslin_2002_14,14,0.7579304029304029,0.3440720390178773,5,NA,NA,NA,1.2,0.44721359549995793,5,0.6,0.5477225575051661,5,NA,NA,NA,NA,NA,NA,4,5,1188.3333333333335,706.9005116233354,5,1113.3333333333335,793.9353458143386,5,2526.666666666667,1304.3516908155307,-11
780_swingley_aslin_2002_14,14,0.5141430171769977,0.10642206204576755,4,NA,NA,NA,1.5,0.5773502691896257,4,0,0,4,NA,NA,NA,NA,NA,NA,7,4,614.5833333333334,200.04339806929676,4,583.3333333333334,259.27248643506744,4,1316.6666666666667,303.68111930481,-11
781_swingley_aslin_2002_15,15,0.7598977735424066,0.2630764724463353,6,NA,NA,NA,1.3333333333333333,0.5163977794943222,6,0.5,0.5477225575051661,6,NA,NA,NA,NA,NA,NA,4,6,1059.7222222222222,575.5774073500903,6,1033.3333333333335,606.721609233684,6,2255.5555555555557,1025.5982897079402,-10
782_swingley_aslin_2002_15,15,0.624785836664763,0.11468779317931443,2,NA,NA,NA,1.5,0.7071067811865476,2,0.5,0.7071067811865476,2,NA,NA,NA,NA,NA,NA,3,2,691.6666666666667,129.63624321753366,2,866.6666666666667,117.85113019775797,2,1733.3333333333335,235.70226039551594,-10
783_swingley_aslin_2002_15,15,0.7052365428180449,0.19662982991425706,4,NA,NA,NA,1.25,0.5,4,0.5,0.5773502691896257,4,NA,NA,NA,NA,NA,NA,4,4,1041.6666666666667,533.0728530573159,4,1050,522.2813205330799,4,2100,1044.5626410661598,-10
784_swingley_aslin_2002_15,15,0.44874847374847376,0.11085505572988696,3,NA,NA,NA,1.3333333333333333,0.5773502691896257,3,0.3333333333333333,0.5773502691896257,3,NA,NA,NA,NA,NA,NA,4,3,680.5555555555557,348.840672535206,3,644.4444444444445,407.3400617738525,3,1433.3333333333335,584.0471822645078,-10
785_swingley_aslin_2002_14,14,0.6935893225244855,0.2134226599331525,6,NA,NA,NA,1.5,0.5477225575051661,6,0.16666666666666666,0.408248290463863,6,NA,NA,NA,NA,NA,NA,8,6,837.5,382.235747499716,6,783.3333333333334,427.3952113286562,6,1816.6666666666667,765.2886165798278,-11
786_swingley_aslin_2002_15,15,0.580715394988109,0.2585528679038396,6,NA,NA,NA,1.5,0.5477225575051661,6,0.16666666666666666,0.408248290463863,6,NA,NA,NA,NA,NA,NA,10,6,616.6666666666667,326.5986323710904,6,516.6666666666666,353.08167138307624,6,1522.2222222222222,762.0634755325443,-10
787_swingley_aslin_2002_14,14,0.657671981919348,0.15344713878551705,4,NA,NA,NA,2,0,4,0,0,4,NA,NA,NA,NA,NA,NA,8,4,527.0833333333334,153.8660733187096,4,400.00000000000006,129.09944487358058,4,1408.3333333333335,428.06628077990536,-11
788_swingley_aslin_2002_15,15,0.6885923600209314,0.3210551919682048,7,NA,NA,NA,1,0,6,0.7142857142857143,0.4879500364742666,7,NA,NA,NA,NA,NA,NA,4,7,1380.5555555555557,301.3703271293876,6,1380.5555555555557,301.3703271293876,6,2761.1111111111113,602.7406542587752,-10
789_swingley_aslin_2002_15,15,0.6228491781216956,0.043297800597503724,2,NA,NA,NA,2,0,2,0,0,2,NA,NA,NA,NA,NA,NA,4,2,529.1666666666667,29.462782549439453,2,608.3333333333334,11.785113019775846,2,1216.6666666666667,23.57022603955169,-10
790_swingley_aslin_2002_15,15,0.6822128851540616,0.10279787659266611,2,NA,NA,NA,1.5,0.7071067811865476,2,0.5,0.7071067811865476,2,NA,NA,NA,NA,NA,NA,3,2,854.1666666666667,300.5203820042827,2,825,341.768277573498,2,1766.6666666666667,518.544972870135,-10
791_swingley_aslin_2002_14,14,0.7893122297462675,0.22240554070071183,6,NA,NA,NA,1.1666666666666667,0.408248290463863,6,0.6666666666666666,0.5163977794943222,6,NA,NA,NA,NA,NA,NA,5,6,1166.6666666666667,416.9998667732268,6,1152.7777777777778,436.57971992735975,6,2361.1111111111113,798.7258371700286,-11
792_swingley_aslin_2002_14,14,0.8508930794124969,0.11823484948866474,6,NA,NA,NA,1.5,0.5477225575051661,6,0.5,0.5477225575051661,6,NA,NA,NA,NA,NA,NA,7,6,1125,537.6647034475421,6,1086.111111111111,577.8712531223415,6,2327.777777777778,1002.9770500679281,-11
793_swingley_aslin_2002_15,15,0.6782178217821783,0.24393435633178057,4,NA,NA,NA,1.25,0.5,4,0.25,0.5,4,NA,NA,NA,NA,NA,NA,4,4,1008.3333333333334,516.1287522400673,4,1066.6666666666667,468.0534948850121,4,2133.3333333333335,936.1069897700243,-10
794_swingley_aslin_2002_15,15,0.6756636500754147,0.3182992606835321,5,NA,NA,NA,1.4,0.5477225575051661,5,0.4,0.5477225575051661,5,NA,NA,NA,NA,NA,NA,6,5,1001.6666666666667,707.0183873139368,5,986.6666666666667,724.8946283579581,5,2033.3333333333335,1379.8148023879469,-10
795_swingley_aslin_2002_15,15,0.6560992637725311,0.30295923681489917,3,NA,NA,NA,1.3333333333333333,0.5773502691896257,3,0,0,3,NA,NA,NA,NA,NA,NA,3,3,855.5555555555555,445.4502507866911,3,838.8888888888889,457.75215678032265,3,1744.4444444444446,869.4400070884282,-10
796_swingley_aslin_2002_15,15,0.7729351934948736,0.15705254216518855,4,NA,NA,NA,1.25,0.5,4,1,0,4,NA,NA,NA,NA,NA,NA,4,4,1172.9166666666667,467.6267405939469,4,1266.6666666666667,341.83600139811466,4,2533.3333333333335,683.6720027962293,-10
797_swingley_aslin_2002_14,14,0.3717023656036118,0.4128389520190035,6,NA,NA,NA,1,0,4,0.3333333333333333,0.5163977794943222,6,NA,NA,NA,NA,NA,NA,4,6,879.1666666666667,786.7390503421915,4,879.1666666666667,786.7390503421915,4,1758.3333333333335,1573.478100684383,-11
798_swingley_aslin_2002_14,14,0.5908414134884723,0.23826433403720626,5,NA,NA,NA,1.2,0.44721359549995793,5,0.6,0.5477225575051661,5,NA,NA,NA,NA,NA,NA,5,5,788.3333333333334,326.2582480864575,5,763.3333333333334,360.82467272131555,5,1626.6666666666667,596.4711038916955,-11
799_swingley_aslin_2002_14,14,0.8584905660377359,NA,1,NA,NA,NA,1,NA,1,1,NA,1,NA,NA,NA,NA,NA,NA,1,1,1516.6666666666667,NA,1,1516.6666666666667,NA,1,3033.3333333333335,NA,-11
800_swingley_aslin_2002_14,14,0.7129281436248883,0.1820629504539297,5,NA,NA,NA,1.4,0.5477225575051661,5,0.4,0.5477225575051661,5,NA,NA,NA,NA,NA,NA,6,5,1041.6666666666667,556.7140698379695,5,1036.6666666666667,593.7638887264496,5,2300,847.8731561317936,-11
801_swingley_aslin_2002_14,14,0.6604371077964636,0.12907977441434185,7,NA,NA,NA,1.2857142857142858,0.4879500364742666,7,0.5714285714285714,0.5345224838248488,7,NA,NA,NA,NA,NA,NA,9,7,933.3333333333334,324.28696710943694,7,940.4761904761906,316.9380624818285,7,1885.7142857142858,626.8253767278834,-11
802_swingley_aslin_2002_15,15,0.6419902912621359,0.15274879496505517,2,NA,NA,NA,1.5,0.7071067811865476,2,0.5,0.7071067811865476,2,NA,NA,NA,NA,NA,NA,3,2,804.1666666666667,489.08219032069536,2,741.6666666666667,577.4705379690138,2,1733.3333333333335,801.3876853447538,-10
803_swingley_aslin_2002_15,15,0.5813507798043881,0.22255380531625554,3,NA,NA,NA,1.6666666666666667,0.5773502691896257,3,0,0,3,NA,NA,NA,NA,NA,NA,5,3,561.1111111111111,105.5189995179032,3,594.4444444444445,133.68010461684406,3,1311.1111111111113,328.85885748774984,-10
804_swingley_aslin_2002_14,14,0.7404656764351666,0.324099444484495,4,NA,NA,NA,1,0,4,0.75,0.5,4,NA,NA,NA,NA,NA,NA,2,4,1291.6666666666667,600.6940430313366,4,1291.6666666666667,600.6940430313366,4,2583.3333333333335,1201.3880860626732,-11
805_swingley_aslin_2002_15,15,0.6088510528116468,0.16325825934868293,5,NA,NA,NA,1.4,0.5477225575051661,5,0.6,0.5477225575051661,5,NA,NA,NA,NA,NA,NA,7,5,861.6666666666667,494.5396287907011,5,813.3333333333334,557.8231499917036,5,1820.0000000000002,864.291617453276,-10
806_swingley_aslin_2002_15,15,0.5261820476372715,0.18572652909019613,6,NA,NA,NA,1.1666666666666667,0.408248290463863,6,0.16666666666666666,0.408248290463863,6,NA,NA,NA,NA,NA,NA,7,6,650,182.5741858350554,6,611.1111111111112,224.0205017072884,6,1377.7777777777778,372.1807605432051,-10
807_swingley_aslin_2002_15,15,0.7325290206831072,0.24920752574050337,6,NA,NA,NA,1.3333333333333333,0.5163977794943222,6,0.5,0.5477225575051661,6,NA,NA,NA,NA,NA,NA,7,6,972.2222222222223,538.5078836384299,6,969.4444444444446,554.117583457064,6,2011.1111111111113,1010.7569587342101,-10
808_swingley_aslin_2002_15,15,0.9399038461538461,0.12019230769230771,4,NA,NA,NA,1,0,4,1,0,4,NA,NA,NA,NA,NA,NA,1,4,1654.1666666666667,225,4,1654.1666666666667,225,4,3308.3333333333335,450,-10
809_swingley_aslin_2002_14,14,0.5062960655479216,0.19239381261344682,6,NA,NA,NA,1.3333333333333333,0.5163977794943222,6,0.16666666666666666,0.408248290463863,6,NA,NA,NA,NA,NA,NA,7,6,720.8333333333334,384.84304159834653,6,688.8888888888889,409.5616446162174,6,1516.6666666666667,741.3950813612582,-11
810_swingley_aslin_2002_14,14,0.6121794871794872,0.36352427894250833,3,NA,NA,NA,1.3333333333333333,0.5773502691896257,3,0.3333333333333333,0.5773502691896257,3,NA,NA,NA,NA,NA,NA,3,3,847.2222222222223,625.8512721204734,3,922.2222222222223,601.9259213680823,3,1844.4444444444446,1203.8518427361646,-11
811_swingley_aslin_2002_14,14,0.7769433160841273,0.0652184773751993,4,NA,NA,NA,1.5,0.5773502691896257,4,0.5,0.5773502691896257,4,NA,NA,NA,NA,NA,NA,6,4,893.75,265.74275712230235,4,833.3333333333334,377.36905994981544,4,2058.3333333333335,372.55374953997756,-11
812_swingley_aslin_2002_15,15,0.6055871853691972,0.27793398182848866,5,NA,NA,NA,1.8,0.44721359549995793,5,0.2,0.44721359549995793,5,NA,NA,NA,NA,NA,NA,9,5,695,616.6835583272114,5,653.3333333333334,639.704793027395,5,1493.3333333333335,1188.6967653695372,-10
813_swingley_aslin_2002_14,14,0.6085922513142673,0.2700904324484165,4,NA,NA,NA,2,0,3,0,0,4,NA,NA,NA,NA,NA,NA,6,4,633.3333333333334,62.91528696058958,3,383.33333333333337,120.18504251546631,3,1766.6666666666667,409.6068575814837,-11
814_swingley_aslin_2002_14,14,0.6576370170709793,0.44737729464956805,4,NA,NA,NA,1,0,3,0.75,0.5,4,NA,NA,NA,NA,NA,NA,2,4,1544.4444444444446,195.31550923607722,3,1544.4444444444446,195.31550923607722,3,3088.888888888889,390.63101847215444,-11
815_swingley_aslin_2002_14,14,1,0,2,NA,NA,NA,1,0,2,1,0,2,NA,NA,NA,NA,NA,NA,0,2,1766.6666666666667,0,2,1766.6666666666667,0,2,3533.3333333333335,0,-11
816_swingley_aslin_2002_15,15,0.4341612783727352,0.07998620957406376,4,NA,NA,NA,1.25,0.5,4,0,0,4,NA,NA,NA,NA,NA,NA,9,4,493.75,143.91596699308784,4,470.83333333333337,167.42881295466262,4,1033.3333333333335,265.2741419180738,-10
817_swingley_aslin_2002_14,14,0.644148591036296,0.1795112759686191,6,NA,NA,NA,1.5,0.5477225575051661,6,0.16666666666666666,0.408248290463863,6,NA,NA,NA,NA,NA,NA,7,6,779.1666666666666,343.94565139148233,6,686.1111111111111,414.7846384526509,6,1744.4444444444446,609.0672893555875,-11
818_swingley_aslin_2002_14,14,0.5472779948749315,0.328995455795395,7,NA,NA,NA,1.2857142857142858,0.4879500364742666,7,0.42857142857142855,0.5345224838248488,7,NA,NA,NA,NA,NA,NA,7,7,786.9047619047619,640.8880041492694,7,785.7142857142858,640.4879918662549,7,1642.857142857143,1241.9689096296947,-11
1299_potter_remix_23,23,0.7835680751173709,0.3973950310834214,5,NA,NA,NA,1,0,4,0.8,0.44721359549995793,5,NA,NA,NA,NA,NA,NA,1,5,1333.3333333333333,285.7738033247041,4,1333.3333333333333,285.7738033247041,4,2666.6666666666665,571.5476066494082,-2
1300_potter_remix_20,20,0.8792134831460674,0.24157303370786515,4,NA,NA,NA,1.25,0.5,4,0.75,0.5,4,NA,NA,NA,NA,NA,NA,2,4,1079.1666666666667,483.88378617031435,4,1120.8333333333335,404.6889523425963,4,2241.666666666667,809.3779046851926,-5
1301_potter_remix_22,22,1,0,2,NA,NA,NA,1,0,2,1,0,2,NA,NA,NA,NA,NA,NA,0,2,1416.6666666666667,141.4213562373095,2,1416.6666666666667,141.4213562373095,2,2833.3333333333335,282.842712474619,-3
1302_potter_remix_28,28,0.9578651685393258,0.05056179775280901,4,NA,NA,NA,1,0,4,1,0,4,NA,NA,NA,NA,NA,NA,0,4,1512.5,183.77472118914542,4,1512.5,183.77472118914542,4,3025,367.54944237829085,3
1303_potter_remix_25,25,0.6417910447761194,NA,1,NA,NA,NA,1,NA,1,0,NA,1,NA,NA,NA,NA,NA,NA,1,1,716.6666666666667,NA,1,716.6666666666667,NA,1,1433.3333333333335,NA,0
1304_potter_remix_27,27,0.4416610307372535,0.19363519740692461,5,NA,NA,NA,1.2,0.44721359549995793,5,0,0,5,NA,NA,NA,NA,NA,NA,6,5,485,217.65798859678915,5,490,211.34489978863144,5,980,422.6897995772629,2
1305_potter_remix_19,19,0.9288389513108615,0.17430825884973927,6,0.5801886792452831,0.2551824305492874,4,1,0,6,0.8333333333333334,0.408248290463863,6,NA,NA,NA,NA,NA,NA,1,6,1275,299.95370013090724,6,1275,299.95370013090724,6,2550,599.9074002618145,-6
1306_potter_remix_29,29,0.8938510572139303,0.12871315188750426,4,NA,NA,NA,1.5,0.5773502691896257,4,0.5,0.5773502691896257,4,NA,NA,NA,NA,NA,NA,2,4,797.9166666666667,160.49330781017582,4,904.1666666666667,165.2018966799918,4,1808.3333333333335,330.4037933599836,4
1307_potter_remix_25,25,0.8272011323909408,0.1310587290374182,4,0.3679245283018868,0.2001245607131738,2,1.25,0.5,4,0.5,0.5773502691896257,4,NA,NA,NA,NA,NA,NA,3,4,887.5,344.3660305009235,4,875,365.78176047514495,4,1800,646.9300723559838,0
1308_potter_remix_25,25,0.6973130126776068,0.279723042128122,5,0.31603773584905664,0.10714921407170326,4,1.4,0.5477225575051661,5,0.4,0.5477225575051661,5,NA,NA,NA,NA,NA,NA,6,5,871.6666666666667,499.08249151150693,5,893.3333333333334,496.45968841611125,5,1793.3333333333335,985.8442518414807,0
1309_potter_remix_18,18,0.5636428930546578,0.10052005209853349,3,NA,NA,NA,1.6666666666666667,0.5773502691896257,3,0,0,3,NA,NA,NA,NA,NA,NA,5,3,619.4444444444445,159.06264780244894,3,527.7777777777778,266.84022130050727,3,1444.4444444444446,359.52643749696523,-7
1310_potter_remix_21,21,0.5177304964539007,0.47365321368344404,3,0.10377358490566035,0.08004982428526951,2,1,0,2,0.3333333333333333,0.5773502691896257,3,NA,NA,NA,NA,NA,NA,1,3,1125,907.453702522736,2,1125,907.453702522736,2,2250,1814.907405045472,-4
1311_potter_remix_23,23,0.703125,0.4198446513295126,2,NA,NA,NA,1,0,2,0.5,0.7071067811865476,2,NA,NA,NA,NA,NA,NA,1,2,1058.3333333333335,671.7514421272202,2,1058.3333333333335,671.7514421272202,2,2116.666666666667,1343.5028842544405,-2
1312_potter_remix_28,28,0.7005583308845137,0.2824024709415624,3,NA,NA,NA,1,0,3,0.3333333333333333,0.5773502691896257,3,NA,NA,NA,NA,NA,NA,2,3,922.2222222222223,325.0356105846683,3,922.2222222222223,325.0356105846683,3,1844.4444444444446,650.0712211693366,3
1313_potter_remix_21,21,0.7916666666666666,NA,1,NA,NA,NA,1,NA,1,1,NA,1,NA,NA,NA,NA,NA,NA,1,1,950.0000000000001,NA,1,950.0000000000001,NA,1,1900.0000000000002,NA,-4
1314_potter_remix_26,26,0.5492217250571211,0.2778799981521897,4,-0.330188679245283,0.16009964857053902,2,1,0,4,0.25,0.5,4,NA,NA,NA,NA,NA,NA,4,4,775,462.38111585173584,4,775,462.38111585173584,4,1550,924.7622317034717,1
1315_potter_remix_19,19,0.7706093189964158,0.39731631428103276,3,NA,NA,NA,1,0,3,0.6666666666666666,0.5773502691896257,3,NA,NA,NA,NA,NA,NA,1,3,1266.6666666666667,823.1038816577164,3,1266.6666666666667,823.1038816577164,3,2533.3333333333335,1646.2077633154329,-6
1316_potter_remix_18,18,0.7638888888888888,0.4722222222222222,4,0.7924528301886793,0.05336654952351301,2,1,0,3,0.75,0.5,4,NA,NA,NA,NA,NA,NA,0,4,1461.1111111111113,125.09255832441892,3,1461.1111111111113,125.09255832441892,3,2922.2222222222226,250.18511664883783,-7
1317_potter_remix_20,20,0.6339393939393939,0.4158247140772967,3,NA,NA,NA,1,0,3,0.6666666666666666,0.5773502691896257,3,NA,NA,NA,NA,NA,NA,2,3,1000,656.5905201197404,3,1000,656.5905201197404,3,2000,1313.1810402394808,-5
1318_potter_remix_19,19,0.9184782608695652,0.11528914910650227,2,NA,NA,NA,1,0,2,1,0,2,NA,NA,NA,NA,NA,NA,1,2,1508.3333333333335,318.1980515339464,2,1508.3333333333335,318.1980515339464,2,3016.666666666667,636.3961030678928,-6
1319_potter_remix_20,20,0.6636035726554449,0.19687737758560522,2,NA,NA,NA,1,0,2,0.5,0.7071067811865476,2,NA,NA,NA,NA,NA,NA,2,2,833.3333333333335,164.99158227686112,2,833.3333333333335,164.99158227686112,2,1666.666666666667,329.98316455372225,-5
1320_potter_remix_18,18,1,0,2,NA,NA,NA,1.5,0.7071067811865476,2,1,0,2,NA,NA,NA,NA,NA,NA,0,2,1241.6666666666667,718.8918942063234,2,1241.6666666666667,718.8918942063234,2,2483.3333333333335,1437.7837884126468,-7
1321_potter_remix_26,26,0.796875,0.24672331838181275,4,NA,NA,NA,1.25,0.5,4,0.5,0.5773502691896257,4,NA,NA,NA,NA,NA,NA,3,4,1120.8333333333335,624.2588197807654,4,1129.1666666666667,614.2407237123462,4,2258.3333333333335,1228.4814474246923,1
1322_potter_remix_23,23,0.8722943722943723,0.13107307235673316,3,NA,NA,NA,1.3333333333333333,0.5773502691896257,3,0.3333333333333333,0.5773502691896257,3,NA,NA,NA,NA,NA,NA,3,3,1233.3333333333335,636.6143084928093,3,1277.7777777777778,561.8257275598442,3,2555.5555555555557,1123.6514551196883,-2
1323_potter_remix_20,20,0.9698490960705214,0.04308141220780947,5,0.7712264150943396,0.12874852890524702,4,1,0,5,1,0,5,NA,NA,NA,NA,NA,NA,0,5,1396.6666666666667,212.58985028557788,5,1396.6666666666667,212.58985028557788,5,2793.3333333333335,425.17970057115576,-5
1324_potter_remix_22,22,0.7525773195876289,0.4285486534191037,3,NA,NA,NA,1,0,3,0.6666666666666666,0.5773502691896257,3,NA,NA,NA,NA,NA,NA,1,3,1055.5555555555557,554.8606765399495,3,1055.5555555555557,554.8606765399495,3,2111.1111111111113,1109.721353079899,-3
1325_potter_remix_28,28,1,0,2,NA,NA,NA,1,0,2,1,0,2,NA,NA,NA,NA,NA,NA,0,2,1383.3333333333335,47.14045207910322,2,1383.3333333333335,47.14045207910322,2,2766.666666666667,94.28090415820644,3
1327_potter_remix_27,27,0.8111111111111111,NA,1,NA,NA,NA,1,NA,1,1,NA,1,NA,NA,NA,NA,NA,NA,1,1,1216.6666666666667,NA,1,1216.6666666666667,NA,1,2433.3333333333335,NA,2
1328_potter_remix_19,19,1,0,2,NA,NA,NA,1,0,2,1,0,2,NA,NA,NA,NA,NA,NA,0,2,1608.3333333333335,82.4957911384306,2,1608.3333333333335,82.4957911384306,2,3216.666666666667,164.9915822768612,-6
1329_potter_remix_29,29,0.8621359223300971,0.19030116875342318,5,NA,NA,NA,1.2,0.44721359549995793,5,1,0,5,NA,NA,NA,NA,NA,NA,2,5,1260,406.64617434707424,5,1246.6666666666667,428.72550140568444,5,2546.666666666667,771.2183723030578,4
1330_potter_remix_25,25,0.7058823529411765,NA,1,NA,NA,NA,1,NA,1,0,NA,1,NA,NA,NA,NA,NA,NA,1,1,1016.6666666666667,NA,1,1016.6666666666667,NA,1,2033.3333333333335,NA,0
1331_potter_remix_25,25,0.596938775510204,0.570014650140176,2,NA,NA,NA,1,0,2,0.5,0.7071067811865476,2,NA,NA,NA,NA,NA,NA,2,2,1025,1001.7346066809424,2,1025,1001.7346066809424,2,2050,2003.4692133618848,0
1333_potter_remix_23,23,1,0,3,NA,NA,NA,1,0,3,1,0,3,NA,NA,NA,NA,NA,NA,0,3,1555.5555555555557,108.44011831079524,3,1555.5555555555557,108.44011831079524,3,3111.1111111111113,216.88023662159048,-2
1334_potter_remix_21,21,0.945663082437276,0.06079647611559531,3,NA,NA,NA,1,0,3,1,0,3,NA,NA,NA,NA,NA,NA,1,3,1494.4444444444446,34.69443332443557,3,1494.4444444444446,34.69443332443557,3,2988.888888888889,69.38886664887114,-4
1335_potter_remix_26,26,0.8118811881188119,0.17904100316856558,3,NA,NA,NA,1.3333333333333333,0.5773502691896257,3,0.3333333333333333,0.5773502691896257,3,NA,NA,NA,NA,NA,NA,3,3,1150,561.9905100029122,3,1133.3333333333335,583.8093296045664,3,2333.3333333333335,1081.6653826391969,1
1336_potter_remix_19,19,0.47275132275132276,0.20937394431894046,3,NA,NA,NA,1,0,3,0.3333333333333333,0.5773502691896257,3,NA,NA,NA,NA,NA,NA,3,3,733.3333333333334,464.5786621588785,3,733.3333333333334,464.5786621588785,3,1466.6666666666667,929.157324317757,-6
1337_potter_remix_18,18,1,0,2,NA,NA,NA,1,0,2,1,0,2,NA,NA,NA,NA,NA,NA,0,2,1083.3333333333335,188.56180831641265,2,1083.3333333333335,188.56180831641265,2,2166.666666666667,377.1236166328253,-7
1338_potter_remix_20,20,0.9054054054054055,0.13377695860286032,2,NA,NA,NA,1,0,2,1,0,2,NA,NA,NA,NA,NA,NA,1,2,1091.6666666666667,129.63624321753375,2,1091.6666666666667,129.63624321753375,2,2183.3333333333335,259.2724864350675,-5
1339_potter_remix_19,19,0.7679328633799847,0.20237971128670157,4,0.4433962264150944,0.09339146166614784,2,1.5,0.5773502691896257,4,0.25,0.5,4,NA,NA,NA,NA,NA,NA,5,4,854.1666666666667,464.95220781877737,4,787.5,521.4607332257111,4,1841.6666666666667,852.1758643048415,-6
1341_potter_remix_18,18,1,0,3,NA,NA,NA,1,0,3,1,0,3,NA,NA,NA,NA,NA,NA,0,3,1505.5555555555557,157.52718754175365,3,1505.5555555555557,157.52718754175365,3,3011.1111111111113,315.0543750835073,-7
1342_potter_remix_26,26,0.8044354838709677,0.2535197082196476,4,NA,NA,NA,1,0,4,0.5,0.5773502691896257,4,NA,NA,NA,NA,NA,NA,2,4,1050,506.4400077812588,4,1050,506.4400077812588,4,2100,1012.8800155625177,1
1803_garrison_bergelson_2020_17,17,0.6331236897274634,0.25582587261921047,9,0.2531446540880503,0.24975364627127675,6,1.3333333333333333,0.5,9,0.5555555555555556,0.5270462766947299,9,NA,NA,NA,NA,NA,NA,11,9,927.7777777777778,505.88549978121426,9,951.851851851852,541.1821194567991,9,120.66666666666667,57.56735185849702,-8
1804_garrison_bergelson_2020_16,16,0.6068246837519075,0.16701710235230793,9,0.09669811320754718,0.14397743022894827,4,1.4444444444444444,0.5270462766947299,9,0.2222222222222222,0.44095855184409843,9,NA,NA,NA,NA,NA,NA,14,9,775.925925925926,341.3983815694967,9,757.4074074074075,370.91395295112204,9,99.77777777777777,38.65804501581067,-9
1805_garrison_bergelson_2020_15,15,0.44167673575611116,0.2381716724943525,7,-0.21698113207547173,0.3540355424276007,4,1.7142857142857142,0.7559289460184544,7,0,0,7,NA,NA,NA,NA,NA,NA,12,7,423.80952380952385,157.55867303876184,7,433.33333333333337,171.59383568311668,7,57.714285714285715,20.11396103634062,-10
1806_garrison_bergelson_2020_15,15,0.6029549686149082,0.2821538924713524,8,0.0023584905660377353,0.12341014577312384,2,1.375,0.7440238091428449,8,0.25,0.4629100498862757,8,NA,NA,NA,NA,NA,NA,9,8,794.4444444444445,528.1828019828038,8,802.0833333333334,532.2487111080594,8,97.5,62.516283593042495,-10
1807_garrison_bergelson_2020_17,17,0.6871079276253367,0.24941182004876444,9,0.28144654088050314,0.39617774483949914,6,1.1111111111111112,0.3333333333333333,9,0.5555555555555556,0.5270462766947299,9,NA,NA,NA,NA,NA,NA,9,9,1076.851851851852,550.7850738090714,9,1081.4814814814815,544.4444444444445,9,129.77777777777777,65.33333333333333,-8
1808_garrison_bergelson_2020_17,17,0.5528816357784664,0.3037367095301617,9,-0.01294146105466859,0.13157574998217653,4,1.5,0.5345224838248488,8,0.2222222222222222,0.44095855184409843,9,NA,NA,NA,NA,NA,NA,10,9,727.0833333333334,383.5079829884549,8,625,436.5266951236265,8,99.5,47.3980108081703,-8
1811_garrison_bergelson_2020_14,14,0.5635652018151421,0.3027753900990637,8,0.28773584905660377,0.0880783872588737,4,1.25,0.4629100498862757,8,0.25,0.4629100498862757,8,NA,NA,NA,NA,NA,NA,8,8,752.0833333333334,454.2949796898801,8,775,466.7516929344155,8,94.5,54.84263200936189,-11
1812_garrison_bergelson_2020_17,17,0.6162826012679853,0.2879711223395464,7,0.2417452830188679,0.33768171362627036,4,1,0,7,0.5714285714285714,0.5345224838248488,7,NA,NA,NA,NA,NA,NA,6,7,1042.857142857143,547.5414023629513,7,1042.857142857143,547.5414023629513,7,125.14285714285714,65.70496828355415,-8
1813_garrison_bergelson_2020_12,12,0.7581523709493924,0.14876204422875244,8,0.5934115840280825,0.03680196296848486,4,1.5,0.5345224838248488,8,0.375,0.5175491695067657,8,NA,NA,NA,NA,NA,NA,12,8,905.2083333333334,471.7818616691405,8,939.5833333333334,453.6393837357935,8,117.75,51.05109485323783,-13
1814_garrison_bergelson_2020_12,12,0.7209147434436085,0.20134738071696268,7,0.32647531112003214,0.16084467449095033,4,1.8571428571428572,0.6900655593423543,7,0.14285714285714285,0.3779644730092272,7,NA,NA,NA,NA,NA,NA,10,7,727.3809523809524,500.36362439105886,7,640.4761904761905,530.710315665184,7,98.28571428571429,58.758585998740884,-13
1815_garrison_bergelson_2020_14,14,0.7609501347708895,0.21939743004479617,7,0.30660377358490565,0.12264150943396225,4,1.1428571428571428,0.3779644730092272,7,0.7142857142857143,0.4879500364742666,7,NA,NA,NA,NA,NA,NA,5,7,1080.952380952381,490.31627844693566,7,1073.8095238095239,499.8941686939146,7,130.57142857142858,57.75481839309209,-11
1819_garrison_bergelson_2020_13,13,0.6505494505494506,0.486777216938181,5,0.28773584905660377,0.10006228035658693,2,1,0,4,0.6,0.5477225575051661,5,NA,NA,NA,NA,NA,NA,1,5,1208.3333333333335,680.4818554197867,4,1208.3333333333335,680.4818554197867,4,145,81.65782265037441,-12
1820_garrison_bergelson_2020_15,15,0.5731613400077011,0.22525382665402058,8,0.3820754716981132,5.551115123125783e-17,2,1.5,0.5345224838248488,8,0.25,0.4629100498862757,8,NA,NA,NA,NA,NA,NA,14,8,706.2500000000001,514.1017362722044,8,762.5,513.6045974674317,8,94.25,58.714198818149114,-10
1821_garrison_bergelson_2020_12,12,0.6067401960784313,0.3343036462059751,6,-0.3867924528301887,0,2,1.2,0.44721359549995793,5,0.5,0.5477225575051661,6,NA,NA,NA,NA,NA,NA,6,6,1021.6666666666667,656.8971676669712,5,1026.6666666666667,651.1314938030737,5,123.2,78.13577925636885,-13
1822_garrison_bergelson_2020_13,13,0.865890263199947,0.2013037588003689,8,0.6485849056603774,0.050031140178293486,2,1.4285714285714286,0.5345224838248488,7,0.625,0.5175491695067657,8,NA,NA,NA,NA,NA,NA,7,7,803.5714285714286,472.2840762478116,7,804.7619047619048,481.38633573545087,7,102.57142857142857,53.15028109946721,-12
1823_garrison_bergelson_2020_14,14,0.6439485661261102,0.3625710161520467,7,0.6615853658536586,0.01293488014365629,2,1.1666666666666667,0.408248290463863,6,0.2857142857142857,0.4879500364742666,7,NA,NA,NA,NA,NA,NA,5,7,943.0555555555557,422.900588090638,6,966.6666666666667,410.96093353126514,6,116,49.31531202375181,-11
1824_garrison_bergelson_2020_15,15,0.8198424217292142,0.2271746170788103,5,0.1981132075471698,3.925231146709438e-17,2,1.6,0.5477225575051661,5,0.4,0.5477225575051661,5,NA,NA,NA,NA,NA,NA,5,5,1055,658.2700391514446,5,990.0000000000001,756.0496750287716,5,144.8,65.56828501646204,-10
1825_garrison_bergelson_2020_12,12,0.805878084179971,0.2589163287266594,7,0.6014150943396227,0.29657022470977634,4,1.1428571428571428,0.3779644730092272,7,0.7142857142857143,0.4879500364742666,7,NA,NA,NA,NA,NA,NA,3,7,1189.2857142857144,576.8832743019269,7,1166.6666666666667,610.1760523118019,7,145.42857142857142,65.77450656816602,-13
1826_garrison_bergelson_2020_12,12,0.8368231323822672,0.19268674708073655,6,0.3867924528301887,5.551115123125783e-17,2,1.1666666666666667,0.408248290463863,6,0.8333333333333334,0.408248290463863,6,NA,NA,NA,NA,NA,NA,4,6,1318.0555555555557,502.0628741797482,6,1397.2222222222224,416.92214389988214,6,167.66666666666666,50.03065726798586,-13
1827_garrison_bergelson_2020_14,14,0.7233466742900705,0.35520467253916693,5,0.2995283018867924,0.4827863409446557,4,1,0,5,0.6,0.5477225575051661,5,NA,NA,NA,NA,NA,NA,3,5,1260,626.0102945550408,5,1260,626.0102945550408,5,151.2,75.12123534660489,-11
1828_garrison_bergelson_2020_16,16,0.5804668893829086,0.25600131174066215,9,0.23820754716981135,0.34378671039292813,6,1.7777777777777777,0.6666666666666666,9,0.1111111111111111,0.3333333333333333,9,NA,NA,NA,NA,NA,NA,18,9,592.283950617284,460.7297992031769,9,612.962962962963,456.114156167938,9,79.55555555555556,54.284231391609275,-9
1829_garrison_bergelson_2020_15,15,0.7910608234330084,0.3186975763088873,8,0.6596491906382101,0.18400467231507825,4,1.1428571428571428,0.3779644730092272,7,0.625,0.5175491695067657,8,NA,NA,NA,NA,NA,NA,4,8,1291.6666666666667,504.53957742201476,7,1311.904761904762,477.81469034226893,7,157.42857142857142,57.33776284107227,-10
1830_garrison_bergelson_2020_15,15,0.6893851880374792,0.23595526026821614,7,0.18867924528301888,0.14161421697104032,4,1.7142857142857142,0.7559289460184544,7,0.2857142857142857,0.4879500364742666,7,NA,NA,NA,NA,NA,NA,12,7,869.8412698412699,594.367485004892,7,873.8095238095239,584.1151223778376,7,106.57142857142857,69.52902785373685,-10
1831_garrison_bergelson_2020_17,17,0.6770293513378408,0.3054399972056612,6,0.6910377358490567,0.07671441494004999,2,1.1666666666666667,0.408248290463863,6,0.3333333333333333,0.5163977794943222,6,NA,NA,NA,NA,NA,NA,5,6,998.6111111111112,567.166854409477,6,991.6666666666667,571.4260912644589,6,120.66666666666667,67.6067057817985,-8
1832_garrison_bergelson_2020_18,18,0.8154864003920608,0.2433403683840159,7,0.49764150943396224,0.14433756729740643,4,1.2857142857142858,0.4879500364742666,7,0.5714285714285714,0.5345224838248488,7,NA,NA,NA,NA,NA,NA,6,7,1235.7142857142858,652.0216830230995,7,1245.2380952380954,637.6834729238415,7,151.14285714285714,74.2864468828345,-7
1833_garrison_bergelson_2020_17,17,0.6698479183595505,0.16225024543635777,9,0.23820754716981135,0.1607238211075549,4,2.111111111111111,0.7817359599705717,9,0.1111111111111111,0.3333333333333333,9,NA,NA,NA,NA,NA,NA,22,9,620.6790123456791,404.58910509841303,9,603.7037037037037,432.83447068405457,9,86,47.01063709417264,-8
1834_garrison_bergelson_2020_14,14,0.6652616084571122,0.2331464299233387,9,0.41037735849056606,0.09259391109644939,4,1.6666666666666667,0.5,9,0.2222222222222222,0.44095855184409843,9,NA,NA,NA,NA,NA,NA,14,9,705.5555555555555,421.5546623313913,9,746.2962962962963,452.82889963614184,9,99.33333333333333,51.87484939737175,-11
1835_garrison_bergelson_2020_13,13,0.5990566037735849,0.13589490840460317,6,0.1273584905660377,0.01634010195819697,4,1.6666666666666667,0.5163977794943222,6,0,0,6,NA,NA,NA,NA,NA,NA,12,6,683.3333333333334,349.80153103025594,6,600,424.65672411176223,6,92.66666666666667,34.63331729226449,-12
1836_garrison_bergelson_2020_14,14,0.8291350159274687,0.2970628735713698,10,0.36127435818125586,5.551115123125783e-17,2,1.1111111111111112,0.3333333333333333,9,0.6,0.5163977794943222,10,NA,NA,NA,NA,NA,NA,4,10,1479.6296296296298,411.1955618965954,9,1498.1481481481483,370.007924506396,9,179.77777777777777,44.40095094076752,-11
1837_garrison_bergelson_2020_17,17,0.8363581910751722,0.13075397677514208,7,0.5589622641509434,0.20674157547935026,4,1.1428571428571428,0.3779644730092272,7,0.42857142857142855,0.5345224838248488,7,NA,NA,NA,NA,NA,NA,4,7,1160.7142857142858,382.9319845114857,7,1188.095238095238,327.1247193511704,7,142.57142857142858,39.25496632214045,-8
1916_frank_tablet_2016_14,14,0.738562091503268,0.4528237405408829,3,NA,NA,NA,1.5,0.7071067811865476,2,0.6666666666666666,0.5773502691896257,3,NA,NA,NA,NA,NA,NA,0,3,1145.8333333333335,595.1482074986775,2,1000,801.3876853447539,2,645.8333333333334,194.45436482630058,-11
1918_frank_tablet_2016_15,15,1,0,2,NA,NA,NA,1,0,2,1,0,2,NA,NA,NA,NA,NA,NA,0,2,1375,553.9003119294622,2,1375,553.9003119294622,2,687.5,276.9501559647311,-10
1920_frank_tablet_2016_17,17,0.5795400517860385,0.3421590959383042,5,0.17924528301886794,0.1523129690353753,4,1.75,0.5,4,0.2,0.44721359549995793,5,NA,NA,NA,NA,NA,NA,5,5,641.6666666666667,174.53642302672233,4,537.5,169.07975326148002,4,372.9166666666667,104.38865235618643,-8
1923_frank_tablet_2016_20,20,0.9217891054472763,0.12084165731725247,3,NA,NA,NA,1,0,3,0.6666666666666666,0.5773502691896257,3,NA,NA,NA,NA,NA,NA,1,3,916.6666666666667,169.14819275153695,3,916.6666666666667,169.14819275153695,3,458.33333333333337,84.57409637576848,-5
1925_frank_tablet_2016_22,22,0.5794619461946194,0.1936552482532081,5,NA,NA,NA,1.8,0.8366600265340756,5,0,0,5,NA,NA,NA,NA,NA,NA,9,5,455,220.4477766325218,5,503.33333333333337,194.86462537418694,5,253.33333333333334,98.17784316682094,-3
1926_frank_tablet_2016_22,22,0.43763846091087666,0.18584206610178364,4,NA,NA,NA,1.25,0.5,4,0,0,4,NA,NA,NA,NA,NA,NA,7,4,531.25,268.2569767136645,4,591.6666666666667,278.3882181415011,4,295.83333333333337,139.19410907075056,-3
1930_frank_tablet_2016_24,24,0.731377389919047,0.2678596907284948,7,0.004716981132075471,0.060037368213952134,2,1,0,7,0.5714285714285714,0.5345224838248488,7,NA,NA,NA,NA,NA,NA,4,7,1083.3333333333335,515.8595846847387,7,1083.3333333333335,515.8595846847387,7,541.6666666666667,257.92979234236935,-1
1932_frank_tablet_2016_26,26,0.6972497871959141,0.2300193565949982,6,0.009433962264150941,0,2,1.1666666666666667,0.408248290463863,6,0.5,0.5477225575051661,6,NA,NA,NA,NA,NA,NA,6,6,1005.5555555555557,448.78436626893256,6,994.4444444444446,460.51500960780214,6,508.33333333333337,219.21577396609842,1
1935_frank_tablet_2016_27,27,0.6923076923076923,0.43514263457633695,2,NA,NA,NA,4,NA,1,0.5,0.7071067811865476,2,NA,NA,NA,NA,NA,NA,0,2,329.1666666666667,NA,1,300,NA,1,283.33333333333337,NA,2
1936_frank_tablet_2016_28,28,0.8426328452172949,0.22747077987750552,7,0.033018867924528295,0.03335409345219563,2,1.1428571428571428,0.3779644730092272,7,0.7142857142857143,0.4879500364742666,7,NA,NA,NA,NA,NA,NA,4,7,1235.7142857142858,506.2048856376104,7,1250,480.54752722902026,7,625,240.27376361451013,3
1940_frank_tablet_2016_32,32,0.6157964468533574,0.2701851426961045,5,NA,NA,NA,1.25,0.5,4,0.4,0.5477225575051661,5,NA,NA,NA,NA,NA,NA,6,5,387.5,154.7847968417226,4,329.1666666666667,174.4700971938023,4,197.91666666666669,72.12867873665992,7
1941_frank_tablet_2016_34,34,0.8189882828031987,0.14486403310863688,4,NA,NA,NA,2,0.816496580927726,4,0.25,0.5,4,NA,NA,NA,NA,NA,NA,3,4,588.1944444444446,270.9757460332412,4,504.16666666666674,246.97240811550262,4,362.50000000000006,189.6024105175725,9
1943_frank_tablet_2016_36,36,0.9678571428571429,0.09091372900969896,8,0.8419811320754718,0.18120003311126995,4,1.625,0.5175491695067657,8,1,0,8,NA,NA,NA,NA,NA,NA,1,8,1081.25,474.16907271964664,8,1270.8333333333335,397.5869676251937,8,635.4166666666667,198.79348381259686,11
1944_frank_tablet_2016_38,38,0.5758442265795207,0.2556498667697086,6,0.18867924528301885,0.04002491214263472,2,1.3333333333333333,0.5163977794943222,6,0.5,0.5477225575051661,6,NA,NA,NA,NA,NA,NA,6,6,600.0000000000001,300.3701420285017,6,616.6666666666667,439.570497442927,6,363.8888888888889,197.60135702038158,13
1945_frank_tablet_2016_38,38,0.7452203122307058,0.14732232672934417,8,0.5400943396226414,0.1710949041890739,4,1.875,0.6408699444616557,8,0.625,0.5175491695067657,8,NA,NA,NA,NA,NA,NA,11,8,695.1388888888889,315.9618653456991,8,754.1666666666667,355.3167600887974,8,397.9166666666667,152.1505885210491,13
1946_frank_tablet_2016_38,38,0.8732169894015459,0.20640388170502857,6,NA,NA,NA,1.5,0.5477225575051661,6,0.8333333333333334,0.408248290463863,6,NA,NA,NA,NA,NA,NA,2,6,972.2222222222223,430.75085176502705,6,1125,388.4084333676486,6,562.5,194.2042166838243,13
1950_frank_tablet_2016_43,43,0.6626609139388753,0.2572328700864288,8,0.3113207547169812,0.25996229793006775,4,1.6,0.5477225575051661,5,0.25,0.4629100498862757,8,NA,NA,NA,NA,NA,NA,7,7,330,182.3458252881047,5,353.33333333333337,224.96913368529272,5,176.66666666666669,112.48456684264636,18
1951_frank_tablet_2016_44,44,0.9089386544166906,0.14896498175598213,6,0.8443396226415094,0.22013701678449124,2,1.6666666666666667,0.816496580927726,6,0.6666666666666666,0.5163977794943222,6,NA,NA,NA,NA,NA,NA,3,6,815.7407407407408,505.5026427336455,6,872.2222222222223,481.97126086136745,6,436.11111111111114,240.98563043068373,19
1953_frank_tablet_2016_46,46,0.7148896395687867,0.21251915340678643,10,0.2908805031446541,0.24422242885319584,6,1.7,0.9486832980505138,10,0.3,0.48304589153964794,10,NA,NA,NA,NA,NA,NA,10,10,641.9444444444445,235.62386180605853,10,648.3333333333334,238.23554067247434,10,346.6666666666667,102.00157345675763,21
1954_frank_tablet_2016_47,47,0.6651524727986773,0.2574598967974104,9,0.4504716981132076,0.28347709236600716,4,1.5555555555555556,0.5270462766947299,9,0.3333333333333333,0.5,9,NA,NA,NA,NA,NA,NA,15,9,673.1481481481482,340.5667707053082,9,644.4444444444445,359.30101895516833,9,386.11111111111114,170.32444529974748,22
1956_frank_tablet_2016_51,51,0.9088072806195432,0.1687147872684919,7,0.8301886792452831,0.20012456071317386,2,1.1666666666666667,0.408248290463863,6,0.8571428571428571,0.3779644730092272,7,NA,NA,NA,NA,NA,NA,3,7,1220.8333333333335,568.6179639168015,6,1233.3333333333335,553.0722275516001,6,616.6666666666667,276.53611377580006,26
1957_frank_tablet_2016_51,51,0.814559925093633,0.17905013806779055,4,0.6839622641509433,0.060037368213952134,2,2,0.816496580927726,4,0.5,0.5773502691896257,4,NA,NA,NA,NA,NA,NA,5,4,325.69444444444446,80.2316284113121,4,287.5,83.19432851039966,4,204.16666666666669,96.34525108902571,26
1958_frank_tablet_2016_53,53,0.7543420558654865,0.20930262594377988,7,NA,NA,NA,1.4285714285714286,0.7867957924694432,7,0.7142857142857143,0.4879500364742666,7,NA,NA,NA,NA,NA,NA,8,7,957.1428571428572,523.0658501545323,7,1026.1904761904761,451.73094487852677,7,513.0952380952381,225.86547243926339,28
1959_frank_tablet_2016_54,54,0.6715745703760514,0.2736420462887381,8,0.49056603773584906,0.2702573610045962,4,1.5,0.5345224838248488,8,0.25,0.4629100498862757,8,NA,NA,NA,NA,NA,NA,11,8,665.625,125.86506222494346,8,691.6666666666667,194.77296510683394,8,373.95833333333337,106.10692981872371,29
1960_frank_tablet_2016_56,56,0.8537972281265067,0.18542724124041138,6,0.5471698113207547,0.09114073425276373,4,1.8333333333333333,1.1690451944500122,6,0.6666666666666666,0.5163977794943222,6,NA,NA,NA,NA,NA,NA,4,6,618.75,302.9685306357008,6,600,328.464440828667,6,337.5,131.94590642464897,31
1961_frank_tablet_2016_58,58,0.904289990023279,0.15444495421704973,5,0.7099056603773586,0.12689176067522126,4,2.6,0.5477225575051661,5,0.8,0.44721359549995793,5,NA,NA,NA,NA,NA,NA,6,5,507.22222222222223,204.422553175802,5,590,315.7002798013753,5,333.33333333333337,135.91255358583408,33
1962_frank_tablet_2016_59,59,0.725445178975913,0.22179579618300735,6,0.5047169811320755,0.046695730833073885,2,1.5,0.5477225575051661,6,0.3333333333333333,0.5163977794943222,6,NA,NA,NA,NA,NA,NA,9,6,893.0555555555557,615.5940371044204,6,861.1111111111112,497.73561329358455,6,461.11111111111114,294.42347933747607,34
1963_frank_tablet_2016_60,60,0.9183220960224444,0.1490071495374948,7,0.4056603773584906,0.0667081869043913,2,2,0.816496580927726,7,0.7142857142857143,0.4879500364742666,7,NA,NA,NA,NA,NA,NA,3,7,800.7936507936508,537.7965118736096,7,752.3809523809524,552.7229373769877,7,488.09523809523813,229.87804450167778,35
1965_frank_tablet_2016_12,12,0.5695957963718223,0.16158210103835208,6,-0.16981132075471697,0.04002491214263472,2,1.5,0.5477225575051661,6,0.5,0.5477225575051661,6,NA,NA,NA,NA,NA,NA,8,6,691.6666666666666,266.0409325231322,6,619.4444444444445,325.4768581407673,6,381.94444444444446,127.62974516879618,-13
1971_frank_tablet_2016_17,17,0.7473684210526316,NA,1,NA,NA,NA,2,NA,1,0,NA,1,NA,NA,NA,NA,NA,NA,1,1,533.3333333333334,NA,1,683.3333333333334,NA,1,341.6666666666667,NA,-8
1973_frank_tablet_2016_17,17,0.6137212871571301,0.17622502870742807,5,NA,NA,NA,1.25,0.5,4,0,0,5,NA,NA,NA,NA,NA,NA,4,5,289.58333333333337,82.60094833999588,4,279.1666666666667,62.91528696058958,4,150,51.37011669140815,-8
1975_frank_tablet_2016_19,19,0.47197197197197194,0.5365234636030061,2,NA,NA,NA,2,NA,1,0.5,0.7071067811865476,2,NA,NA,NA,NA,NA,NA,1,2,316.6666666666667,NA,1,433.33333333333337,NA,1,216.66666666666669,NA,-6
1978_frank_tablet_2016_19,19,0.6282933485656258,0.3503391974756576,6,-0.339622641509434,0,2,1,0,5,0.5,0.5477225575051661,6,NA,NA,NA,NA,NA,NA,4,6,1273.3333333333335,446.99614713726066,5,1273.3333333333335,446.99614713726066,5,636.6666666666667,223.49807356863033,-6
1981_frank_tablet_2016_23,23,0.8512727842333105,0.11441773002724699,7,0.6981132075471699,0.24014947285580862,2,1.7142857142857142,0.4879500364742666,7,0.7142857142857143,0.4879500364742666,7,NA,NA,NA,NA,NA,NA,8,7,828.5714285714287,493.4960585337636,7,876.1904761904763,507.9786688851492,7,471.42857142857144,216.23124746657774,-2
1983_frank_tablet_2016_24,24,0.9057692307692308,0.21070640557209555,5,0.7617924528301887,0.26974919019000637,4,1,0,5,0.8,0.44721359549995793,5,NA,NA,NA,NA,NA,NA,1,5,1593.3333333333335,378.3370043874758,5,1396.6666666666667,509.4114250780012,5,796.6666666666667,189.1685021937379,-1
1985_frank_tablet_2016_28,28,0.7380593846415127,0.2727135224257652,7,0.2735849056603774,0.12007473642790423,2,1.8333333333333333,0.752772652709081,6,0.2857142857142857,0.4879500364742666,7,NA,NA,NA,NA,NA,NA,8,7,658.3333333333334,385.71722515046923,6,652.7777777777778,433.13029431321456,6,372.22222222222223,179.866205419061,3
1986_frank_tablet_2016_28,28,0.6022408963585434,0.28633836384344563,4,NA,NA,NA,1.5,0.5773502691896257,4,0.25,0.5,4,NA,NA,NA,NA,NA,NA,5,4,600,193.76866696216987,4,600,171.5938356831167,4,372.9166666666667,159.33528009038514,3
1987_frank_tablet_2016_30,30,0.7262376237623762,0.0371056033691951,2,0.4292452830188679,0.006670818690439126,2,1,0,2,0,0,2,NA,NA,NA,NA,NA,NA,2,2,1066.6666666666667,70.71067811865476,2,1066.6666666666667,70.71067811865476,2,533.3333333333334,35.35533905932738,5
1988_frank_tablet_2016_31,31,0.763057331018496,0.2408123485486827,7,0.4386792452830189,0.245222537294112,4,1.2857142857142858,0.4879500364742666,7,0.42857142857142855,0.5345224838248488,7,NA,NA,NA,NA,NA,NA,5,7,1088.095238095238,491.09800312895663,7,1123.8095238095239,512.6056479054345,7,588.0952380952382,223.39225709298998,6
1990_frank_tablet_2016_31,31,0.597950568301612,0.32201078337269046,4,NA,NA,NA,1,0,4,0.75,0.5,4,NA,NA,NA,NA,NA,NA,3,4,866.6666666666667,742.4932971389684,4,866.6666666666667,742.4932971389684,4,433.33333333333337,371.2466485694842,6
1993_frank_tablet_2016_33,33,0.6666666666666666,NA,1,NA,NA,NA,1,NA,1,1,NA,1,NA,NA,NA,NA,NA,NA,1,1,216.66666666666669,NA,1,216.66666666666669,NA,1,108.33333333333334,NA,8
1995_frank_tablet_2016_34,34,0.6145183783984274,0.39172951139673406,5,0.5613207547169812,0.006670818690439126,2,1.75,0.9574271077563381,4,0.4,0.5477225575051661,5,NA,NA,NA,NA,NA,NA,5,5,578.4722222222223,542.5438054795185,4,525,574.8590809606847,4,335.4166666666667,252.888406804852,9
1996_frank_tablet_2016_35,35,0.7208335657445304,0.21998901371788823,10,0.39308176100628933,0.3272193531001997,6,1.8,0.7888106377466155,10,0.3,0.48304589153964794,10,NA,NA,NA,NA,NA,NA,14,10,627.5,335.6821821825553,10,670,350.02645402671857,10,342.5,168.89482811194358,10
1998_frank_tablet_2016_38,38,0.8595232032570148,0.1657382959462537,8,0.7617924528301887,0.07678688960424389,4,1.875,0.8345229603962802,8,0.5,0.5345224838248488,8,NA,NA,NA,NA,NA,NA,8,8,818.7500000000001,538.802459932139,8,833.3333333333334,530.722777603022,8,465.62500000000006,248.5049542797634,13
1999_frank_tablet_2016_38,38,0.8026490242759444,0.19327777302914012,10,0.5400943396226415,0.13283139472008232,4,1.7,0.9486832980505138,10,0.5,0.5270462766947299,10,NA,NA,NA,NA,NA,NA,7,10,906.6666666666667,521.9384571828558,10,836.6666666666667,575.2508846120218,10,494.1666666666667,257.9911114365123,13
2005_frank_tablet_2016_43,43,0.7242171428205544,0.19931824875226686,6,0.5094339622641509,0.06670818690439126,2,1.5,0.8366600265340756,6,0.5,0.5477225575051661,6,NA,NA,NA,NA,NA,NA,5,6,625.925925925926,236.86915351048492,6,661.1111111111112,201.5679280779302,6,338.8888888888889,93.7885723118563,18
2006_frank_tablet_2016_44,44,0.65042777753371706,0.26770713717874656,6,0.18160377358490565,0.13635801758348312,4,1.3333333333333333,0.5163977794943222,6,0.3333333333333333,0.5163977794943222,6,NA,NA,NA,NA,NA,NA,7,6,883.3333333333334,584.0471822645078,6,808.3333333333334,648.5667960117053,6,479.1666666666667,281.945128625333,19
2007_frank_tablet_2016_44,44,0.5581895927161677,0.3135751503731332,7,-0.009433962264150941,0.3869074840454694,2,1.1666666666666667,0.408248290463863,6,0.14285714285714285,0.3779644730092272,7,NA,NA,NA,NA,NA,NA,5,7,798.6111111111111,534.3328308031186,6,725,582.9760810797568,6,436.11111111111114,272.1144911545438,19
2008_frank_tablet_2016_44,44,0.6723261166779156,0.2740889942084256,11,0.08647798742138364,0.28411214415172664,6,1.2,0.4216370213557839,10,0.5454545454545454,0.5222329678670935,11,NA,NA,NA,NA,NA,NA,9,11,1080.8333333333335,457.85412658899116,10,1051.6666666666667,502.67494344300883,10,565.8333333333334,208.66455152164298,19
2009_frank_tablet_2016_45,45,0.9676375404530745,0.05605342419316753,3,0.8915094339622642,0.020012456071317377,2,1.6666666666666667,0.5773502691896257,3,0.6666666666666666,0.5773502691896257,3,NA,NA,NA,NA,NA,NA,2,3,986.1111111111112,699.321761370205,3,833.3333333333334,808.4621890423269,3,569.4444444444445,330.228596469061,20
2011_frank_tablet_2016_47,47,0.728296566364912,0.21040239958615667,6,0.44811320754716977,0.2868452036888825,2,1.1666666666666667,0.408248290463863,6,0.5,0.5477225575051661,6,NA,NA,NA,NA,NA,NA,6,6,926.3888888888889,469.70489159171547,6,900,510.6640556939345,6,476.3888888888889,217.26946062094996,22
2012_frank_tablet_2016_47,47,0.8211152322526071,0.22326751655604482,9,0.5424528301886793,0.2689423928650098,6,1.7777777777777777,0.97182531580755,9,0.4444444444444444,0.5270462766947299,9,NA,NA,NA,NA,NA,NA,6,9,756.4814814814815,486.3907925592545,9,787.0370370370371,469.4690986294,9,402.77777777777783,225.77028640240113,22
2014_frank_tablet_2016_49,49,0.6892890010419634,0.27132225141653904,7,-0.32075471698113206,0.040024912142634754,2,1.5714285714285714,1.1338934190276817,7,0.2857142857142857,0.4879500364742666,7,NA,NA,NA,NA,NA,NA,7,7,792.2619047619048,536.6133329014655,7,816.6666666666667,533.2465207123736,7,425.00000000000006,250.32386429790716,24
2015_frank_tablet_2016_50,50,0.7859986383115063,0.24750584135100961,4,NA,NA,NA,2,0.816496580927726,4,0.5,0.5773502691896257,4,NA,NA,NA,NA,NA,NA,8,4,589.5833333333334,392.7216878071213,4,570.8333333333334,426.5223280161266,4,354.1666666666667,186.89717910004836,25
2016_frank_tablet_2016_51,51,0.8842700365813103,0.13371315230222316,4,NA,NA,NA,2,0.816496580927726,4,0.75,0.5,4,NA,NA,NA,NA,NA,NA,4,4,797.2222222222223,411.2987559751022,4,779.1666666666667,463.35631437811884,4,479.1666666666667,160.22264601577487,26
2018_frank_tablet_2016_54,54,0.7389162561576355,0.16719766254657276,2,NA,NA,NA,1.5,0.7071067811865476,2,0.5,0.7071067811865476,2,NA,NA,NA,NA,NA,NA,3,2,900,848.5281374238571,2,925,813.1727983645296,2,462.5,406.5863991822648,29
2021_frank_tablet_2016_56,56,0.47008969426292513,0.21817917186088642,5,-0.28773584905660377,0.3402117532123955,2,1.25,0.5,4,0,0,5,NA,NA,NA,NA,NA,NA,5,5,529.1666666666667,110.8677891304173,4,529.1666666666667,110.8677891304173,4,264.58333333333337,55.43389456520865,31
2022_frank_tablet_2016_58,58,0.7893262148164109,0.23955080281531752,6,0.8396226415094339,0.22680783547493036,2,1.6666666666666667,0.816496580927726,6,0.3333333333333333,0.5163977794943222,6,NA,NA,NA,NA,NA,NA,7,6,810.6481481481482,554.4055226448369,6,805.5555555555555,572.0981526768779,6,434.72222222222223,254.42837164179684,33
2023_frank_tablet_2016_60,60,0.834054834054834,0.27911393192654516,6,0.28301886792452835,5.551115123125783e-17,2,1.5,0.8366600265340756,6,0.5,0.5477225575051661,6,NA,NA,NA,NA,NA,NA,3,6,895.8333333333334,478.18377452839434,6,838.8888888888889,494.71278611002236,6,495.83333333333337,239.7770955607636,35
2024_frank_tablet_2016_28,28,1,NA,1,NA,NA,NA,1,NA,1,1,NA,1,NA,NA,NA,NA,NA,NA,0,1,1283.3333333333335,NA,1,1283.3333333333335,NA,1,641.6666666666667,NA,3
