recording_name,age_months,exp_to_target_lang,fre_exp,eng_exp,subject_id,mean_prop_looking,sd_prop_looking,n_trials_prop_looking,mean_prop_looking_diff,sd_prop_looking_diff,n_trials_prop_looking_diff,mean_number_fixations,sd_number_fixations,n_trials_number_fixations,mean_prop_shift_target_initial,sd_prop_shift_target_initial,n_trials_prop_shift_target_initial,prop_shift_distractor_initial,sd_prop_shift_distractor_initial,n_trials_prop_shift_distractor_initial,mean_RT,sd_RT,n_trials_RT,total_aoi_switches,n_trials_total_aoi_switches,mean_duration_of_look,sd_duration_of_look,n_trials_duration_of_look,mean_peak_pupil_size_difference,sd_peak_pupil_size_difference,n_trials_peak_pupil_size_difference,mean_mean_pupil_size_difference,sd_mean_pupil_size_difference,n_trials_mean_pupil_size_difference,mean_peak_pupil_latency,sd_peak_pupil_latency,n_trials_peak_pupil_latency,mean_first_look_dur,sd_first_look_dur,n_trials_first_look_dur,exp_to_target_lang_centred,age_months_centred
CompMix36_S01_88272000_F1,46,65,65,35,88272000,0.5575713291343349,0.3387796475387355,14,0.10953878406708596,0.5257600258133852,12,1.4615384615384615,0.6602252917735247,13,0.5714285714285714,0.5345224838248488,7,0.8333333333333334,0.408248290463863,6,460.2,273.4039136515789,5,15,14,1033.3333333333335,640.3847223291579,13,0.0442857142857142,0.08794353833037376,14,0.004077617784514352,0.089279664470802,14,418.7857142857143,261.1425129846002,14,1062.820512820513,707.0463421265468,13,0.15000000000000002,21
CompMix36_S04_82812000_F1,39,70,70,30,82812000,0.7687440261647006,0.19867486475308502,15,0.49910152740341424,0.20893682551044815,14,1.2666666666666666,0.5936168397046637,15,1,0,5,1,0,10,372,131.03434664239754,10,17,15,1633.1481481481483,613.3818442781501,15,0.04566666666666667,0.07480609855454537,15,0.028386507936507974,0.05077955958434208,15,437.53333333333336,222.4618319322815,15,1557.7777777777778,721.1341009371222,15,0.19999999999999996,14
CompMix36_S21_503484000_F1,37,50,50,50,503484000,0.847971791112014,0.12690687634292583,13,0.49937106918238994,0.1691552406003477,10,2.1538461538461537,0.8006407690254357,13,0.3333333333333333,0.5773502691896257,3,1,0,6,257,130.64149417394154,6,12,13,898.7179487179487,628.9654197240181,13,0.10692307692307697,0.14985463041364527,13,0.05771993810786917,0.09893174514078645,13,363.9230769230769,186.18112218055367,13,826.9230769230769,560.693125182377,13,0,12
CompMix36_S25_93468000_F1,37,90,90,10,93468000,0.9091529383239937,0.12970179872192597,14,0.5927672955974843,0.11138630960903466,12,2.4285714285714284,0.646206172658864,14,1,0,10,1,0,3,337,258.37182508934677,3,5,14,760.7142857142858,236.4410895361792,14,0.13214285714285717,0.1433086272258675,14,0.08364536340852131,0.10599337150923957,14,381.92857142857144,224.40569864069315,14,844.047619047619,409.742839033453,14,0.4,12
CompMix36_S28_502428000_F1,38,40,40,60,502428000,0.8320781226778294,0.1835985819263849,11,0.4009433962264151,0.2437403975751525,8,1.0909090909090908,0.30151134457776363,11,0.6666666666666666,0.5773502691896257,3,1,0,3,623.3333333333334,628.9374637699151,3,5,11,1690.909090909091,615.6461662515263,11,0.025000000000000227,0.16795336654361337,7,0.010925697865352977,0.11990813458710284,7,406.42857142857144,198.710725379765,7,1634.848484848485,689.1401464246162,11,-0.09999999999999998,13
CompMix36_S13_536412000_F2,40.43333333333333,70,70,40,536412000,0.7321289846277536,0.21514493218114225,14,0.33962264150943394,0.28217267565811865,12,1.7857142857142858,0.8017837257372732,14,0.75,0.5,4,1,0,7,513.1428571428571,142.8722372977906,7,12,14,923.2142857142858,432.7310727445874,14,0.09884615384615379,0.08834482266838112,13,0.04941979285082733,0.10225872752471109,13,397.2307692307692,152.822966122108,13,802.3809523809524,512.5292212998228,14,0.19999999999999996,15.43333333333333
CompMix36_S15_97932000_F2,39.46666666666667,45,45,50,97932000,0.5627342777394975,0.284107682800181,12,-0.0025157232704402623,0.31404864066523475,10,1.5,0.7977240352174656,12,0.3333333333333333,0.5773502691896257,3,0.8333333333333334,0.408248290463863,6,810.2,462.03917582819753,5,12,12,825.2314814814815,644.1564341765003,12,0.06249999999999989,0.16575584454250772,12,0.05202777777777782,0.11544828815992575,12,401.1666666666667,213.76062794772582,12,691.6666666666667,608.3800314164353,12,-0.04999999999999999,14.466666666666669
CompMix36_S17_94332000_F2,38,40,40,60,94332000,0.6443366169042721,0.27766768237556966,16,0.26690251572327045,0.389314229978365,16,1.75,0.6831300510639732,16,0.625,0.5175491695067657,8,1,0,6,400.8333333333333,162.67073082354634,6,22,16,1054.1666666666667,698.2525219160615,16,0.11218749999999994,0.0976211853714824,16,0.05351412835249042,0.11694947009551446,16,380.125,215.9589081283752,16,1102.0833333333335,766.5187055290471,16,-0.09999999999999998,13
CompMix36_S24_545388000_F2,41,40,40,60,545388000,0.6351568953665809,0.20513392356562826,15,0.2376460017969452,0.2747452559944118,14,1.3333333333333333,0.4879500364742666,15,0.4,0.5477225575051661,5,1,0,10,285.7,233.37240149121698,10,23,15,1397.7777777777778,722.0140115013232,15,0.07100000000000002,0.16100354920666451,15,0.019644444444444353,0.1343637581737799,15,335.53333333333336,215.2031819555871,15,1252.2222222222224,780.9707702054822,15,-0.09999999999999998,16
CompMix36_S30_109320000_F2,40.2,60,60,40,109320000,0.5146070796548532,0.21519219228694952,16,0.029481132075471705,0.1556857866308112,16,1.1875,0.4031128874149275,16,0.375,0.5175491695067657,8,1,0,6,498,250.27424957434195,6,20,16,1084.8958333333335,521.5736405341053,16,0.06406250000000008,0.06812289752107344,16,0.03192187499999999,0.0401070496799226,16,416.25,153.04618039445916,16,1184.375,545.9096638740801,16,0.09999999999999998,15.200000000000003
CompMix36_S03_86508000_E1,43.2,30,70,30,86508000,0.8556713517636446,0.22630539962451357,16,0.7032232704402516,0.29089183501072946,16,1.375,0.6191391873668903,16,0.75,0.4629100498862757,8,1,0,6,306.5,182.91938114918275,6,11,16,1889.236111111111,837.1977527206424,16,0.10375000000000004,0.15576156992874304,16,0.04435516624579122,0.1190864520297976,16,369.4375,231.92986547661343,16,1866.6666666666667,884.2866972667648,16,-0.2,18.200000000000003
CompMix36_S05_96120000_E1,46,40,60,40,96120000,0.7812239877631485,0.16217192745884693,16,0.5157232704402516,0.2905905405008069,16,1.9375,0.9287087810503355,16,0.4,0.5477225575051661,5,1,0,7,261.2857142857143,251.98327608905205,7,18,16,1168.6631944444446,587.595095348553,16,0.10343749999999996,0.08728724133571868,16,0.06843795897190297,0.07614491226225671,16,421.5,187.2171644552568,16,878.125,506.8317987480879,16,-0.09999999999999998,21
CompMix36_S06_93168000_E1,44.333333333333336,50,50,50,93168000,0.5982187259581533,0.27732591336440704,14,0.1069182389937107,0.3322365636606526,12,1.2857142857142858,0.4688072309384954,14,0.42857142857142855,0.5345224838248488,7,0.8571428571428571,0.3779644730092272,7,515,338.2300991928424,6,15,14,1223.8095238095239,735.514364055101,14,0.07999999999999992,0.11625568637870837,14,0.009434523809523825,0.10611273525804456,14,384.14285714285717,189.72241145050157,14,1291.6666666666667,690.3099142977579,14,0,19.333333333333336
CompMix36_S26_83640000_E1,44,40,60,40,83640000,0.7241647020608084,0.2749197353436094,12,0.3529874213836478,0.2416375610073916,8,1.6666666666666667,0.778498944161523,12,0.5714285714285714,0.5345224838248488,7,1,0,5,526.6,217.743656624022,5,8,12,952.7777777777778,715.3911599848798,12,0.15416666666666665,0.16897866101608183,12,0.1081249999999998,0.12314172001020084,12,340.25,197.99867997723436,12,841.6666666666667,678.0281868935998,12,-0.09999999999999998,19
CompMix36_S29_98280000_E1,40.43333333333333,20,80,20,98280000,0.7104529366866978,0.27133877047294713,15,0.431266846361186,0.2804399438251055,14,1.3333333333333333,0.816496580927726,15,0.625,0.5175491695067657,8,1,0,7,555.7142857142857,427.58925551114055,7,15,15,1612.7777777777778,854.5273144943532,15,0.1267857142857143,0.121964798560536,14,0.07716379310344819,0.10778342224458923,14,435.2857142857143,161.41939096719383,14,1502.2222222222224,954.955053098916,15,-0.3,15.43333333333333
CompMix36_S07_535140000_E2,41.266666666666666,50,50,50,535140000,0.6568809404814181,0.28608607380284906,14,0.30974842767295596,0.3090107249764925,12,1.6923076923076923,0.7510676161988108,13,0.6666666666666666,0.5773502691896257,3,1,NA,1,371,NA,1,13,14,857.2649572649573,635.8952998597063,13,0.2975000000000001,0.22384532778065913,14,0.1754128536934215,0.13564245846300732,14,456.7857142857143,132.10437515111275,14,629.1666666666667,589.9462824373218,12,0,16.266666666666666
CompMix36_S14_94020000_E2,38,55,45,55,94020000,0.5721757063318657,0.23519013690975357,16,0.1285377358490566,0.25533836002092697,16,1.4666666666666666,0.6399404734221844,15,0.2857142857142857,0.4879500364742666,7,0.8888888888888888,0.3333333333333333,9,305.625,181.11790753145152,8,23,16,1107.962962962963,548.4786023081377,15,0.09125000000000003,0.12843286183839384,16,0.027947916666666628,0.10712013796823329,16,410.125,216.54803162347147,16,866.6666666666667,547.7225575051662,15,0.050000000000000044,13
CompMix36_S20_85212000_E2,48,20,80,20,85212000,0.6058689297040071,0.22271393750516252,14,0.16876310272536688,0.3227143730711677,12,1.4285714285714286,0.5135525910130955,14,0.2,0.44721359549995793,5,0.8,0.44721359549995793,5,308,119.1217864204529,4,20,14,1098.2142857142858,604.3748851759989,14,0.06464285714285703,0.10512747364169704,14,0.026610056610056505,0.07910390661666136,14,411.57142857142856,216.44104341534964,14,1037.1794871794873,555.9507141655604,13,-0.3,23
Mix_20_S29,21.033333333333335,42,58,42,17328000,0.3500491642084562,0.3586993155719302,3,NA,NA,NA,1.5,0.7071067811865476,2,NA,NA,NA,0,0,2,NA,NA,NA,2,3,687.5,17.67766952966369,2,0.09166666666666679,0.10420332688227057,3,0.03583333333333331,0.03004175335170106,3,282.6666666666667,288.82924597992724,3,600,141.42135623730945,2,-0.08000000000000002,-3.966666666666665
Mix_20_S36,21.3,62,38,62,16464000,0.6479256177029702,0.34395974428094095,11,0.20723636540296866,0.22707262710850432,10,1.3,0.48304589153964794,10,0.6,0.5477225575051661,5,0.75,0.5,4,207.66666666666666,214.23429541820175,3,8,11,1280.8333333333335,687.0051529988066,10,0.09800000000000009,0.1663697354956389,10,0.03637516708437771,0.11425280159768568,10,458,206.4864805905381,10,1163.3333333333335,785.9412851502991,10,0.12,-3.6999999999999993
Mix_14_S23,14.3,77,23,77,55704000,0.4952691240567489,0.34932866828503295,7,-0.00940434577124083,0.33426467388388453,4,1.2,0.44721359549995793,5,0,0,3,0.5,0.7071067811865476,2,900,NA,1,5,7,1251.6666666666667,418.0144867239784,5,0.13083333333333327,0.11231280722458446,6,0.05364880952380938,0.08561346277603431,6,557.8333333333334,116.75344391779913,6,1220,473.37441136307035,5,0.27,-10.7
Mix_14_S24,14,27,73,27,18348000,0.6747994852535651,0.41921621345395393,5,-0.29324024119327197,0.06014110357283234,2,1,0,4,1,NA,1,NA,NA,NA,NA,NA,NA,2,5,1541.6666666666667,491.50185561610465,4,-0.09400000000000004,0.10731961610069249,5,-0.10912549857549862,0.09500673992054258,5,349.6,183.26565417447975,5,1254.1666666666667,760.6496979312902,4,-0.22999999999999998,-11
Mix_20_S41,20.5,29,71,29,40632000,0.18115942028985507,0.36231884057971014,4,NA,NA,NA,1,NA,1,1,NA,1,0,0,2,NA,NA,NA,1,4,1666.6666666666667,NA,1,-0.02749999999999997,0.1429743566751278,4,-0.052739583333333284,0.15789039789943704,4,229,210.40754105624004,4,1666.6666666666667,NA,1,-0.21000000000000002,-4.5
Mix_20_S45,20.366666666666667,91,9,91,58560000,0.695018730712187,0.15540994091869506,6,0.3177651151056305,0.1250679578155205,4,1.3333333333333333,0.5163977794943222,6,0,NA,1,NA,NA,NA,NA,NA,NA,7,6,945.8333333333334,413.71454195160004,6,0.0866666666666666,0.1145280169507299,6,0.044083333333333176,0.05307081223338405,6,427.5,183.70710383651473,6,619.4444444444445,453.6783817574672,6,0.41000000000000003,-4.633333333333333
Mix_14_S30,14.466666666666667,24.1,75.9,24.1,62880000,0.3838898360428951,0.29881255354220143,11,-0.15372458901925173,0.2579231870453511,10,1.125,0.3535533905932738,8,0,0,5,0.4,0.5477225575051661,5,527,224.8599564173221,2,9,11,1022.9166666666667,602.5038694468383,8,0.049090909090909136,0.06999350619229548,11,-0.0036691919191919357,0.08867617208738675,11,258.6363636363636,148.52021594872042,11,987.5,623.8481449331304,8,-0.259,-10.533333333333333
Mix_14_S32,14.133333333333333,69,28,69,72444000,0.46557615591648127,0.3551304753556303,12,-0.0706983815253943,0.19124251816231239,12,1.6,0.699205898780101,10,0.3333333333333333,0.5163977794943222,6,0.5,0.5477225575051661,6,813.3333333333334,518.0215568230084,3,18,12,848.6111111111112,559.2228495629009,10,0.010416666666666704,0.06020640004235946,12,-0.011743055555555585,0.046115145443875225,12,351.0833333333333,247.56173089971037,12,913.3333333333334,600.2468627958802,10,0.18999999999999995,-10.866666666666667
Mix_14_S34,14.8,57,43,57,70908000,0.4217605862173522,0.35159396045755376,11,-0.11968521768702824,0.30727154991353356,10,1.1428571428571428,0.3779644730092272,7,0.5,0.5477225575051661,6,0.25,0.5,4,1384,NA,1,8,11,1225.0000000000002,635.1035202874265,7,-0.020000000000000018,0.07078135347674552,11,-0.06592032392894463,0.12506613768945024,11,304.27272727272725,160.63131133691894,11,1061.904761904762,665.1868496697339,7,0.06999999999999995,-10.2
Mix_20_S47,20.2,80,20,80,61680000,0.6347329301047756,0.27574187459467686,12,0.2672113383906532,0.17836003731208847,12,1.1818181818181819,0.40451991747794525,11,0.4,0.5477225575051661,5,0.8571428571428571,0.3779644730092272,7,812.8333333333334,409.6659208021417,6,10,12,1434.848484848485,617.8571637097646,11,0.05166666666666675,0.08381075363127594,12,0.0025138888888889266,0.06945318379352552,12,481.5833333333333,241.2073639511083,12,1412.1212121212122,648.3779294469696,11,0.30000000000000004,-4.800000000000001
Mix_14_S41,14.866666666666667,85,6,85,68436000,0.5599213796481717,0.37596014030960534,12,0.10030727354942824,0.40509428270882625,12,1.4444444444444444,0.5270462766947299,9,0.6,0.5477225575051661,5,0.4,0.5477225575051661,5,376.5,58.68986283848344,2,11,12,1326.851851851852,706.1212736396064,9,0.09583333333333333,0.10881246029362414,12,0.018916706138688826,0.14259525583641236,12,438.6666666666667,226.67651493757006,12,1342.5925925925926,676.7524120093655,9,0.35,-10.133333333333333
Mix_14_S43,14,48,52,48,68664000,0.4687228908577363,0.32328547226590204,10,-0.13328269819225919,0.4414359125522279,8,1.125,0.3535533905932738,8,0.3333333333333333,0.5773502691896257,3,0.5714285714285714,0.5345224838248488,7,772.5,487.69218434035486,4,9,10,1217.7083333333335,615.8365954549854,8,0.046499999999999944,0.10645943411042111,10,-0.0124083333333334,0.09403301273790972,10,346.3,183.62948807010517,10,1212.5,622.1921052802068,8,-0.020000000000000018,-11
Mix_20_S51,21.7,40,60,40,49872000,0.6863179291282677,0.33499090613952415,10,0.34834082395255783,0.278543278096781,8,1.1111111111111112,0.3333333333333333,9,1,0,3,1,0,4,843.5,249.59233428399466,4,7,10,1612.0370370370372,731.4975971032997,9,0.09833333333333351,0.05291502622129184,9,0.08425604731525782,0.08036678512626863,9,322.1111111111111,192.63530598286263,9,1483.3333333333335,690.15899939394,9,-0.09999999999999998,-3.3000000000000007
Mix_14_S46,14,29,71,29,51576000,0.47208302402325597,0.2651029562324927,5,-0.26086956521739124,0.15371886547533642,2,1,0,4,0,NA,1,1,0,3,1268,133,3,4,5,945.8333333333334,192.14915117245843,4,0.07999999999999999,0.10776131031126136,5,-0.02530000000000001,0.12122713988395689,5,422.8,302.55115269983685,5,841.6666666666667,289.47589933584504,4,-0.21000000000000002,-11
Mix_20_S53,21.133333333333333,25,73,25,64716000,0.44153487756467064,0.2640365626306759,7,-0.2663043478260869,0.47526418069098697,4,1.2,0.44721359549995793,5,0,0,3,0.5,0.5773502691896257,4,593.5,222.73863607376248,2,8,7,1066.6666666666667,372.49161064378353,5,0.04642857142857145,0.15153971662335172,7,-0.007904521404521438,0.16767281179262414,7,221.14285714285714,166.12989754148066,7,1040,363.7383064176161,5,-0.25,-3.866666666666667
Mix_20_S54,20.3,47,53,47,68664000,0.39553327212111883,0.4092624844733813,10,-0.14141665087479366,0.21279479276914343,8,1,0,6,0.3333333333333333,0.5773502691896257,3,0.3333333333333333,0.5163977794943222,6,509.5,482.95393155041194,2,4,10,1388.888888888889,799.0735376162313,6,0.01749999999999998,0.08923284148787375,10,-0.037519696969697015,0.1242649734300428,10,301.3,219.77769070889187,10,1152.7777777777778,703.2003560442364,6,-0.030000000000000027,-4.699999999999999
Mix_14_S48,15.1,60,40,60,92556000,0.48872505870542376,0.39023935615943217,11,-0.07948673749036315,0.12356991918092204,10,1.375,0.5175491695067657,8,0.5,0.5477225575051661,6,0,0,3,NA,NA,NA,8,11,1093.75,629.4169322501378,8,0.050454545454545426,0.0806056618809916,11,-0.007450149583444739,0.08951941985199552,11,392.09090909090907,202.27182430850547,11,1104.1666666666667,649.7099474942769,8,0.09999999999999998,-9.9
Mix_20_S56,20.2,91.5,8.5,91.5,91668000,0.6970883262088386,0.34328793147563025,4,0.24999999999999997,0.056363584007623334,2,1.25,0.5,4,0.6666666666666666,0.5773502691896257,3,1,NA,1,1268,NA,1,3,4,1210.4166666666667,824.9964926973709,4,-0.030000000000000027,0.07820912137766708,4,-0.03480681818181808,0.09150694689875495,4,312,175.47079529084036,4,1141.6666666666667,886.2634839385876,4,0.41500000000000004,-4.800000000000001
Mix_20_S58,20.133333333333333,82,18,82,85728000,0.640966249532903,0.13723969697524543,7,0.22059134666243524,0.17513507848315368,4,1,0,7,0.6666666666666666,0.5773502691896257,3,1,0,4,635,373.4425435503209,4,9,7,1469.0476190476193,320.94025223185315,7,0.04928571428571425,0.034086724129853925,7,0.020440476190476176,0.04685771197954163,7,364,189.39376969689368,7,1469.0476190476193,320.94025223185315,7,0.31999999999999995,-4.866666666666667
Mix_20_S65,20.9,67,33,67,84744000,0.5908601005391486,0.2592774957301714,11,0.23369198642989766,0.16447881376175158,10,1.3636363636363635,0.674199862463242,11,0.4,0.5477225575051661,5,0.8,0.44721359549995793,5,863.75,344.9235422524824,4,16,11,1110.858585858586,595.5084643299912,11,0.08818181818181815,0.08432890154842297,11,0.045582491582491655,0.062450471796032726,11,317.8181818181818,186.48207323054845,11,1039.3939393939395,639.1953590810145,11,0.17000000000000004,-4.100000000000001
Mix_20_S01,22,39,61,39,4224000,0.42468139799124677,0.38097186320083654,9,-0.013550267397085404,0.13852402506561862,8,1.3333333333333333,0.5163977794943222,6,1,0,2,0.8,0.44721359549995793,5,755.25,519.0679949036863,4,6,9,1056.9444444444446,481.7334632653514,6,0.06277777777777788,0.09644010806943572,9,0.014818930041152287,0.05148875100867789,9,468.22222222222223,183.55774144514976,9,1080.5555555555557,580.8438943723431,6,-0.10999999999999999,-3
Mix_20_S02,20.533333333333335,64,36,64,5364000,0.6278196226190451,0.31162673803760793,12,0.255745331761974,0.25818130526468036,12,1.1818181818181819,0.40451991747794525,11,1,0,3,0.6,0.5477225575051661,5,735,283.50132274823693,3,8,12,1390.909090909091,619.1667176475365,11,0.08045454545454556,0.1250890591829386,11,-0.004954403340766931,0.10632106185456933,11,428.3636363636364,226.2442364911304,11,1345.4545454545455,654.772687829351,11,0.14,-4.466666666666665
Mix_20_S04,21.366666666666667,55,45,55,4824000,0.6040899262568801,0.2825616136365246,12,0.19955478718467204,0.3597920368169473,12,1.4166666666666667,0.7929614610987591,12,0.5,0.5477225575051661,6,1,0,6,460.1666666666667,343.0973136978293,6,14,12,1046.5277777777778,722.2116597906727,12,0.1016666666666668,0.09434784126579224,12,0.031310139573070606,0.11542714346413795,12,365,217.38403387051724,12,1013.8888888888889,748.3595977483603,12,0.050000000000000044,-3.633333333333333
Mix_14_S01,14,60,40,60,19872000,0.4893200918582522,0.3129625698594578,9,0.059231734997065306,0.4260156390745901,6,1.375,0.7440238091428449,8,0.25,0.5,4,1,NA,1,618,NA,1,9,9,740.6250000000001,382.9562715929601,8,0.008333333333333304,0.1811767093199344,9,-0.027964355332776414,0.22050914857367362,9,292.55555555555554,222.82678873460836,9,714.5833333333334,414.56015130209886,8,0.09999999999999998,-11
Mix_14_S02,14,55,45,55,20520000,0.3061522171749946,0.3159955955298565,10,-0.27369343655510375,0.452074089141276,8,1.125,0.3535533905932738,8,0.25,0.5,4,0.2,0.44721359549995793,5,385,NA,1,10,10,770.8333333333334,657.2398996669981,8,-0.007999999999999874,0.04308905506815694,10,-0.029010919540229763,0.053918576373893086,10,231.4,164.451411263834,10,869.0476190476192,710.79171894787,7,0.050000000000000044,-11
Mix_20_S19,19.633333333333333,50,50,50,21636000,0.615467356543333,0.2050528057024388,11,0.1794571517996935,0.18064550207257657,10,1.2727272727272727,0.46709936649691375,11,0.3333333333333333,0.5773502691896257,3,0.875,0.3535533905932738,8,525.8571428571429,430.6040054665185,7,16,11,1153.787878787879,570.469636405485,11,0.13772727272727273,0.34256651643413444,11,-0.03491221033868093,0.16874597397129013,11,277.09090909090907,197.0017535685683,11,1042.4242424242425,476.0580984830666,11,0,-5.366666666666667
Mix_20_S25,21.2,36,64,36,7548000,0.6274982401266621,0.3065834098183133,12,0.22232736409843754,0.3097083474962471,12,1.2727272727272727,0.46709936649691375,11,0.3333333333333333,0.5773502691896257,3,0.7777777777777778,0.44095855184409843,9,494.57142857142856,415.9514623698528,7,9,12,1183.3333333333335,580.4811222885146,11,0.07583333333333331,0.12297141821158974,12,0.007390213195170155,0.12396244169737046,12,394.1666666666667,202.8048024056331,12,1051.5151515151515,641.6755213871531,11,-0.14,-3.8000000000000007
Mix_20_S32,21.633333333333333,38,62,38,34956000,0.6094700333491733,0.33645132458170757,12,0.21705069292897514,0.299200874777102,12,1.3,0.48304589153964794,10,0.25,0.5,4,0.75,0.4629100498862757,8,346.5,157.26633460470808,6,12,12,1420.8333333333335,591.1415249067992,10,0.05041666666666681,0.15259063377269091,12,-0.009937500000000044,0.15526280313267612,12,349.5833333333333,198.00296523644346,12,1411.6666666666667,617.7942643683411,10,-0.12,-3.366666666666667
Mix_20_S37,20.533333333333335,56,43,56,20736000,0.6334507121942516,0.19919534240300896,7,0.2931214468984253,0.2538762629655028,4,1.6666666666666667,0.816496580927726,6,0,NA,1,1,0,3,685.3333333333334,579.5112883571237,3,10,7,882.8703703703704,250.44661752647548,6,0.10428571428571422,0.06373307431706682,7,0.07072619047619051,0.04243226394866914,7,473.57142857142856,155.80849050769254,7,647.2222222222223,306.85079013652125,6,0.06000000000000005,-4.466666666666665
Mix_20_S39,21.466666666666665,18,74,18,34344000,0.5104148462774951,0.44234122390995056,7,-0.27491382806163833,0.03688224238853193,2,1.6,0.8944271909999159,5,1,0,2,0.6666666666666666,0.5773502691896257,3,1009.5,389.6158364337877,2,3,7,1236.111111111111,1019.4028147721745,5,-0.04583333333333347,0.17065804014656524,6,-0.06114898989898979,0.15299707565060525,6,286,193.73693504337265,6,1033.3333333333335,848.7736251007489,5,-0.32,-3.533333333333335
Mix_20_S42,20.866666666666667,77.5,22.5,77.5,39912000,0.47313326742604644,0.41944497205416237,11,-0.13595752404740757,0.16839542126889118,10,1.25,0.4629100498862757,8,0.5,0.5773502691896257,4,0.3333333333333333,0.5163977794943222,6,793.5,200.11121907579295,2,8,11,1180.2083333333335,761.0291890507891,8,0.10499999999999998,0.09354143466934856,10,0.05841481481481479,0.06348997739077354,10,434.6,184.2933651666398,10,1062.5,864.3627802450867,8,0.275,-4.133333333333333
Mix_20_S43,21,63,37,63,39540000,0.5293778888515095,0.4477240814438858,12,0.08735156557508564,0.5972002923516858,12,1.375,0.5175491695067657,8,1,0,3,0.5,0.5773502691896257,4,426.5,246.7802666341051,2,7,12,1425,833.6189986562416,8,0.03666666666666677,0.06886526150697639,12,-0.01168326118326122,0.06177702951875499,12,383,183.72212218951256,12,681.25,473.45718533908257,8,0.13,-4
Mix_14_S28,14.3,50,50,50,62748000,0.5701917576142232,0.3906453487952758,9,0.12636629671346866,0.11991638065478075,8,1.4285714285714286,0.5345224838248488,7,0.75,0.5,4,0.5,0.5773502691896257,4,94,130.10764773832474,2,5,9,1190.4761904761906,727.2861237643035,7,0.05833333333333332,0.1402453207775575,9,-0.0028968253968253916,0.10955548293309172,9,442.22222222222223,201.06390636920503,9,876.1904761904763,478.21593050679127,7,0,-10.7
Mix_14_S29,14.3,50,50,50,64476000,0.6680974061330646,0.40995626327182055,9,0.15884683557501822,0.5800322793478642,6,1.625,1.1877349391654208,8,0.8333333333333334,0.408248290463863,6,0.5,0.7071067811865476,2,53,NA,1,3,9,1230.9027777777778,897.0525879002602,8,-0.0062500000000002,0.1567926291999358,8,-0.0161979166666667,0.12851345536295172,8,287.25,248.56488086614328,8,1272.9166666666667,874.7306841772901,8,0,-10.7
Mix_14_S33,14.433333333333334,78,22,78,70656000,0.6218755097758802,0.43509600290978967,12,0.21208150030230355,0.27862974547013997,12,1.1111111111111112,0.3333333333333333,9,0.8333333333333334,0.408248290463863,6,0.4,0.5477225575051661,5,826.5,82.73149339882606,2,4,12,1695.3703703703704,697.5541485242968,9,0.008749999999999999,0.10052419428358356,12,-0.009197483790156244,0.09237968455290659,12,351.1666666666667,188.66556911555688,12,1690.7407407407409,705.3914944864498,9,0.28,-10.566666666666666
Mix_14_S37,15,66,34,66,64308000,0.4122787823416049,0.3249957591890358,10,-0.1389466196471762,0.16893364769688382,8,1.4285714285714286,0.5345224838248488,7,0.3333333333333333,0.5773502691896257,3,1,0,3,395.6666666666667,200.21321967675695,3,11,10,760.7142857142858,473.0886076495932,7,0.023124999999999785,0.05793700396613047,8,-0.025287523648889754,0.056985745673828796,8,278.625,117.38086665697632,8,604.7619047619048,225.40381165117483,7,0.16000000000000003,-10
Mix_20_S63,20.366666666666667,30.73,69.28,30.73,84924000,0.6139138175038493,0.3114276743268477,12,0.19467578839821634,0.3370699523359266,12,1.0909090909090908,0.30151134457776363,11,0.2,0.44721359549995793,5,1,0,6,673.5,419.7007267089253,6,11,12,1325.7575757575758,464.4210037098546,11,0.12125000000000001,0.09751748095038691,12,0.06105555555555553,0.08110304373883698,12,503.75,187.6980771926505,12,1354.5454545454547,459.11091065539745,11,-0.19269999999999998,-4.633333333333333
Mix_20_S05,19.166666666666668,26,74,26,4908000,0.48282411054346835,0.4103543161952839,9,0.35243982189396345,0.15670595570131352,6,1.3333333333333333,0.5163977794943222,6,0.5,0.5773502691896257,4,0,0,2,NA,NA,NA,6,9,1211.1111111111113,653.7640303713623,6,0.17562500000000014,0.31288333631380427,8,0.08094551282051288,0.13558768807009813,8,389.625,233.75013368980134,8,1191.6666666666667,712.3318515036841,6,-0.24,-5.833333333333332
Mix_20_S08,21.833333333333332,50,50,50,12924000,0.690674332910028,0.38011819469671154,10,0.41953327684296027,0.25212611484070296,8,1.125,0.3535533905932738,8,1,0,3,0.8,0.44721359549995793,5,618.25,462.2339775481677,4,4,10,1576.0416666666667,568.1953732149332,8,0.019444444444444473,0.0631686455274908,9,0.003457451499118136,0.051410297919746516,9,394.1111111111111,166.996590118215,9,1575,535.4126134736337,8,0,-3.166666666666668
Mix_14_S04,14,56,44,56,17136000,0.5570644436475114,0.27172862455629854,6,0.4890499365213712,0.005087099145226929,2,1.3333333333333333,0.5163977794943222,6,0.6666666666666666,0.5773502691896257,3,1,0,3,601.3333333333334,76.81362726322286,3,11,6,1090.2777777777778,739.339357254289,6,-0.01999999999999987,0.16077935190813517,6,-0.08358333333333327,0.16638244098061158,6,341.3333333333333,240.9270982406642,6,1055.5555555555557,769.1024109431193,6,0.06000000000000005,-11
Mix_20_S18,19.366666666666667,68.5,31.5,68.5,21960000,0.6289136165520138,0.3763871873149411,10,0.24009066310899232,0.3839141579330095,8,1.25,0.4629100498862757,8,1,0,5,0.5,0.7071067811865476,2,751,NA,1,5,10,1582.2916666666667,792.2796812073174,8,0.06799999999999992,0.21357018102305914,10,-0.03755804597701142,0.29402821113055644,10,296.3,141.20674362240794,10,1595.8333333333335,754.6548669782554,8,0.18500000000000005,-5.633333333333333
Mix_20_S21,20.8,52,48,52,4188000,0.7855729554229222,0.15724090416356487,12,0.553980135660159,0.19081829103986156,12,1.1666666666666667,0.3892494720807615,12,0.6666666666666666,0.5773502691896257,3,1,0,7,590,343.46421453576016,7,10,12,1587.5,413.60236845540334,12,0.06624999999999999,0.11150061149445041,12,0.002976851851851814,0.12888592213655703,12,458,193.0412108615906,12,1247.2222222222222,760.3771437079107,12,0.020000000000000018,-4.199999999999999
Mix_20_S34,21.6,68,68,32,15792000,0.7364923712196003,0.23829380816132678,8,0.49953081013450107,0.2628099927329031,4,1.375,0.5175491695067657,8,0.4,0.5477225575051661,5,1,0,3,573.6666666666666,252.436790768171,3,10,8,1333.3333333333335,746.1940468507878,8,0.07187499999999991,0.08070835945374118,8,0.003916666666666568,0.06990092194591492,8,530.75,168.9672411191843,8,1170.8333333333335,895.8790132318128,8,0.18000000000000005,-3.3999999999999986
Mix_20_S38,20.9,74,74,26,25368000,0.6140939231115365,0.35822817019700315,12,0.4249000602473686,0.35284074292789447,10,1,0,10,0.5,0.5773502691896257,4,0.75,0.4629100498862757,8,612.6666666666666,349.8117589027943,6,9,12,1708.3333333333335,557.1781859191883,10,0.06916666666666664,0.09157295485352678,12,0.02385416666666666,0.05887845000507405,12,395.6666666666667,256.1250878107426,12,1708.3333333333335,557.1781859191883,10,0.24,-4.100000000000001
Mix_14_S26,15.1,33,33,61,56064000,0.5461681472671297,0.46624620888352925,9,0.2833553634227241,0.45006382286827556,6,1.1666666666666667,0.408248290463863,6,0.5,0.5773502691896257,4,0,0,3,NA,NA,NA,2,9,1437.5000000000002,532.3884859761714,6,0.006111111111111129,0.15349629021937686,9,-0.022953703703703778,0.1563670401157735,9,251.77777777777777,213.7029350393776,9,1402.7777777777778,561.8834069119349,6,-0.16999999999999998,-9.9
Mix_14_S31,15.033333333333333,82,82,18,62136000,0.5391490403227832,0.37442872088600027,10,0.06749048859118612,0.4094630453186061,6,1.1111111111111112,0.3333333333333333,9,0.5,0.5773502691896257,4,0.25,0.5,4,669,NA,1,7,10,1160.1851851851852,836.9896639331123,9,0.053333333333333184,0.08015609770940701,9,1.32716049382648e-4,0.056351061097043076,9,366.44444444444446,242.10075955638342,9,1200,894.6933499675689,8,0.31999999999999995,-9.966666666666667
Mix_14_S35,15,42,42,58,72036000,0.47064179564179565,0.4613541101382316,4,NA,NA,NA,1.3333333333333333,0.5773502691896257,3,0.5,0.7071067811865476,2,0,NA,1,NA,NA,NA,3,4,1097.2222222222224,1066.6775173059223,3,0.08499999999999981,0.07762087348130002,3,0.04689285714285699,0.05292669303480893,3,527,139.68894014917572,3,1083.3333333333335,1072.8984626287388,3,-0.08000000000000002,-10
Mix_14_S40,15.233333333333333,40,40,60,49344000,0.55154675746852,0.32877584465378856,11,0.2138194870951858,0.3479510591996171,8,1.6,0.9660917830792959,10,0.6666666666666666,0.5163977794943222,6,0.6,0.5477225575051661,5,368.3333333333333,520.4703001452948,3,10,11,928.3333333333334,559.4750626069158,10,0.04909090909090897,0.10084191047917979,11,-0.001753246753246739,0.07233814662558974,11,408.6363636363636,226.1894218248381,11,888.3333333333334,596.8047636588752,10,-0.09999999999999998,-9.766666666666667
Mix_14_S45,14,41,41,59,73956000,0.5294612319389554,0.3348658653240224,10,-0.029197080291970823,0.18826750983139687,8,1.4444444444444444,0.7264831572567789,9,0.75,0.5,4,1,0,4,935,467.0317619463013,4,12,10,841.0493827160494,489.4996535614328,9,0.04812500000000003,0.1167089634212262,8,-0.01873809523809522,0.128335518799308,8,316.375,240.16597683387926,8,714.8148148148149,547.3068180521963,9,-0.09000000000000002,-11
Mix_14_S47,14.333333333333334,26,26,74,67584000,0.4648480164830339,0.18036764521199813,7,-0.0695317812939203,0.12491659571289578,4,1.2857142857142858,0.4879500364742666,7,0,0,2,1,0,2,818.5,494.26764004939673,2,8,7,784.5238095238096,450.7819484843699,7,0.08333333333333326,0.06104643041707411,6,0.05159722222222244,0.05424387872958232,6,369.3333333333333,223.9505897886109,6,842.8571428571429,402.75177803331263,7,-0.24,-10.666666666666666
Mix_20_S60,20.633333333333333,86.33,86.33,13.86,85212000,0.4327238855719864,0.3408413205436225,10,0.05312037338080656,0.2587209977123769,8,1.2857142857142858,0.4879500364742666,7,0.5,0.7071067811865476,2,0.8571428571428571,0.3779644730092272,7,637.5,291.39852436139756,6,12,10,1111.904761904762,605.4508792592239,7,0.02833333333333332,0.06763874629234347,9,0.01659343434343436,0.0511714256901499,9,440.22222222222223,206.7539466236242,9,1164.2857142857144,565.1473563518938,7,0.36329999999999996,-4.366666666666667
Mix_20_S62,21.5,90.24,90.24,9.76,81996000,0.6664041693274072,0.19741406296944936,12,0.31559822278641697,0.3119895063809281,10,1.4166666666666667,0.6685579234215214,12,0.16666666666666666,0.408248290463863,6,1,0,6,604.8333333333334,259.02696127366096,6,18,12,1192.8240740740741,561.1654368307559,12,0.04666666666666671,0.05087119801890636,12,0.012721840659340752,0.05284756282092843,12,424.5,218.04482441586512,12,1083.3333333333335,647.9961341697881,12,0.4024,-3.5
Mix_20_S67,20.666666666666668,37,37,63,94656000,0.7425324950893615,0.23785732231317377,5,0.6258992805755397,0.010174198290453936,2,1,0,5,0,NA,1,NA,NA,NA,NA,NA,NA,5,5,1233.3333333333335,658.8078458684123,5,0.1399999999999998,0.15827191791344428,4,0.07012797619047628,0.04031569414212038,4,508,221.68596407230356,4,1160,753.5655984127136,5,-0.13,-4.333333333333332
Mix_20_S06,20.666666666666668,34,34,67,4272000,0.6164941298539665,0.4532849467500017,8,0.044308574879227056,0.09928185591746623,4,1.2857142857142858,0.4879500364742666,7,1,0,4,0.25,0.5,4,219,NA,1,4,8,1257.1428571428573,896.6427683131416,7,0.022500000000000075,0.06654751256486932,8,-0.012624999999999886,0.07501957416525704,8,343.5,229.415406133565,8,1036.1111111111113,1030.5563042824474,6,-0.15999999999999998,-4.333333333333332
Mix_20_S07,21.066666666666666,45.5,45.5,54.5,2220000,0.6481903685013033,0.4126066419761142,9,0.27294685990338163,0.33360627346871424,6,1.4285714285714286,0.5345224838248488,7,0.8,0.44721359549995793,5,0.3333333333333333,0.5773502691896257,3,452,NA,1,6,9,1433.3333333333335,678.3183181521348,7,0.08888888888888882,0.07175382297209756,9,0.04895370370370358,0.0631244377190457,9,473.6666666666667,183.92933425639316,9,1459.5238095238096,766.2352133101181,7,-0.044999999999999984,-3.9333333333333336
Mix_20_S16,21.333333333333332,36.5,36.5,63.5,1356000,0.6224999336798506,0.3290523445468676,10,0.13882841481495858,0.42078581707870677,8,1.5555555555555556,0.5270462766947299,9,0.75,0.5,4,0.8,0.44721359549995793,5,427,295.17113680033145,4,14,10,974.0740740740741,360.83055340644995,9,0.10888888888888879,0.10142046692414264,9,0.07409427609427605,0.0943063883882076,9,440.3333333333333,160.60899725731431,9,975.925925925926,383.7960170664221,9,-0.135,-3.666666666666668
Mix_14_S05,14,51.5,51.5,48.5,20568000,0.596380872209343,0.42957337306249077,7,0.4457825044312376,0.22001765076716356,4,1.4,0.5477225575051661,5,1,0,2,NA,NA,NA,NA,NA,NA,4,7,1248.3333333333335,931.7024441550234,5,-0.09300000000000005,0.16021860066796234,5,-0.08285925925925933,0.07924262611036409,5,276.4,223.2314941938077,5,1429.1666666666667,868.7341791791515,4,0.015000000000000013,-11
Mix_14_S10,15.7,50,50,50,24828000,0.5014942504192442,0.2901094744572343,11,0.15203432680327078,0.21804156622506846,8,1.3333333333333333,0.5,9,0,NA,1,0.8,0.4216370213557839,10,495.75,199.62661574621185,8,18,11,1166.6666666666667,484.55305867022105,9,0.08045454545454539,0.0916366341987349,11,0.04571212121212145,0.08818550022251376,11,452.54545454545456,199.0479156566899,11,1122.2222222222224,549.4315243958978,9,0,-9.3
Mix_20_S22,19.966666666666665,56.5,56.5,43.5,22584000,0.4453451684296169,0.402185419937716,11,-0.04345452209660844,0.46325953867016845,8,1.2857142857142858,0.4879500364742666,7,0.5,0.5773502691896257,4,0.42857142857142855,0.5345224838248488,7,923.6666666666666,336.96636825257997,3,6,11,1273.8095238095239,599.9889769710545,7,0.040000000000000036,0.06568865959966011,11,-4.1980146290495924e-4,0.07125478995071911,11,411.8181818181818,222.23852869465196,11,1323.8095238095239,674.938758734693,7,0.06499999999999995,-5.033333333333335
Mix_14_S08,15,91,91,4.5,24096000,0.653537170263789,0.2866615538466437,3,NA,NA,NA,1.3333333333333333,0.5773502691896257,3,0,NA,1,1,0,2,360,482.2468247692254,2,5,3,1191.6666666666667,678.5912695512013,3,0.001666666666666779,0.02929732638541162,3,-0.0773333333333334,0.05693801454213187,3,271.6666666666667,298.65755194425157,3,1183.3333333333335,688.7992773257275,3,0.41000000000000003,-10
Mix_20_S17,20.7,27,27,73,3276000,0.5613336479657051,0.39514654331488286,9,0.44052925361574097,0.14847841362743075,4,1,0,7,0.75,0.5,4,0.5,0.5773502691896257,4,468.5,494.26764004939673,2,5,9,1635.7142857142858,605.7921483348287,7,0.040000000000000036,0.044651427748729405,9,-0.009598765432098687,0.057078931823938917,9,579.2222222222222,62.88834903576691,9,1614.2857142857144,621.4103263149026,7,-0.22999999999999998,-4.300000000000001
Mix_20_S20,19.933333333333334,40,40,60,22680000,0.3828366148454648,0.35582689905911635,9,0.14883314395494346,0.3158393527673672,6,1.2,0.44721359549995793,5,1,NA,1,0.5,0.7071067811865476,2,1168,NA,1,6,9,1060,681.2570081188973,5,0.08833333333333353,0.18224296968607592,9,0.00934135802469132,0.12720169033470224,9,520.1111111111111,188.37226736202734,9,746.6666666666667,480.65349034182395,5,-0.09999999999999998,-5.066666666666666
Mix_20_S23,20.4,38,38,62,18564000,0.5034430024346838,0.3859131051845142,10,0.17268992687623302,0.221390338677266,6,1.125,0.3535533905932738,8,1,0,2,0.75,0.4629100498862757,8,771,468.02991357390823,6,9,10,1366.6666666666667,806.4226313276807,8,0.03249999999999988,0.10739982412565797,10,0.0061000000000000386,0.09599184796920632,10,449.5,208.58478159039097,10,1356.25,802.0280593199393,8,-0.12,-4.600000000000001
Mix_14_S13,14.833333333333334,59,59,41,17376000,0.526334969217749,0.4264273066626526,11,-0.11510791366906474,0.24853262977351315,8,1.25,0.4629100498862757,8,0.8333333333333334,0.408248290463863,6,0,0,4,NA,NA,NA,5,11,1500,951.4817183306574,8,0.08049999999999997,0.1649654846054504,10,0.0414416666666666,0.1471247950689282,10,371.6,214.20613125367507,10,1545.8333333333335,903.3337726233337,8,0.08999999999999997,-10.166666666666666
Mix_20_S27,21.9,52,52,48,28740000,0.805249918728428,0.13491923007002618,9,0.6046293400062559,0.19755342670170956,6,1.2222222222222223,0.44095855184409843,9,0.6,0.5477225575051661,5,1,0,2,418,448.3056992722711,2,7,9,1610.1851851851852,511.1224334494708,9,0.08624999999999994,0.22468628923774706,8,-0.024184523809523795,0.18988998592377168,8,474.5,240.49294613950144,8,1577.7777777777778,531.3766188976621,9,0.020000000000000018,-3.1000000000000014
Mix_14_S15,14.066666666666666,10.7,10.7,86.5,38472000,0.5136416700653996,0.3147194143545412,7,0.2697841726618705,0.2257128559144387,4,1.3333333333333333,0.5163977794943222,6,0.6666666666666666,0.5773502691896257,3,0.75,0.5,4,729.3333333333334,355.2187119695883,3,9,7,1011.1111111111112,522.2724562127688,6,0.027142857142857135,0.051789408735212,7,0.0030595238095236788,0.04888482576910957,7,347.42857142857144,232.4104538260253,7,1008.3333333333334,591.0207742165716,6,-0.393,-10.933333333333334
Mix_14_S27,15.333333333333334,63,63,37,15828000,0.5721889083254269,0.3884998364387158,8,0.6154505782869737,0.38820826522609925,4,1.1666666666666667,0.408248290463863,6,1,0,2,0.6666666666666666,0.5773502691896257,3,868.5,140.71424945612296,2,4,8,1488.888888888889,652.0622556053872,6,0.007500000000000007,0.02939873661036648,8,-0.013252903845037523,0.03945795021862156,8,254.125,166.10791457878906,8,1216.6666666666667,508.5928299402841,6,0.13,-9.666666666666666
Mix_20_S44,20.333333333333332,31,31,69,58464000,0.4742048750542587,0.32819975037862614,10,-0.20210011486823704,0.1339295548084093,6,1.125,0.3535533905932738,8,0.75,0.5,4,0.5,0.5477225575051661,6,984.6666666666666,378.0216043208818,3,9,10,1221.8750000000002,600.379137817916,8,0.016499999999999914,0.08857043650238058,10,-0.03970977633477628,0.07813380946502468,10,354.8,243.7602647411318,10,1260.4166666666667,575.7629513875274,8,-0.19,-4.666666666666668
Mix_14_S36,14,51,51,49,64872000,0.7634372767689518,0.346176447109545,10,0.6956758980964649,0.31447250100849544,6,1.2222222222222223,0.44095855184409843,9,0.6666666666666666,0.5163977794943222,6,1,NA,1,86,NA,1,4,10,1449.0740740740741,738.5285253231925,9,0.01722222222222225,0.1353493422386841,9,-0.013475769600769707,0.14558367547453255,9,275.6666666666667,191.0045810968941,9,1437.0370370370372,708.959418295662,9,0.010000000000000009,-11
Mix_14_S38,15.033333333333333,32,32,68,64764000,0.40471013210960954,0.38879540105342636,8,0.05614619697450546,0.5122048713730455,4,1.6,0.8944271909999159,5,0.3333333333333333,0.5773502691896257,3,0.5,0.5773502691896257,4,326.5,176.06958851545033,2,5,8,987.7777777777778,811.4097623698743,5,0.036250000000000004,0.1107684199451397,8,-0.00695043103448284,0.0850995411097414,8,422.5,175.3535204746604,8,1093.3333333333335,814.6744407703266,5,-0.18,-9.966666666666667
Mix_14_S42,14.266666666666667,24,24,76,44064000,0.424184018099784,0.41410101980248526,4,NA,NA,NA,1.3333333333333333,0.5773502691896257,3,NA,NA,NA,0.5,0.7071067811865476,2,52,NA,1,3,4,777.7777777777778,125.09255832441892,3,0.12750000000000006,0.12155245781143226,4,0.005919871794871856,0.09682121316169369,4,408,122.1720098876989,4,550,115.47005383792515,3,-0.26,-10.733333333333333
Mix_14_S44,14.3,26,26,74,74748000,0.4865735767991407,0.5012602935399731,7,-0.11189569448852216,0.1582444087168244,2,1.5,0.5773502691896257,4,0,NA,1,0,0,2,NA,NA,NA,1,7,833.3333333333334,275.54659483638324,4,0.09125000000000016,0.0402854398842393,4,-0.011963760504201726,0.06479061748495604,4,483,163.7864463256957,4,654.1666666666667,442.71364375899964,4,-0.24,-10.7
Mix_14_S49,14.433333333333334,47,47,51,81696000,0.6395888029335202,0.28705618171506625,10,0.23496489598695716,0.36790866100828273,8,1.2,0.4216370213557839,10,0.5,0.5477225575051661,6,1,0,3,813,376.01994627944936,3,13,10,1230.8333333333335,642.0459437043121,10,0.04062500000000013,0.08906007202204255,8,0.004312499999999886,0.0850647599941195,8,293.5,203.75755901841495,8,1015.0000000000001,642.0669746996805,10,-0.030000000000000027,-10.566666666666666
Mix_20_S57,20.333333333333332,12,12,85,76344000,0.6813276568086059,0.27102773313280903,9,0.30435539046127896,0.49110443443419866,4,1.8888888888888888,0.927960727138337,9,0,NA,1,0.75,0.5,4,552.3333333333334,132.09970981547738,3,11,9,779.9382716049383,584.5123300009868,9,0.09111111111111099,0.08594248722902495,9,0.045590676883780185,0.1347871692738479,9,418.1111111111111,205.52642436219998,9,685.1851851851852,634.4532009514421,9,-0.38,-4.666666666666668
Mix_20_S66,21.366666666666667,80.15,80.15,19.85,82932000,0.7016027566268453,0.2113347679627123,10,0.5356124824267524,0.23394742077029054,6,1.3,0.6749485577105528,10,0.2,0.44721359549995793,5,1,0,5,395.4,350.8778989905178,5,10,10,1434.1666666666667,663.7255726597169,10,0.073,0.09891635074366846,10,0.02655000000000003,0.0947513738132919,10,373.1,157.04454428247067,10,1371.6666666666667,763.2391175885077,10,0.3015000000000001,-3.633333333333333
LearnMix36_S03_86508000_F1,43.2,70,70,30,86508000,0.9111674393749007,0.12192099590930616,6,0.7976939203354297,0.04055669207998558,3,1.3333333333333333,0.5163977794943222,6,1,0,3,1,0,3,219,100.77698149875297,3,4,6,1941.6666666666667,718.7759657145534,6,0.07166666666666677,0.0753436571097174,6,0.020140873015873195,0.09925761147800709,6,319.1666666666667,231.40044655675723,6,1938.888888888889,749.4195284549434,6,0.19999999999999996,18.200000000000003
LearnMix36_S05_96120000_F1,46,60,60,40,96120000,0.7187227866473149,0.390252457715394,5,0.4077568134171908,0.49223965977186485,3,1.6,0.5477225575051661,5,0.5,0.5773502691896257,4,1,NA,1,103,NA,1,4,5,1183.3333333333335,874.0073734751264,5,0.028000000000000115,0.08934483756770738,5,-9.308227465214536e-4,0.09318914023392745,5,363.4,214.6911735493567,5,953.3333333333334,820.348841787579,5,0.09999999999999998,21
LearnMix36_S06_93168000_F1,44.333333333333336,50,50,50,93168000,0.8087102621923481,0.19536707505745887,6,0.569182389937107,0.2218040248375139,3,1,0,6,1,0,4,1,0,2,569,282.842712474619,2,4,6,1866.6666666666667,700.1587121661933,6,0.06416666666666655,0.05151860505357927,6,0.019086685823754834,0.06317774044201449,6,388.6666666666667,194.75180786495068,6,1866.6666666666667,700.1587121661933,6,0,19.333333333333336
LearnMix36_S26_83640000_F1,44,60,60,40,83640000,0.9082932416953036,0.10187371373544793,5,0.6645702306079665,0.12397809543365734,3,1,0,5,1,0,2,1,0,3,297,92.14662229295223,3,3,5,1940,546.7835240954341,5,0.11000000000000014,0.0883883476483185,5,0.08426666666666653,0.068501860274820775,5,306.2,164.2732479742213,5,1940,546.7835240954341,5,0.09999999999999998,19
LearnMix36_S29_98280000_F1,40.43333333333333,80,80,20,98280000,0.8037974683544304,0.14321149998714894,2,0.6037735849056605,1.1102230246251565e-16,2,1,0,2,1,NA,1,1,NA,1,253,NA,1,2,2,2116.666666666667,377.1236166328253,2,-0.07500000000000018,0.06363961030678918,2,-0.04011781609195397,0.020810884060093744,2,316.5,306.1772362537751,2,2033.3333333333335,259.2724864350675,2,0.30000000000000004,15.43333333333333
LearnMix36_S01_88272000_E1,46,35,65,35,88272000,0.562011837011837,0.4500118187507138,6,0.11530398322851156,0.4535320963501211,3,1,0,4,0.5,0.7071067811865476,2,0.6666666666666666,0.5773502691896257,3,335.5,94.04520189781083,2,3,6,2045.8333333333335,733.0018190063832,4,0.03749999999999994,0.038826537316634255,6,-0.006452020202020181,0.03637620384682098,6,272.1666666666667,188.9194713804447,6,2041.6666666666667,740.1826601389486,4,-0.15000000000000002,21
LearnMix36_S04_82812000_E1,39,30,70,30,82812000,0.7835459556006146,0.25482879339664016,6,0.5628930817610063,0.08805031446540879,3,1.1666666666666667,0.408248290463863,6,1,0,3,1,0,3,547.3333333333334,582.1961296104031,3,4,6,1934.7222222222224,877.7878867209744,6,0.09833333333333354,0.058708318547431235,6,0.05169444444444449,0.03771610570604578,6,463.6666666666667,197.69437692222473,6,1630.5555555555557,736.6905476269958,6,-0.2,14
LearnMix36_S21_503484000_E1,37,50,50,50,503484000,0.9716263440860216,0.05990403819973228,5,0.810272536687631,0.12361864140717461,3,1.6,0.8944271909999159,5,1,0,3,1,NA,1,53,NA,1,0,5,1623.8888888888891,997.3955281161898,5,0.09100000000000011,0.1024939022576466,5,-8.952380952381489e-4,0.04505948244949978,5,336.4,234.00491447830748,5,873.3333333333334,668.80905762075,5,0,12
LearnMix36_S25_93468000_E1,37,10,90,10,93468000,0.6852263996372778,0.126249190599241,6,0.34800838574423476,0.030864637032149814,3,1.5,0.5477225575051661,6,0.5,0.7071067811865476,2,1,0,2,294,152.73506473629428,2,9,6,1295.8333333333335,634.6422876970406,6,0.013333333333333345,0.2096822993642207,6,-0.06686542145593855,0.2100965435571639,6,330.3333333333333,208.18901668115603,6,811.1111111111112,352.7143425031188,6,-0.4,12
LearnMix36_S27_93396000_E1,43,70,30,70,93396000,0.7664440085231561,0.21495207860139667,4,0.4308176100628931,0.42226276455802525,3,1,0,4,0,0,2,1,0,2,120,70.71067811865476,2,3,4,1654.1666666666667,484.26634085892124,4,0.016250000000000098,0.17796886431807857,4,0.0012321428571427928,0.05717019889856332,4,349.25,272.0568261717884,4,1625,481.22143974897267,4,0.19999999999999996,18
LearnMix36_S28_502428000_E1,38,60,40,60,502428000,0.8752799669373741,0.15416300571216307,5,0.6624737945492662,0.05189473289092904,3,1.4,0.5477225575051661,5,1,NA,1,1,NA,1,186,NA,1,2,5,1486.6666666666667,457.52200918522925,5,0.08874999999999988,0.13683170928796706,4,0.026195075757575847,0.1355148954851069,4,287.5,205.83893379695365,4,1586.6666666666667,379.58310464683933,5,0.09999999999999998,13
LearnMix36_S07_535140000_F2,41.266666666666666,50,50,50,535140000,0.921344537815126,0.07596703725459399,5,0.5838574423480084,0.11256514682313457,3,1.8,0.8366600265340756,5,NA,NA,NA,1,NA,1,236,NA,1,1,5,726.1111111111111,246.51584478161857,5,0.27199999999999996,0.2089437723407906,5,0.10404563492063498,0.12794196440013988,5,173,74.05065833603372,5,703.3333333333334,348.2894709226157,5,0,16.266666666666666
LearnMix36_S14_94020000_F2,38,45,45,55,94020000,0.5507691012772763,0.3044349154550282,6,0.09329140461215933,0.27732449864675673,3,1,0,5,NA,NA,NA,0.6666666666666666,0.5773502691896257,3,461,11.313708498984761,2,7,6,1580,413.0509788284142,5,0.18500000000000005,0.10440306508910542,5,0.07978333333333332,0.09960900296771474,5,459.6,246.15198556989137,5,1130,782.7480082660348,5,-0.04999999999999999,13
LearnMix36_S20_85212000_F2,48,80,80,20,85212000,0.7881135315686804,0.0589794207271107,3,0.5660377358490567,0.017788849841170924,2,1,0,3,1,0,2,1,NA,1,369,NA,1,3,3,1955.5555555555557,157.5271875417536,3,0.04833333333333334,0.06525590650150627,3,0.02911111111111116,0.052837561169781014,3,272.3333333333333,277.2622104314494,3,1616.666666666667,636.6143084928094,3,0.30000000000000004,23
LearnMix36_S13_536412000_E2,40.43333333333333,40,70,40,536412000,0.5729107442406719,0.30004727004265924,3,0.24056603773584903,0.015565243611024668,2,1,0,3,1,NA,1,0.5,0.7071067811865476,2,852,NA,1,3,3,1311.1111111111113,617.8667002349773,3,0.0950000000000002,0.07211102550927985,3,0.04087547892720315,0.0968345713475494,3,333,288.85809664954866,3,1283.3333333333335,664.789022505971,3,-0.09999999999999998,15.43333333333333
LearnMix36_S15_97932000_E2,39.46666666666667,50,45,50,97932000,0.99609375,0.005524271728019903,2,0.5471698113207547,NA,1,1,0,2,NA,NA,NA,NA,NA,NA,NA,NA,NA,0,2,1716.6666666666667,353.5533905932738,2,0.06000000000000005,NA,1,-0.03825000000000012,NA,1,383,NA,1,1658.3333333333335,388.90872965260115,2,0,14.466666666666669
LearnMix36_S17_94332000_E2,38,60,40,60,94332000,0.768955387306547,0.20522440659524271,6,0.5335429769392034,0.20729290059510477,3,1.3333333333333333,0.5163977794943222,6,0.5,0.7071067811865476,2,1,0,3,396.6666666666667,347.4785365074127,3,4,6,1601.388888888889,500.56680835791497,6,0.10083333333333326,0.09733533102972776,6,0.050175937766410904,0.07561948025613474,6,530.3333333333334,111.70616216962547,6,1791.6666666666667,415.4983620772636,6,0.09999999999999998,13
LearnMix36_S24_545388000_E2,41,60,40,60,545388000,0.7715273719072667,0.1443004779452384,2,0.23270440251572327,NA,1,2,1.4142135623730951,2,NA,NA,NA,NA,NA,NA,NA,NA,NA,2,2,461.11111111111114,31.426968052735454,2,-0.030000000000000027,0.03535533905932756,2,-0.09412500000000001,0.07666216019364164,2,158.5,200.11121907579295,2,483.33333333333337,23.57022603955161,2,0.09999999999999998,16
LearnMix36_S30_109320000_E2,40.2,40,60,40,109320000,0.7019973949595103,0.2500973388767537,6,0.3857442348008386,0.1993902470126039,3,1,0,6,0.8,0.44721359549995793,5,NA,NA,NA,NA,NA,NA,5,6,1761.111111111111,685.9435242922835,6,0.029166666666666636,0.03992701675140111,6,0.0022102490421455436,0.032850818000226566,6,349.8333333333333,188.91523672448093,6,1761.111111111111,685.9435242922835,6,-0.09999999999999998,15.200000000000003
CogMisp24_S03_557712000,25,61,38,61,557712000,0.5886710810473454,0.3230189151738384,10,0.18946540880503143,0.15640166725183363,8,1.8888888888888888,0.6009252125773316,9,0.25,0.5,4,0.5,0.7071067811865476,2,321,NA,1,14,10,725.925925925926,281.44112161919696,9,0.3316666666666666,0.1985258169609181,9,0.25651206693831213,0.1736495163009283,9,388.8888888888889,126.5794655981416,9,448.1481481481482,167.79709233932175,9,0.10999999999999999,0
CogMisp24_S05_529728000,31,75,25,75,529728000,0.7038279934365853,0.2267752749623886,12,0.350104821802935,0.3281453652427359,12,1.75,0.621581560508061,12,0.5,0.5477225575051661,6,1,0,4,184.25,98.56427682820316,4,12,12,980.7870370370371,544.5996201420684,12,0.17700000000000005,0.1330872729535857,10,0.11523399761158379,0.10676498039697149,10,373.1,197.25868520521192,10,981.9444444444445,635.4215308639784,12,0.25,6
CogMisp24_S06_548532000,28,100,0,100,548532000,0.5440541809572295,0.21120916769779458,11,0.06666666666666667,0.29542942425049956,10,1.5,0.7071067811865476,10,0,0,4,1,0,6,568.6666666666666,228.36783194370145,6,16,11,853.6111111111112,507.4716943595295,10,0.13818181818181818,0.14414008337850942,11,0.08297727272727261,0.12734594773309593,11,442.1818181818182,203.3734585346958,11,644.4444444444445,545.8174297937605,9,0.5,3
CogMisp24_S18_554724000,29,95,5,95,554724000,0.7674426343160943,0.2401298757696469,11,0.3352201257861635,0.15496761187512872,10,1.5454545454545454,0.6875516509523286,11,0.3333333333333333,0.5773502691896257,3,1,0,5,148.6,78.78642014966793,5,8,11,952.5252525252525,466.56820149279355,11,0.08409090909090908,0.1325861640937353,11,0.0446963623282931,0.08978254019722103,11,405.6363636363636,183.51799515430235,11,1072.7272727272727,463.9966910366165,11,0.44999999999999996,4
CogMisp24_S23_529692000,31,99,1,99,529692000,0.5383731802783167,0.12788869552190277,11,0.07106918238993709,0.20728335943195866,10,1.4545454545454546,0.6875516509523286,11,0.25,0.5,4,1,0,6,466.1666666666667,486.96752116200383,6,18,11,975.7575757575759,482.3042859465633,11,0.234090909090909,0.1586004127015151,11,0.12077858126721773,0.0645730917269038,11,439.1818181818182,163.7558048936392,11,954.5454545454546,478.602764367911,11,0.49,6
CogMisp24_S24_536832000,27,74,26,74,536832000,0.720936650007487,0.2382951370544891,11,0.4308176100628931,0.2066080015139101,10,1.7272727272727273,0.7862453931068965,11,0.75,0.5,4,1,0,7,478.7142857142857,242.63876736533967,7,18,11,1075.5050505050506,541.3515011630132,11,0.15909090909090906,0.1277461972392561,11,0.0618712121212122,0.11055565707449325,11,443.6363636363636,215.878332737342,11,1107.5757575757577,626.691650050026,11,0.24,2
CogMisp24_S32_554952000,30,76,16,76,554952000,0.5770856771981397,0.3180304838997334,11,0.16729559748427672,0.30223890483230637,10,2.1,1.1005049346146119,10,0.25,0.5,4,0.6666666666666666,0.5773502691896257,3,222.5,188.79751057680818,2,13,11,746.5277777777778,590.9668273099563,10,0.2299999999999999,0.18764327858998833,11,0.14826077911987004,0.10722765816087718,11,478.3636363636364,179.06829575738567,11,761.6666666666667,582.356324674927,10,0.26,5
CogMisp24_S35_563376000,28,100,0,100,563376000,0.8248336092033696,0.14230729462767064,7,0.7358490566037736,0.1600996485705391,2,2.2857142857142856,0.9511897312113419,7,0.5,0.7071067811865476,2,1,0,3,399.3333333333333,252.1613240235967,3,7,7,855.7539682539683,699.6859729609973,7,0.19571428571428573,0.2173788661037946,7,0.06711253811869573,0.19462056878779757,7,290.42857142857144,169.77912822532804,7,504.7619047619048,418.7408689678085,7,0.5,3
CogMisp24_S38_562800000,28,35,65,35,562800000,0.667123293675954,0.16719380654351454,8,0.25366876310272535,0.21001643996092606,6,2.375,1.1877349391654208,8,0,NA,1,1,0,3,294,138.351002887583,3,10,8,557.7777777777778,157.95429428443035,8,0.3281250000000001,0.08863800781025863,8,0.18608780149398985,0.14734013464472487,8,470.5,172.0813760986354,8,427.08333333333337,281.1452626848952,8,-0.15000000000000002,3
CogMisp24_S52_522864000,31,36,64,36,522864000,0.6553277362196027,0.3088995609830219,11,0.3635220125786164,0.19790622888444845,10,1.5454545454545454,0.6875516509523286,11,0.4,0.5477225575051661,5,1,0,6,130,68.12635319756959,6,12,11,1180.5555555555557,780.1392721499267,11,0.2427272727272727,0.12378133212168224,11,0.18065248640248643,0.09472131640596738,11,457.09090909090907,112.47529021563318,11,1343.939393939394,777.6486184243972,11,-0.14,6
CogMisp24_S56_542736000,29,92,8,92,542736000,0.6843616868598593,0.24789686832549557,12,0.350104821802935,0.39526172719493846,12,1.5833333333333333,0.6685579234215214,12,0.2,0.44721359549995793,5,1,0,7,171.71428571428572,89.38253797715802,7,15,12,1224.7685185185187,644.3916060859377,12,0.2558333333333334,0.12860852038318274,12,0.19647916666666665,0.08729186012851918,12,474.75,131.43966815096712,12,1169.4444444444446,619.3770629656431,12,0.42000000000000004,4
CogMisp24_S68_585456000,25,35,65,35,585456000,0.6812764920345047,0.31191433240145894,10,0.45440251572327045,0.14840444790654903,8,1.6666666666666667,0.7071067811865476,9,1,0,2,1,0,6,213.33333333333334,80.74073734284737,6,8,10,1142.5925925925926,767.2036666031927,9,0.13050000000000006,0.14906094950276771,10,0.05906568894068891,0.13083157539333992,10,407.7,192.30938614638652,10,1268.5185185185187,684.2191638631082,9,-0.15000000000000002,0
CogMisp24_S72_592776000,25,99,1,99,592776000,0.5370743897632009,0.3140897205377301,10,0.05345911949685536,0.23028851515974078,10,1.2222222222222223,0.44095855184409843,9,0,NA,1,0.75,0.5,4,182.33333333333334,34.42867022313428,3,9,10,959.2592592592594,608.5108822586171,9,0.041874999999999996,0.1927051318910392,8,0.013784226190476145,0.16324664684087772,8,322.625,190.2156201337239,8,994.4444444444446,613.1657379715718,9,0.49,0
CogMisp24_S75_549624000,24,100,0,100,549624000,0.792676348681791,0.16643754430813343,9,0.5607966457023061,0.11225431429284655,6,1.6666666666666667,1,9,0.3333333333333333,0.5163977794943222,6,1,0,3,516,542.6960475256844,3,9,9,1392.5925925925926,761.6393645321507,9,0.26777777777777767,0.07399793540663445,9,0.16902777777777786,0.05436328098491151,9,532.8888888888889,101.14771925807874,9,1161.111111111111,763.1258815628723,9,0.5,-1
CogMisp24_S76_602136000,25,98,2,98,602136000,0.8302759380094265,0.15030749034648758,12,0.6325995807127883,0.17455126502173943,12,1.25,0.45226701686664544,12,0.6666666666666666,0.5773502691896257,3,1,0,8,246.25,182.86978192926557,8,9,12,1825.6944444444446,672.6198058328741,12,0.28136363636363654,0.1318728726670294,11,0.1792727272727272,0.08216558561585234,11,425.45454545454544,150.22873469237743,11,1801.388888888889,626.4562160058679,12,0.48,0
CogMisp24_S01_540060000,25,48,52,48,540060000,0.6929706607130521,0.18061499307631856,12,0.37368972746331236,0.1591638600866989,12,1.0833333333333333,0.28867513459481287,12,0.4,0.5477225575051661,5,1,0,6,321.6666666666667,188.03155763505941,6,14,12,1705.5555555555557,566.5923896655655,12,0.10458333333333336,0.09141459833023814,12,0.08749652777777779,0.09615654399341077,12,326.1666666666667,172.43013517118032,12,1695.8333333333335,587.2863892772444,12,-0.020000000000000018,0
CogMisp24_S02_587580000,25,38,62,38,587580000,0.7193293962008211,0.25678124169771044,8,0.1808176100628931,0.08190199100887866,4,1.875,0.6408699444616557,8,0.5,0.7071067811865476,2,1,NA,1,1138,NA,1,8,8,757.2916666666667,272.09641367231086,8,0.14857142857142863,0.23165553244912093,7,0.03713670319827944,0.16019740087070897,7,461.85714285714283,165.06708592915444,7,618.75,414.65586228459875,8,-0.12,0
CogMisp24_S07_563760000,27,100,0,100,563760000,0.7961013915094066,0.18823094617971478,11,0.5220125786163522,0.2523572660092941,10,1.2727272727272727,0.46709936649691375,11,0,0,2,1,0,9,243.88888888888889,149.06747167343755,9,9,11,1660.6060606060607,761.0308333391818,11,0.27818181818181814,0.12992830190671956,11,0.18219880119880125,0.06583216895568852,11,384.6363636363636,128.6835441906017,11,1606.0606060606062,824.7650415344808,11,0.5,2
CogMisp24_S09_547320000,28,59,40,59,547320000,0.7387838225305396,0.27839827692100816,11,0.48364779874213837,0.2551708046611951,10,1.3636363636363635,0.504524979109513,11,0.8,0.44721359549995793,5,1,0,5,298.4,101.34495547386658,5,10,11,1365.1515151515152,721.0025637747046,11,0.19545454545454552,0.10652357826919226,11,0.11001060606060617,0.05761548898262579,11,466.3636363636364,109.56027813698971,11,1230.3030303030305,865.5704022274105,11,0.08999999999999997,3
CogMisp24_S12_536196000,30,71,24,71,536196000,0.8126330618295622,0.12541714104325485,11,0.520125786163522,0.1978673615752354,10,1.4545454545454546,0.5222329678670935,11,NA,NA,NA,1,0,7,333.57142857142856,285.84777833831834,7,11,11,1264.3939393939395,601.8154353136999,11,0.2900000000000001,0.12437845472588897,11,0.24525427472214315,0.10482674397324981,11,422.54545454545456,161.78897591391302,11,751.5151515151516,621.577497870206,11,0.20999999999999996,5
CogMisp24_S15_533280000,26,96,4,96,533280000,0.6317362678429594,0.27648863214154207,7,0.3223270440251572,0.13146258917209902,4,1.8571428571428572,0.3779644730092272,7,1,0,2,0.8,0.44721359549995793,5,201,92.8619046398109,4,8,7,622.6190476190477,287.0957014637137,7,0.0707142857142858,0.17515299434657516,7,0.0596220446220446,0.13512688384590446,7,528.1428571428571,185.51857819944303,7,488.8888888888889,180.63673388773844,6,0.45999999999999996,1
CogMisp24_S33_544764000,25,65,35,65,544764000,0.6522427792213883,0.19963910023257211,8,0.02044025157232704,0.1484218987612947,4,1.875,0.6408699444616557,8,0.4,0.5477225575051661,5,1,NA,1,638,NA,1,15,8,776.0416666666667,161.98407108637036,8,0.0906249999999999,0.08723684919311829,8,0.04250613897596661,0.055921844734207665,8,366.25,73.4744853673709,8,566.6666666666667,317.4801581101578,8,0.15000000000000002,0
CogMisp24_S37_582792000,24,100,0,100,582792000,0.6793692074974212,0.2781514586429144,9,0.10377358490566037,0.34978393258366075,6,1.4444444444444444,0.8819171036881969,9,0.4,0.5477225575051661,5,1,0,2,846.5,34.64823227814083,2,8,9,1258.0246913580247,777.9915931854376,9,0.2105555555555556,0.11441275181454996,9,0.15519844778465458,0.1101836669221119,9,475.55555555555554,125.0231089750122,9,1214.8148148148148,768.9027375117652,9,0.5,-1
CogMisp24_S51_574128000,24,71,20,71,574128000,0.741946488651702,0.19791189167311307,10,0.42138364779874216,0.3076979704855433,10,1.3,0.48304589153964794,10,0.4,0.5477225575051661,5,1,0,5,401.8,207.35404505338207,5,9,10,1490.8333333333335,690.1360798001908,10,0.17649999999999993,0.10488220906225122,10,0.14485484848484842,0.06564823913324544,10,424.7,132.307764112483,10,1438.3333333333335,642.8644424433699,10,0.20999999999999996,-1
CogMisp24_S54_607272000,30,45,55,45,607272000,0.538735032216315,0.16266440274934416,6,0.2578616352201258,0.08004982428526959,2,1.5,0.5477225575051661,6,0,NA,1,1,0,3,266,149.80320423809366,3,11,6,765.2777777777778,410.09540443748057,6,0.2187500000000001,0.057063561052566554,4,0.16806547619047607,0.05867133892250913,4,512,28.69378562220979,4,677.7777777777778,484.7297834494627,6,-0.04999999999999999,5
CogMisp24_S55_562620000,31,26,74,26,562620000,0.6363609609844644,0.28230724064066004,9,0.19182389937106917,0.4069284456254966,6,1.875,1.1259916264596033,8,0.5,0.7071067811865476,2,1,NA,1,872,NA,1,12,9,874.3055555555557,501.8918134580657,8,0.2638888888888888,0.11493959766377762,9,0.1300076312576313,0.062077141331993574,9,412.44444444444446,173.20083076526444,9,683.3333333333334,567.2266141023637,8,-0.24,6
CogMisp24_S60_581484000,24,95,0,95,581484000,0.9383060763196384,0.08248451282952186,4,0.7169811320754718,0.1245219488881971,2,2.25,0.9574271077563381,4,1,0,2,1,NA,1,321,NA,1,1,4,1063.1944444444446,757.688217662902,4,0.3400000000000001,0.06442049363362543,4,0.26428571428571435,0.020934969767918657,4,491.5,68.80164726710159,4,737.5,930.98663315383385,4,0.44999999999999996,-1
CogMisp24_S66_576948000,26,87,13,87,576948000,0.7719481224960018,0.25413951627414955,12,0.5230607966457024,0.2578523382185645,12,1.5,0.7977240352174656,12,0.75,0.5,4,1,0,6,157.66666666666666,79.85152889373293,6,10,12,1484.9537037037037,822.3608079471184,12,0.2625,0.132639292135407,12,0.1439097222222222,0.0924080997090354,12,528.6666666666666,110.95071250812501,12,1418.0555555555557,895.3713278940837,12,0.37,1
CogMisp24_S69_591408000,25,39,61,39,591408000,0.8178572537930936,0.23669155572127468,11,0.5949685534591195,0.34527226285054674,10,1.3636363636363635,0.674199862463242,11,0.5714285714285714,0.5345224838248488,7,1,0,4,446.75,113.9455279216053,4,10,11,1752.020202020202,762.469480171529,11,0.10650000000000008,0.11953730240668264,10,0.06899583333333328,0.0936229683596674,10,405,235.5046590716295,10,1509.0909090909092,940.1939408785012,11,-0.10999999999999999,0
CogMisp24_S04_563532000,27,62,38,62,563532000,0.7300369676869375,0.25619519011293623,12,0.37631027253668764,0.3106554022643887,12,1.6666666666666667,0.6513389472789296,12,0.5,0.5773502691896257,4,1,0,6,302.3333333333333,243.913645921393,6,17,12,996.7592592592594,606.8490417281015,12,0.06791666666666667,0.1432172274638224,12,0.04122238872238874,0.12165217470872944,12,403.6666666666667,147.6582869227789,12,975.0000000000001,560.0099205470482,12,0.12,2
CogMisp24_S10_560100000,26,96,0,96,560100000,0.8100973687742578,0.22754864686290863,6,0.5188679245283019,0.2635762941747405,4,1.1666666666666667,0.408248290463863,6,0.3333333333333333,0.5773502691896257,3,1,NA,1,288,NA,1,4,6,1575,861.958364552617,6,0.1616666666666667,0.08500980335624052,6,0.097416666666666707,0.0827991881334325,6,466.1666666666667,191.50291555656972,6,1433.3333333333335,945.4569735788557,6,0.45999999999999996,1
CogMisp24_S14_554568000,29,42,58,42,554568000,0.6986995668041849,0.23495943412647888,12,0.2945492662473794,0.21437112950031387,12,1.5833333333333333,0.7929614610987591,12,0.6,0.5477225575051661,5,1,0,7,383.7142857142857,205.7309847719543,7,14,12,1015.9722222222223,552.4675859285172,12,0.26291666666666663,0.129060562480871,12,0.19490277777777776,0.09670562063442631,12,378.9166666666667,165.62468982246543,12,988.8888888888889,502.43514749774175,12,-0.08000000000000002,4
CogMisp24_S19_531828000,30,87,13,87,531828000,0.7753582161630884,0.16889900464058202,11,0.5056603773584906,0.27405158715544137,10,1.4545454545454546,0.6875516509523286,11,0.75,0.5,4,1,0,6,296.6666666666667,190.354056081468,6,15,11,1645.4545454545455,806.7369428441312,11,0.11863636363636353,0.08689335156071804,11,0.07819696969696978,0.06742582624969866,11,443.6363636363636,135.90089972275587,11,1559.0909090909092,779.4001837725256,11,0.37,5
CogMisp24_S21_561504000,28,30,65,30,561504000,0.6676175777371354,0.27194648138964733,11,0.27672955974842767,0.4089823837195173,10,1.1818181818181819,0.40451991747794525,11,0.5,0.5477225575051661,6,1,0,4,371.75,256.30629462942704,4,11,11,1581.818181818182,748.2369850913452,11,0.21200000000000002,0.15109231909295995,10,0.14794999999999994,0.10733841717888867,10,419.6,189.33462440874357,10,1565.1515151515152,765.3414105792752,11,-0.2,3
CogMisp24_S22_531552000,31,82,18,82,531552000,0.7481053132916358,0.22482715663071987,9,0.3474842767295598,0.2049787992091955,8,1.8888888888888888,0.927960727138337,9,0.25,0.5,4,1,0,4,226.25,177.10143044782745,4,9,9,696.7592592592592,375.62319616049695,9,0.052777777777777986,0.1747875694791951,9,0.014069023569023583,0.0890370701128908,9,368.3333333333333,228.60063429483304,9,591.6666666666667,336.65016461206926,8,0.31999999999999995,6
CogMisp24_S25_580872000,28,86,14,86,580872000,0.8185389966928075,0.13835904632135784,11,0.5641509433962264,0.18019718552589237,10,1.0909090909090908,0.30151134457776363,11,1,0,4,1,0,6,568.8333333333334,317.9228942159823,6,10,11,1956.818181818182,576.5657207144995,11,0.2686363636363637,0.10512114223815561,11,0.22594267833060944,0.0736844981726679,11,439.09090909090907,102.07590758396866,11,1809.0909090909092,741.1463956587658,11,0.36,3
CogMisp24_S39_546540000,24,76,24,76,546540000,0.6236061404317867,0.2458596601942061,12,0.2237945492662474,0.3658081594479635,12,1.5833333333333333,0.5149286505444373,12,0.3333333333333333,0.5163977794943222,6,1,0,3,627,314.54888332340335,3,15,12,952.7777777777778,644.0905942510677,12,0.22416666666666665,0.12636227380996382,12,0.15632052888631842,0.07455994887129136,12,406.6666666666667,111.57902485628196,12,934.7222222222223,660.2134003538054,12,0.26,-1
CogMisp24_S42_528996000,24,66,34,66,528996000,0.6219401162655287,0.21704014224438714,12,0.22484276729559752,0.3047100332525306,12,1.5833333333333333,0.6685579234215214,12,0.2,0.44721359549995793,5,1,0,4,405,52.706735812417755,4,17,12,1065.9722222222222,580.147777383223,12,0.23499999999999985,0.17712348029758015,12,0.17010778985507255,0.1606346706219679,12,392.75,162.13974051584472,12,820.8333333333334,608.4889796732874,12,0.16000000000000003,-1
CogMisp24_S43_538080000,24,100,0,100,538080000,0.7242846582838758,0.23868224964922297,12,0.42557651991614254,0.2257682987804747,12,1.8333333333333333,0.7177405625652734,12,0.5555555555555556,0.5270462766947299,9,1,0,3,282.6666666666667,178.61224295476873,3,12,12,1093.5185185185187,488.8291017926882,12,0.15375000000000003,0.15954658766756388,12,0.11439125457875458,0.106385525079955,12,384.5833333333333,162.29908325139246,12,973.6111111111112,648.2477677170732,12,0.5,-1
CogMisp24_S49_568812000,24,98,2,98,568812000,0.6832612105289052,0.24789073753462845,12,0.3422431865828092,0.2769822944517078,12,1.5833333333333333,0.7929614610987591,12,0.5,0.5477225575051661,6,1,0,4,334.25,103.99479153624313,4,16,12,1232.638888888889,823.9361785470662,12,0.13624999999999987,0.10713468583559173,12,0.061902054124036744,0.09870921771846305,12,468.9166666666667,106.41553059358935,12,1362.1212121212122,766.4162964042058,11,0.48,-1
CogMisp24_S58_574284000,26,17,83,17,574284000,0.6404117662194273,0.2719668628954938,11,0.32012578616352205,0.4015914659382865,10,1.3,0.6749485577105528,10,0.2,0.44721359549995793,5,0.8333333333333334,0.408248290463863,6,368.2,341.46185731352193,5,14,11,1520.5555555555557,620.7049954350495,10,0.12000000000000002,0.07231873892705808,11,0.09570454545454546,0.0718357730022326,11,393.72727272727275,184.14727307733392,11,1488.3333333333335,664.9538181309388,10,-0.32999999999999996,1
CogMisp24_S59_552972000,26,39,58,39,552972000,0.6308485281611056,0.3010185854458921,11,0.2238993710691824,0.32476765153969095,10,2.888888888888889,1.536590742882148,9,1,0,2,1,0,3,1004.3333333333334,318.3116921090605,3,9,11,417.5308641975309,104.17189287301171,9,0.11681818181818183,0.09119409869264379,11,0.06845654311881494,0.060303717656946663,11,446.54545454545456,163.93984484338372,11,285.7142857142857,63.412648747422786,7,-0.10999999999999999,1
CogMisp24_S70_571500000,24,100,0,100,571500000,0.6225227783481875,0.2297542880191593,12,0.23742138364779874,0.3165638958556398,12,1.3333333333333333,0.6513389472789296,12,0.3333333333333333,0.5163977794943222,6,1,0,6,538.1666666666666,273.3052627862601,6,18,12,1289.1203703703704,507.9978447119133,12,0.25875000000000004,0.17661109045789633,12,0.20566987179487176,0.12832050567368136,12,417.6666666666667,174.6806610169922,12,1320.8333333333335,485.81520575360156,12,0.5,-1
CogMisp24_S71_581112000,25,93,7,93,581112000,0.8059197821893189,0.14847434974830603,11,0.608805031446541,0.14781881303569902,10,1.1818181818181819,0.40451991747794525,11,0.2,0.44721359549995793,5,1,0,5,241.6,142.04154321887663,5,12,11,1918.939393939394,595.9829754873095,11,0.1554545454545454,0.15304336877915603,11,0.08496322011322013,0.15375819495126408,11,522.2727272727273,89.23910679639383,11,1862.1212121212122,705.8521606733756,11,0.43000000000000005,0
CogMisp24_S74_535680000,25,96,4,96,535680000,0.7044160371656458,0.23774062075494468,11,0.35534591194968557,0.22319414844028113,10,1.1818181818181819,0.40451991747794525,11,0.6666666666666666,0.5773502691896257,3,0.8,0.44721359549995793,5,359,197.31869315061527,4,12,11,1408.3333333333335,721.3894771742778,11,0.07181818181818195,0.2966418103308495,11,0.04805555555555556,0.14952831754190776,11,479.90909090909093,168.39029339332748,11,1339.3939393939395,779.7532632282802,11,0.45999999999999996,0
CogMisp24_S08_549144000,27,63,37,63,549144000,0.7443839152087208,0.32258647179147315,8,0.5550314465408805,0.41946668066822096,4,1.625,0.5175491695067657,8,0.5,0.5773502691896257,4,1,0,3,132.66666666666666,82.37313477908518,3,4,8,986.4583333333334,349.31729050312475,8,0.21750000000000014,0.13580448130624082,8,0.18905233200707328,0.1218465650385807,8,426.75,141.3655342921827,8,1033.3333333333335,427.89629362175845,8,0.13,2
CogMisp24_S11_544008000,24,98,2,98,544008000,0.6258576364203574,0.24157987345123277,9,0.15723270440251572,0.2880750312100324,6,1.6666666666666667,0.7071067811865476,9,0,0,2,1,0,4,238.5,23.811761799581316,4,17,9,848.4567901234568,502.52662371717344,9,0.22111111111111104,0.3331082573445322,9,0.1425524644576369,0.21241204695548788,9,440.1111111111111,143.68754681986573,9,587.5,466.2200243566455,8,0.48,-1
CogMisp24_S16_528516000,30,81,19,81,528516000,0.6622068097684557,0.2447872022056323,10,0.24764150943396226,0.31903131784350236,8,1.4,0.5163977794943222,10,0.4,0.5477225575051661,5,1,0,3,593.3333333333334,258.0413403571864,3,14,10,1285,716.6537466535653,10,0.25049999999999994,0.08629568033479096,10,0.17250833333333326,0.05330045934182346,10,429.4,104.52984688063448,10,878.3333333333334,456.8443828301458,10,0.31000000000000005,5
CogMisp24_S17_542916000,24,59,41,59,542916000,0.5947433040367472,0.28506847624608606,12,0.159853249475891,0.24777665940404223,12,1.8181818181818181,0.9816498172140428,11,0.5,0.5345224838248488,8,0.6666666666666666,0.5773502691896257,3,339,188.09040379562165,2,18,12,926.3888888888889,514.7526524554065,11,0.2370833333333333,0.3294586353766469,12,0.07650269629795496,0.25149375971577526,12,406.4166666666667,172.41886541650584,12,593.3333333333334,492.7373777752102,10,0.08999999999999997,-1
CogMisp24_S26_549528000,28,89,11,89,549528000,0.8036861535831378,0.2541422943244917,12,0.6042976939203355,0.39905655496337206,12,1.0833333333333333,0.28867513459481287,12,0.7,0.48304589153964794,10,0.5,0.7071067811865476,2,39,NA,1,7,12,2037.5,762.3768322446808,12,0.17041666666666663,0.09654152035013307,12,0.11406677350427352,0.07800571304809974,12,483.0833333333333,128.93582500491075,12,2065.277777777778,713.4161072526622,12,0.39,3
CogMisp24_S30_561996000,28,72,24,72,561996000,0.8134823894848484,0.18497795633046535,7,0.4528301886792453,0.29225551829944585,4,1.7142857142857142,0.9511897312113419,7,0.5,0.7071067811865476,2,1,NA,1,188,NA,1,5,7,1065.4761904761906,684.4913725924083,7,0.177857142857143,0.13579571491941952,7,0.059462027914614204,0.0912575148880946,7,475.85714285714283,130.9292793475783,7,447.61904761904765,210.69298609952443,7,0.21999999999999997,3
CogMisp24_S31_533496000,27,67,33,67,533496000,0.5279894272653554,0.41260524642505025,11,0.02767295597484276,0.47291434165597507,10,1.375,0.7440238091428449,8,1,0,2,1,0,6,585.3333333333334,342.387889193918,6,7,11,1493.75,932.5650536906685,8,0.15444444444444436,0.11187170231018108,9,0.10743055555555554,0.08291511200385074,9,429.3333333333333,211.3758500869955,9,1327.0833333333335,1020.423873178387,8,0.17000000000000004,2
CogMisp24_S34_543228000,25,100,0,100,543228000,0.7323991999099638,0.2412326363566877,10,0.4952830188679246,0.3674615620313796,8,1.2,0.4216370213557839,10,0.25,0.5,4,1,0,4,338.25,191.2247804722669,4,10,10,1555.8333333333335,836.1254151600364,10,0.196,0.14276632033579287,10,0.1205447681704261,0.09031829880985491,10,444.4,161.43330236079268,10,1459.2592592592594,726.7274014714064,9,0.5,0
CogMisp24_S47_581820000,26,100,0,100,581820000,0.7735406946756159,0.1961349340779752,12,0.5115303983228512,0.25375459063055544,12,1.4166666666666667,0.5149286505444373,12,0.6666666666666666,0.5773502691896257,3,1,0,5,171.6,149.65727513221668,5,14,12,1496.5277777777778,760.7434091149161,12,0.30136363636363633,0.22662845043254065,11,0.19504767646146962,0.14046930361923712,11,488.8181818181818,132.16491076062374,11,1218.0555555555557,752.6538345167681,12,0.5,1
CogMisp24_S50_570504000,25,62,38,62,570504000,0.6148386364170676,0.2831578096481581,11,0.25157232704402516,0.10648574506666914,10,1.4545454545454546,0.5222329678670935,11,0.3333333333333333,0.5773502691896257,3,0.8333333333333334,0.408248290463863,6,348.4,105.36270687487105,5,16,11,1065.1515151515152,637.0594140028833,11,0.197,0.14729411242665308,10,0.1761065626230327,0.12188030309939953,10,353,168.8858917862722,10,1170,610.9494735731092,10,0.12,0
CogMisp24_S53_562644000,31,27,73,27,562644000,0.6439493434965748,0.28812638644801036,12,0.31603773584905664,0.3388926041873264,12,1.2727272727272727,0.46709936649691375,11,0.6666666666666666,0.5163977794943222,6,0.6,0.5477225575051661,5,882.3333333333334,614.4707750034441,3,13,12,1485.6060606060607,540.0628938308291,11,0.1691666666666667,0.1445185318933391,12,0.10267555026391224,0.09618365837785581,12,470.5,154.13305939998725,12,1224.2424242424242,731.2608455554176,11,-0.22999999999999998,6
CogMisp24_S57_576672000,25,90,10,90,576672000,0.7709437359410027,0.13364398636786023,11,0.4528301886792453,0.2211715202499444,10,1.6363636363636365,0.674199862463242,11,0,NA,1,1,0,8,327.75,216.71623975011326,8,12,11,1187.878787878788,613.9960599353726,11,0.2618181818181818,0.14464219175732795,11,0.16083874458874464,0.11453812495466432,11,437.54545454545456,197.9779602058591,11,1184.848484848485,726.5387710635861,11,0.4,0
CogMisp24_S62_588780000,27,38,62,38,588780000,0.5578449966981952,0.14695543862880683,11,0.10503144654088048,0.22387836646424378,10,1.8181818181818181,0.7507571935295483,11,0.5,0.5773502691896257,4,1,0,5,485,224.75319797502326,5,27,11,858.5858585858587,425.7771662339296,11,0.17727272727272728,0.16384998682275853,11,0.16296891996891996,0.1389718554804539,11,257.27272727272725,155.98403181677983,11,860.6060606060606,426.50209894447227,11,-0.12,2
